0 verbose cli /opt/local/bin/node /usr/local/bin/npm
1 info using npm@11.6.2
2 info using node@v22.21.1
3 silly config load:file:/usr/local/lib/node_modules/npm/npmrc
4 silly config load:file:/Users/adamcraig/.gemini/antigravity/brain/***/metro-journey-app/.npmrc
5 silly config load:file:/Users/adamcraig/.npmrc
6 silly config load:file:/Users/adamcraig/.gemini/antigravity/brain/***/metro-journey-app/etc/npmrc
7 verbose title npm install @supabase/supabase-js clsx tailwind-merge
8 verbose argv "install" "--prefix" "/Users/adamcraig/.gemini/antigravity/brain/***/metro-journey-app" "--cache" "/Users/adamcraig/.gemini/antigravity/brain/***/metro-journey-app/.npm-cache" "--legacy-peer-deps" "@supabase/supabase-js" "clsx" "tailwind-merge"
9 verbose logfile logs-max:10 dir:/Users/adamcraig/.gemini/antigravity/brain/***/metro-journey-app/.npm-cache/_logs/2026-03-09T01_04_07_851Z-
10 verbose logfile /Users/adamcraig/.gemini/antigravity/brain/***/metro-journey-app/.npm-cache/_logs/2026-03-09T01_04_07_851Z-debug-0.log
11 silly logfile done cleaning log files
12 silly packumentCache heap:4345298944 maxSize:1086324736 maxEntrySize:543162368
13 silly idealTree buildDeps
14 silly fetch manifest next@16.1.6
15 silly packumentCache full:https://registry.npmjs.org/next cache-miss
16 http fetch GET 200 https://registry.npmjs.org/npm 117ms
17 http fetch GET 200 https://registry.npmjs.org/next 343ms (cache miss)
18 silly packumentCache full:https://registry.npmjs.org/next set size:undefined disposed:false
19 silly fetch manifest react@19.2.3
20 silly packumentCache full:https://registry.npmjs.org/react cache-miss
21 http fetch GET 200 https://registry.npmjs.org/react 94ms (cache miss)
22 silly packumentCache full:https://registry.npmjs.org/react set size:undefined disposed:false
23 silly fetch manifest react-dom@19.2.3
24 silly packumentCache full:https://registry.npmjs.org/react-dom cache-miss
25 http fetch GET 200 https://registry.npmjs.org/react-dom 195ms (cache miss)
26 silly packumentCache full:https://registry.npmjs.org/react-dom set size:undefined disposed:false
27 silly fetch manifest @supabase/supabase-js@*
28 silly packumentCache full:https://registry.npmjs.org/@supabase%2fsupabase-js cache-miss
29 http fetch GET 200 https://registry.npmjs.org/@supabase%2fsupabase-js 1511ms (cache miss)
30 silly packumentCache full:https://registry.npmjs.org/@supabase%2fsupabase-js set size:undefined disposed:false
31 silly fetch manifest clsx@*
32 silly packumentCache full:https://registry.npmjs.org/clsx cache-miss
33 http fetch GET 200 https://registry.npmjs.org/clsx 26ms (cache miss)
34 silly packumentCache full:https://registry.npmjs.org/clsx set size:undefined disposed:false
35 silly fetch manifest tailwind-merge@*
36 silly packumentCache full:https://registry.npmjs.org/tailwind-merge cache-miss
37 http fetch GET 200 https://registry.npmjs.org/tailwind-merge 42ms (cache miss)
38 silly packumentCache full:https://registry.npmjs.org/tailwind-merge set size:undefined disposed:false
39 silly fetch manifest @tailwindcss/postcss@^4
40 silly packumentCache full:https://registry.npmjs.org/@tailwindcss%2fpostcss cache-miss
41 http fetch GET 200 https://registry.npmjs.org/@tailwindcss%2fpostcss 65ms (cache miss)
42 silly packumentCache full:https://registry.npmjs.org/@tailwindcss%2fpostcss set size:undefined disposed:false
43 silly fetch manifest @types/node@^20
44 silly packumentCache full:https://registry.npmjs.org/@types%2fnode cache-miss
45 http fetch GET 200 https://registry.npmjs.org/@types%2fnode 146ms (cache miss)
46 silly packumentCache full:https://registry.npmjs.org/@types%2fnode set size:undefined disposed:false
47 silly fetch manifest @types/react@^19
48 silly packumentCache full:https://registry.npmjs.org/@types%2freact cache-miss
49 http fetch GET 200 https://registry.npmjs.org/@types%2freact 53ms (cache miss)
50 silly packumentCache full:https://registry.npmjs.org/@types%2freact set size:undefined disposed:false
51 silly fetch manifest @types/react-dom@^19
52 silly packumentCache full:https://registry.npmjs.org/@types%2freact-dom cache-miss
53 http fetch GET 200 https://registry.npmjs.org/@types%2freact-dom 35ms (cache miss)
54 silly packumentCache full:https://registry.npmjs.org/@types%2freact-dom set size:undefined disposed:false
55 silly fetch manifest eslint@^9
56 silly packumentCache full:https://registry.npmjs.org/eslint cache-miss
57 http fetch GET 200 https://registry.npmjs.org/eslint 51ms (cache miss)
58 silly packumentCache full:https://registry.npmjs.org/eslint set size:undefined disposed:false
59 silly fetch manifest eslint-config-next@16.1.6
60 silly packumentCache full:https://registry.npmjs.org/eslint-config-next cache-miss
61 http fetch GET 200 https://registry.npmjs.org/eslint-config-next 96ms (cache miss)
62 silly packumentCache full:https://registry.npmjs.org/eslint-config-next set size:undefined disposed:false
63 silly fetch manifest tailwindcss@^4
64 silly packumentCache full:https://registry.npmjs.org/tailwindcss cache-miss
65 http fetch GET 200 https://registry.npmjs.org/tailwindcss 113ms (cache miss)
66 silly packumentCache full:https://registry.npmjs.org/tailwindcss set size:undefined disposed:false
67 silly fetch manifest typescript@^5
68 silly packumentCache full:https://registry.npmjs.org/typescript cache-miss
69 http fetch GET 200 https://registry.npmjs.org/typescript 178ms (cache miss)
70 silly packumentCache full:https://registry.npmjs.org/typescript set size:undefined disposed:false
71 silly placeDep ROOT @supabase/supabase-js@2.98.0 OK for: metro-journey-app@0.1.0 want: *
72 silly placeDep ROOT @tailwindcss/postcss@4.2.1 OK for: metro-journey-app@0.1.0 want: ^4
73 silly placeDep ROOT @types/node@20.19.37 OK for: metro-journey-app@0.1.0 want: ^20
74 silly placeDep ROOT @types/react@19.2.14 OK for: metro-journey-app@0.1.0 want: ^19
75 silly placeDep ROOT @types/react-dom@19.2.3 OK for: metro-journey-app@0.1.0 want: ^19
76 silly placeDep ROOT clsx@2.1.1 OK for: metro-journey-app@0.1.0 want: *
77 silly placeDep ROOT eslint@9.39.4 OK for: metro-journey-app@0.1.0 want: ^9
78 silly placeDep ROOT eslint-config-next@16.1.6 OK for: metro-journey-app@0.1.0 want: 16.1.6
79 silly placeDep ROOT next@16.1.6 OK for: metro-journey-app@0.1.0 want: 16.1.6
80 silly placeDep ROOT react@19.2.3 OK for: metro-journey-app@0.1.0 want: 19.2.3
81 silly placeDep ROOT react-dom@19.2.3 OK for: metro-journey-app@0.1.0 want: 19.2.3
82 silly placeDep ROOT tailwind-merge@3.5.0 OK for: metro-journey-app@0.1.0 want: *
83 silly placeDep ROOT tailwindcss@4.2.1 OK for: metro-journey-app@0.1.0 want: ^4
84 silly placeDep ROOT typescript@5.9.3 OK for: metro-journey-app@0.1.0 want: ^5
85 silly fetch manifest @supabase/auth-js@2.98.0
86 silly packumentCache full:https://registry.npmjs.org/@supabase%2fauth-js cache-miss
87 silly fetch manifest @supabase/storage-js@2.98.0
88 silly packumentCache full:https://registry.npmjs.org/@supabase%2fstorage-js cache-miss
89 silly fetch manifest @supabase/realtime-js@2.98.0
90 silly packumentCache full:https://registry.npmjs.org/@supabase%2frealtime-js cache-miss
91 silly fetch manifest @supabase/functions-js@2.98.0
92 silly packumentCache full:https://registry.npmjs.org/@supabase%2ffunctions-js cache-miss
93 silly fetch manifest @supabase/postgrest-js@2.98.0
94 silly packumentCache full:https://registry.npmjs.org/@supabase%2fpostgrest-js cache-miss
95 silly fetch manifest postcss@^8.5.6
96 silly packumentCache full:https://registry.npmjs.org/postcss cache-miss
97 silly fetch manifest tailwindcss@4.2.1
98 silly packumentCache full:https://registry.npmjs.org/tailwindcss cache-miss
99 silly fetch manifest @alloc/quick-lru@^5.2.0
100 silly packumentCache full:https://registry.npmjs.org/@alloc%2fquick-lru cache-miss
101 silly fetch manifest @tailwindcss/node@4.2.1
102 silly packumentCache full:https://registry.npmjs.org/@tailwindcss%2fnode cache-miss
103 silly fetch manifest @tailwindcss/oxide@4.2.1
104 silly packumentCache full:https://registry.npmjs.org/@tailwindcss%2foxide cache-miss
105 silly fetch manifest undici-types@~6.21.0
106 silly packumentCache full:https://registry.npmjs.org/undici-types cache-miss
107 http cache https://registry.npmjs.org/tailwindcss 55ms (cache hit)
108 silly packumentCache full:https://registry.npmjs.org/tailwindcss set size:10231515 disposed:false
109 silly fetch manifest csstype@^3.2.2
110 silly packumentCache full:https://registry.npmjs.org/csstype cache-miss
111 http fetch GET 200 https://registry.npmjs.org/postcss 160ms (cache miss)
112 silly packumentCache full:https://registry.npmjs.org/postcss set size:undefined disposed:false
113 silly fetch manifest ajv@^6.14.0
114 silly packumentCache full:https://registry.npmjs.org/ajv cache-miss
115 http fetch GET 200 https://registry.npmjs.org/undici-types 176ms (cache miss)
116 silly packumentCache full:https://registry.npmjs.org/undici-types set size:undefined disposed:false
117 silly fetch manifest chalk@^4.0.0
118 silly packumentCache full:https://registry.npmjs.org/chalk cache-miss
119 http fetch GET 200 https://registry.npmjs.org/@alloc%2fquick-lru 191ms (cache miss)
120 silly packumentCache full:https://registry.npmjs.org/@alloc%2fquick-lru set size:undefined disposed:false
121 silly fetch manifest debug@^4.3.2
122 silly packumentCache full:https://registry.npmjs.org/debug cache-miss
123 http fetch GET 200 https://registry.npmjs.org/csstype 59ms (cache miss)
124 silly packumentCache full:https://registry.npmjs.org/csstype set size:undefined disposed:false
125 silly fetch manifest espree@^10.4.0
126 silly packumentCache full:https://registry.npmjs.org/espree cache-miss
127 http fetch GET 200 https://registry.npmjs.org/chalk 41ms (cache miss)
128 silly packumentCache full:https://registry.npmjs.org/chalk set size:undefined disposed:false
129 silly fetch manifest ignore@^5.2.0
130 silly packumentCache full:https://registry.npmjs.org/ignore cache-miss
131 http fetch GET 200 https://registry.npmjs.org/debug 44ms (cache miss)
132 silly packumentCache full:https://registry.npmjs.org/debug set size:undefined disposed:false
133 silly fetch manifest esquery@^1.5.0
134 silly packumentCache full:https://registry.npmjs.org/esquery cache-miss
135 http fetch GET 200 https://registry.npmjs.org/@tailwindcss%2fnode 248ms (cache miss)
136 silly packumentCache full:https://registry.npmjs.org/@tailwindcss%2fnode set size:undefined disposed:false
137 silly fetch manifest esutils@^2.0.2
138 silly packumentCache full:https://registry.npmjs.org/esutils cache-miss
139 http fetch GET 200 https://registry.npmjs.org/ajv 104ms (cache miss)
140 silly packumentCache full:https://registry.npmjs.org/ajv set size:undefined disposed:false
141 silly fetch manifest find-up@^5.0.0
142 silly packumentCache full:https://registry.npmjs.org/find-up cache-miss
143 http fetch GET 200 https://registry.npmjs.org/esquery 41ms (cache miss)
144 silly packumentCache full:https://registry.npmjs.org/esquery set size:undefined disposed:false
145 silly fetch manifest is-glob@^4.0.0
146 silly packumentCache full:https://registry.npmjs.org/is-glob cache-miss
147 http fetch GET 200 https://registry.npmjs.org/ignore 60ms (cache miss)
148 silly packumentCache full:https://registry.npmjs.org/ignore set size:undefined disposed:false
149 silly fetch manifest minimatch@^3.1.5
150 silly packumentCache full:https://registry.npmjs.org/minimatch cache-miss
151 http fetch GET 200 https://registry.npmjs.org/esutils 34ms (cache miss)
152 silly packumentCache full:https://registry.npmjs.org/esutils set size:undefined disposed:false
153 silly fetch manifest @eslint/js@9.39.4
154 silly packumentCache full:https://registry.npmjs.org/@eslint%2fjs cache-miss
155 http fetch GET 200 https://registry.npmjs.org/@supabase%2fauth-js 308ms (cache miss)
156 silly packumentCache full:https://registry.npmjs.org/@supabase%2fauth-js set size:undefined disposed:false
157 silly fetch manifest optionator@^0.9.3
158 silly packumentCache full:https://registry.npmjs.org/optionator cache-miss
159 http fetch GET 200 https://registry.npmjs.org/find-up 44ms (cache miss)
160 silly packumentCache full:https://registry.npmjs.org/find-up set size:undefined disposed:false
161 silly fetch manifest cross-spawn@^7.0.6
162 silly packumentCache full:https://registry.npmjs.org/cross-spawn cache-miss
163 http fetch GET 200 https://registry.npmjs.org/is-glob 45ms (cache miss)
164 silly packumentCache full:https://registry.npmjs.org/is-glob set size:undefined disposed:false
165 silly fetch manifest glob-parent@^6.0.2
166 silly packumentCache full:https://registry.npmjs.org/glob-parent cache-miss
167 http fetch GET 200 https://registry.npmjs.org/@tailwindcss%2foxide 326ms (cache miss)
168 silly packumentCache full:https://registry.npmjs.org/@tailwindcss%2foxide set size:undefined disposed:false
169 silly fetch manifest imurmurhash@^0.1.4
170 silly packumentCache full:https://registry.npmjs.org/imurmurhash cache-miss
171 http fetch GET 200 https://registry.npmjs.org/minimatch 73ms (cache miss)
172 silly packumentCache full:https://registry.npmjs.org/minimatch set size:undefined disposed:false
173 silly fetch manifest @eslint/core@^0.17.0
174 silly packumentCache full:https://registry.npmjs.org/@eslint%2fcore cache-miss
175 http fetch GET 200 https://registry.npmjs.org/optionator 53ms (cache miss)
176 silly packumentCache full:https://registry.npmjs.org/optionator set size:undefined disposed:false
177 silly fetch manifest eslint-scope@^8.4.0
178 silly packumentCache full:https://registry.npmjs.org/eslint-scope cache-miss
179 http fetch GET 200 https://registry.npmjs.org/cross-spawn 43ms (cache miss)
180 silly packumentCache full:https://registry.npmjs.org/cross-spawn set size:undefined disposed:false
181 silly fetch manifest lodash.merge@^4.6.2
182 silly packumentCache full:https://registry.npmjs.org/lodash.merge cache-miss
183 http fetch GET 200 https://registry.npmjs.org/@eslint%2fjs 78ms (cache miss)
184 silly packumentCache full:https://registry.npmjs.org/@eslint%2fjs set size:undefined disposed:false
185 silly fetch manifest @humanfs/node@^0.16.6
186 silly packumentCache full:https://registry.npmjs.org/@humanfs%2fnode cache-miss
187 http fetch GET 200 https://registry.npmjs.org/glob-parent 52ms (cache miss)
188 silly packumentCache full:https://registry.npmjs.org/glob-parent set size:undefined disposed:false
189 silly fetch manifest @types/estree@^1.0.6
190 silly packumentCache full:https://registry.npmjs.org/@types%2festree cache-miss
191 http fetch GET 200 https://registry.npmjs.org/imurmurhash 40ms (cache miss)
192 silly packumentCache full:https://registry.npmjs.org/imurmurhash set size:undefined disposed:false
193 silly fetch manifest fast-deep-equal@^3.1.3
194 silly packumentCache full:https://registry.npmjs.org/fast-deep-equal cache-miss
195 http fetch GET 200 https://registry.npmjs.org/@supabase%2frealtime-js 397ms (cache miss)
196 silly packumentCache full:https://registry.npmjs.org/@supabase%2frealtime-js set size:undefined disposed:false
197 silly fetch manifest natural-compare@^1.4.0
198 silly packumentCache full:https://registry.npmjs.org/natural-compare cache-miss
199 http fetch GET 200 https://registry.npmjs.org/lodash.merge 44ms (cache miss)
200 silly packumentCache full:https://registry.npmjs.org/lodash.merge set size:undefined disposed:false
201 silly fetch manifest @eslint/eslintrc@^3.3.5
202 silly packumentCache full:https://registry.npmjs.org/@eslint%2feslintrc cache-miss
203 http fetch GET 200 https://registry.npmjs.org/@eslint%2fcore 52ms (cache miss)
204 silly packumentCache full:https://registry.npmjs.org/@eslint%2fcore set size:undefined disposed:false
205 silly fetch manifest file-entry-cache@^8.0.0
206 silly packumentCache full:https://registry.npmjs.org/file-entry-cache cache-miss
207 http fetch GET 200 https://registry.npmjs.org/eslint-scope 52ms (cache miss)
208 silly packumentCache full:https://registry.npmjs.org/eslint-scope set size:undefined disposed:false
209 silly fetch manifest @eslint/plugin-kit@^0.4.1
210 silly packumentCache full:https://registry.npmjs.org/@eslint%2fplugin-kit cache-miss
211 http fetch GET 200 https://registry.npmjs.org/espree 221ms (cache miss)
212 silly packumentCache full:https://registry.npmjs.org/espree set size:undefined disposed:false
213 silly fetch manifest eslint-visitor-keys@^4.2.1
214 silly packumentCache full:https://registry.npmjs.org/eslint-visitor-keys cache-miss
215 http fetch GET 200 https://registry.npmjs.org/@types%2festree 47ms (cache miss)
216 silly packumentCache full:https://registry.npmjs.org/@types%2festree set size:undefined disposed:false
217 silly fetch manifest @eslint/config-array@^0.21.2
218 silly packumentCache full:https://registry.npmjs.org/@eslint%2fconfig-array cache-miss
219 http fetch GET 200 https://registry.npmjs.org/fast-deep-equal 41ms (cache miss)
220 silly packumentCache full:https://registry.npmjs.org/fast-deep-equal set size:undefined disposed:false
221 silly fetch manifest @humanwhocodes/retry@^0.4.2
222 silly packumentCache full:https://registry.npmjs.org/@humanwhocodes%2fretry cache-miss
223 http fetch GET 200 https://registry.npmjs.org/natural-compare 36ms (cache miss)
224 silly packumentCache full:https://registry.npmjs.org/natural-compare set size:undefined disposed:false
225 silly fetch manifest escape-string-regexp@^4.0.0
226 silly packumentCache full:https://registry.npmjs.org/escape-string-regexp cache-miss
227 http fetch GET 200 https://registry.npmjs.org/file-entry-cache 32ms (cache miss)
228 silly packumentCache full:https://registry.npmjs.org/file-entry-cache set size:undefined disposed:false
229 silly fetch manifest @eslint/config-helpers@^0.4.2
230 silly packumentCache full:https://registry.npmjs.org/@eslint%2fconfig-helpers cache-miss
231 http fetch GET 200 https://registry.npmjs.org/eslint-visitor-keys 30ms (cache miss)
232 silly packumentCache full:https://registry.npmjs.org/eslint-visitor-keys set size:undefined disposed:false
233 silly fetch manifest @eslint-community/regexpp@^4.12.1
234 silly packumentCache full:https://registry.npmjs.org/@eslint-community%2fregexpp cache-miss
235 http fetch GET 200 https://registry.npmjs.org/@eslint%2feslintrc 46ms (cache miss)
236 silly packumentCache full:https://registry.npmjs.org/@eslint%2feslintrc set size:undefined disposed:false
237 silly fetch manifest @eslint-community/eslint-utils@^4.8.0
238 silly packumentCache full:https://registry.npmjs.org/@eslint-community%2feslint-utils cache-miss
239 http fetch GET 200 https://registry.npmjs.org/@eslint%2fplugin-kit 45ms (cache miss)
240 silly packumentCache full:https://registry.npmjs.org/@eslint%2fplugin-kit set size:undefined disposed:false
241 silly fetch manifest @humanwhocodes/module-importer@^1.0.1
242 silly packumentCache full:https://registry.npmjs.org/@humanwhocodes%2fmodule-importer cache-miss
243 http fetch GET 200 https://registry.npmjs.org/@eslint%2fconfig-array 40ms (cache miss)
244 silly packumentCache full:https://registry.npmjs.org/@eslint%2fconfig-array set size:undefined disposed:false
245 silly fetch manifest json-stable-stringify-without-jsonify@^1.0.1
246 silly packumentCache full:https://registry.npmjs.org/json-stable-stringify-without-jsonify cache-miss
247 http fetch GET 200 https://registry.npmjs.org/escape-string-regexp 33ms (cache miss)
248 silly packumentCache full:https://registry.npmjs.org/escape-string-regexp set size:undefined disposed:false
249 silly fetch manifest globals@16.4.0
250 silly packumentCache full:https://registry.npmjs.org/globals cache-miss
251 http fetch GET 200 https://registry.npmjs.org/@humanwhocodes%2fretry 47ms (cache miss)
252 silly packumentCache full:https://registry.npmjs.org/@humanwhocodes%2fretry set size:undefined disposed:false
253 silly fetch manifest typescript-eslint@^8.46.0
254 silly packumentCache full:https://registry.npmjs.org/typescript-eslint cache-miss
255 http fetch GET 200 https://registry.npmjs.org/json-stable-stringify-without-jsonify 23ms (cache miss)
256 silly packumentCache full:https://registry.npmjs.org/json-stable-stringify-without-jsonify set size:undefined disposed:false
257 silly fetch manifest eslint-plugin-react@^7.37.0
258 silly packumentCache full:https://registry.npmjs.org/eslint-plugin-react cache-miss
259 http fetch GET 200 https://registry.npmjs.org/@eslint-community%2feslint-utils 37ms (cache miss)
260 silly packumentCache full:https://registry.npmjs.org/@eslint-community%2feslint-utils set size:undefined disposed:false
261 silly fetch manifest eslint-plugin-import@^2.32.0
262 silly packumentCache full:https://registry.npmjs.org/eslint-plugin-import cache-miss
263 http fetch GET 200 https://registry.npmjs.org/@eslint%2fconfig-helpers 53ms (cache miss)
264 silly packumentCache full:https://registry.npmjs.org/@eslint%2fconfig-helpers set size:undefined disposed:false
265 silly fetch manifest eslint-plugin-jsx-a11y@^6.10.0
266 silly packumentCache full:https://registry.npmjs.org/eslint-plugin-jsx-a11y cache-miss
267 http fetch GET 200 https://registry.npmjs.org/@humanwhocodes%2fmodule-importer 41ms (cache miss)
268 silly packumentCache full:https://registry.npmjs.org/@humanwhocodes%2fmodule-importer set size:undefined disposed:false
269 silly fetch manifest @next/eslint-plugin-next@16.1.6
270 silly packumentCache full:https://registry.npmjs.org/@next%2feslint-plugin-next cache-miss
271 http fetch GET 200 https://registry.npmjs.org/@eslint-community%2fregexpp 54ms (cache miss)
272 silly packumentCache full:https://registry.npmjs.org/@eslint-community%2fregexpp set size:undefined disposed:false
273 silly fetch manifest eslint-plugin-react-hooks@^7.0.0
274 silly packumentCache full:https://registry.npmjs.org/eslint-plugin-react-hooks cache-miss
275 http fetch GET 200 https://registry.npmjs.org/globals 51ms (cache miss)
276 silly packumentCache full:https://registry.npmjs.org/globals set size:undefined disposed:false
277 silly fetch manifest eslint-import-resolver-node@^0.3.6
278 silly packumentCache full:https://registry.npmjs.org/eslint-import-resolver-node cache-miss
279 http fetch GET 200 https://registry.npmjs.org/eslint-plugin-jsx-a11y 48ms (cache miss)
280 silly packumentCache full:https://registry.npmjs.org/eslint-plugin-jsx-a11y set size:undefined disposed:false
281 silly fetch manifest eslint-import-resolver-typescript@^3.5.2
282 silly packumentCache full:https://registry.npmjs.org/eslint-import-resolver-typescript cache-miss
283 http fetch GET 200 https://registry.npmjs.org/eslint-plugin-import 63ms (cache miss)
284 silly packumentCache full:https://registry.npmjs.org/eslint-plugin-import set size:undefined disposed:false
285 silly fetch manifest postcss@8.4.31
286 silly packumentCache full:https://registry.npmjs.org/postcss cache-miss
287 http fetch GET 200 https://registry.npmjs.org/eslint-import-resolver-node 53ms (cache miss)
288 silly packumentCache full:https://registry.npmjs.org/eslint-import-resolver-node set size:undefined disposed:false
289 silly fetch manifest @next/env@16.1.6
290 silly packumentCache full:https://registry.npmjs.org/@next%2fenv cache-miss
291 http cache https://registry.npmjs.org/postcss 17ms (cache hit)
292 silly packumentCache full:https://registry.npmjs.org/postcss set size:702266 disposed:false
293 silly fetch manifest styled-jsx@5.1.6
294 silly packumentCache full:https://registry.npmjs.org/styled-jsx cache-miss
295 http fetch GET 200 https://registry.npmjs.org/@humanfs%2fnode 225ms (cache miss)
296 silly packumentCache full:https://registry.npmjs.org/@humanfs%2fnode set size:undefined disposed:false
297 silly fetch manifest @swc/helpers@0.5.15
298 silly packumentCache full:https://registry.npmjs.org/@swc%2fhelpers cache-miss
299 http fetch GET 200 https://registry.npmjs.org/eslint-plugin-react 109ms (cache miss)
300 silly packumentCache full:https://registry.npmjs.org/eslint-plugin-react set size:undefined disposed:false
301 silly fetch manifest caniuse-lite@^1.0.30001579
302 silly packumentCache full:https://registry.npmjs.org/caniuse-lite cache-miss
303 http fetch GET 200 https://registry.npmjs.org/@supabase%2fpostgrest-js 615ms (cache miss)
304 silly packumentCache full:https://registry.npmjs.org/@supabase%2fpostgrest-js set size:undefined disposed:false
305 silly fetch manifest baseline-browser-mapping@^2.8.3
306 silly packumentCache full:https://registry.npmjs.org/baseline-browser-mapping cache-miss
307 http fetch GET 200 https://registry.npmjs.org/eslint-import-resolver-typescript 94ms (cache miss)
308 silly packumentCache full:https://registry.npmjs.org/eslint-import-resolver-typescript set size:undefined disposed:false
309 silly fetch manifest sharp@^0.34.4
310 silly packumentCache full:https://registry.npmjs.org/sharp cache-miss
311 http fetch GET 200 https://registry.npmjs.org/styled-jsx 75ms (cache miss)
312 silly packumentCache full:https://registry.npmjs.org/styled-jsx set size:undefined disposed:false
313 silly fetch manifest @next/swc-darwin-x64@16.1.6
314 silly packumentCache full:https://registry.npmjs.org/@next%2fswc-darwin-x64 cache-miss
315 http fetch GET 200 https://registry.npmjs.org/baseline-browser-mapping 67ms (cache miss)
316 silly packumentCache full:https://registry.npmjs.org/baseline-browser-mapping set size:undefined disposed:false
317 silly fetch manifest @next/swc-darwin-arm64@16.1.6
318 silly packumentCache full:https://registry.npmjs.org/@next%2fswc-darwin-arm64 cache-miss
319 http fetch GET 200 https://registry.npmjs.org/@swc%2fhelpers 100ms (cache miss)
320 silly packumentCache full:https://registry.npmjs.org/@swc%2fhelpers set size:undefined disposed:false
321 silly fetch manifest @next/swc-linux-x64-gnu@16.1.6
322 silly packumentCache full:https://registry.npmjs.org/@next%2fswc-linux-x64-gnu cache-miss
323 http fetch GET 200 https://registry.npmjs.org/typescript-eslint 231ms (cache miss)
324 silly packumentCache full:https://registry.npmjs.org/typescript-eslint set size:undefined disposed:false
325 silly fetch manifest @next/swc-linux-x64-musl@16.1.6
326 silly packumentCache full:https://registry.npmjs.org/@next%2fswc-linux-x64-musl cache-miss
327 http fetch GET 200 https://registry.npmjs.org/sharp 120ms (cache miss)
328 silly packumentCache full:https://registry.npmjs.org/sharp set size:undefined disposed:false
329 silly fetch manifest @next/swc-win32-x64-msvc@16.1.6
330 silly packumentCache full:https://registry.npmjs.org/@next%2fswc-win32-x64-msvc cache-miss
331 http fetch GET 200 https://registry.npmjs.org/caniuse-lite 217ms (cache miss)
332 silly packumentCache full:https://registry.npmjs.org/caniuse-lite set size:undefined disposed:false
333 silly fetch manifest @next/swc-linux-arm64-gnu@16.1.6
334 silly packumentCache full:https://registry.npmjs.org/@next%2fswc-linux-arm64-gnu cache-miss
335 http fetch GET 200 https://registry.npmjs.org/@next%2feslint-plugin-next 466ms (cache miss)
336 silly packumentCache full:https://registry.npmjs.org/@next%2feslint-plugin-next set size:undefined disposed:false
337 silly fetch manifest @next/swc-linux-arm64-musl@16.1.6
338 silly packumentCache full:https://registry.npmjs.org/@next%2fswc-linux-arm64-musl cache-miss
339 http fetch GET 200 https://registry.npmjs.org/eslint-plugin-react-hooks 508ms (cache miss)
340 silly packumentCache full:https://registry.npmjs.org/eslint-plugin-react-hooks set size:undefined disposed:false
341 silly fetch manifest @next/swc-win32-arm64-msvc@16.1.6
342 silly packumentCache full:https://registry.npmjs.org/@next%2fswc-win32-arm64-msvc cache-miss
343 http fetch GET 200 https://registry.npmjs.org/@next%2fswc-darwin-x64 408ms (cache miss)
344 silly packumentCache full:https://registry.npmjs.org/@next%2fswc-darwin-x64 set size:undefined disposed:false
345 silly fetch manifest scheduler@^0.27.0
346 silly packumentCache full:https://registry.npmjs.org/scheduler cache-miss
347 http fetch GET 200 https://registry.npmjs.org/@next%2fswc-darwin-arm64 440ms (cache miss)
348 silly packumentCache full:https://registry.npmjs.org/@next%2fswc-darwin-arm64 set size:undefined disposed:false
349 http fetch GET 200 https://registry.npmjs.org/@next%2fswc-linux-x64-gnu 462ms (cache miss)
350 silly packumentCache full:https://registry.npmjs.org/@next%2fswc-linux-x64-gnu set size:undefined disposed:false
351 http fetch GET 200 https://registry.npmjs.org/@next%2fenv 624ms (cache miss)
352 silly packumentCache full:https://registry.npmjs.org/@next%2fenv set size:undefined disposed:false
353 http fetch GET 200 https://registry.npmjs.org/@next%2fswc-linux-x64-musl 521ms (cache miss)
354 silly packumentCache full:https://registry.npmjs.org/@next%2fswc-linux-x64-musl set size:undefined disposed:false
355 http fetch GET 200 https://registry.npmjs.org/@supabase%2ffunctions-js 1310ms (cache miss)
356 silly packumentCache full:https://registry.npmjs.org/@supabase%2ffunctions-js set size:undefined disposed:false
357 http fetch GET 200 https://registry.npmjs.org/@next%2fswc-win32-x64-msvc 542ms (cache miss)
358 silly packumentCache full:https://registry.npmjs.org/@next%2fswc-win32-x64-msvc set size:undefined disposed:false
359 http fetch GET 200 https://registry.npmjs.org/@supabase%2fstorage-js 1360ms (cache miss)
360 silly packumentCache full:https://registry.npmjs.org/@supabase%2fstorage-js set size:undefined disposed:false
361 http fetch GET 200 https://registry.npmjs.org/@next%2fswc-linux-arm64-gnu 575ms (cache miss)
362 silly packumentCache full:https://registry.npmjs.org/@next%2fswc-linux-arm64-gnu set size:undefined disposed:false
363 http fetch GET 200 https://registry.npmjs.org/@next%2fswc-linux-arm64-musl 442ms (cache miss)
364 silly packumentCache full:https://registry.npmjs.org/@next%2fswc-linux-arm64-musl set size:undefined disposed:false
365 http fetch GET 200 https://registry.npmjs.org/scheduler 374ms (cache miss)
366 silly packumentCache full:https://registry.npmjs.org/scheduler set size:undefined disposed:false
367 http fetch GET 200 https://registry.npmjs.org/@next%2fswc-win32-arm64-msvc 497ms (cache miss)
368 silly packumentCache full:https://registry.npmjs.org/@next%2fswc-win32-arm64-msvc set size:undefined disposed:false
369 silly placeDep ROOT @supabase/auth-js@2.98.0 OK for: @supabase/supabase-js@2.98.0 want: 2.98.0
370 silly placeDep ROOT @supabase/functions-js@2.98.0 OK for: @supabase/supabase-js@2.98.0 want: 2.98.0
371 silly placeDep ROOT @supabase/postgrest-js@2.98.0 OK for: @supabase/supabase-js@2.98.0 want: 2.98.0
372 silly placeDep ROOT @supabase/realtime-js@2.98.0 OK for: @supabase/supabase-js@2.98.0 want: 2.98.0
373 silly placeDep ROOT @supabase/storage-js@2.98.0 OK for: @supabase/supabase-js@2.98.0 want: 2.98.0
374 silly fetch manifest tslib@2.8.1
375 silly packumentCache full:https://registry.npmjs.org/tslib cache-miss
376 silly fetch manifest tslib@2.8.1
377 silly packumentCache full:https://registry.npmjs.org/tslib cache-miss
378 silly fetch manifest tslib@2.8.1
379 silly packumentCache full:https://registry.npmjs.org/tslib cache-miss
380 silly fetch manifest ws@^8.18.2
381 silly packumentCache full:https://registry.npmjs.org/ws cache-miss
382 silly fetch manifest tslib@2.8.1
383 silly packumentCache full:https://registry.npmjs.org/tslib cache-miss
384 silly fetch manifest @types/ws@^8.18.1
385 silly packumentCache full:https://registry.npmjs.org/@types%2fws cache-miss
386 silly fetch manifest @types/phoenix@^1.6.6
387 silly packumentCache full:https://registry.npmjs.org/@types%2fphoenix cache-miss
388 silly fetch manifest tslib@2.8.1
389 silly packumentCache full:https://registry.npmjs.org/tslib cache-miss
390 silly fetch manifest iceberg-js@^0.8.1
391 silly packumentCache full:https://registry.npmjs.org/iceberg-js cache-miss
392 http fetch GET 200 https://registry.npmjs.org/tslib 38ms (cache miss)
393 silly packumentCache full:https://registry.npmjs.org/tslib set size:undefined disposed:false
394 http fetch GET 200 https://registry.npmjs.org/tslib 40ms (cache miss)
395 silly packumentCache full:https://registry.npmjs.org/tslib set size:undefined disposed:false
396 http fetch GET 200 https://registry.npmjs.org/tslib 45ms (cache miss)
397 silly packumentCache full:https://registry.npmjs.org/tslib set size:undefined disposed:false
398 http fetch GET 200 https://registry.npmjs.org/ws 50ms (cache miss)
399 silly packumentCache full:https://registry.npmjs.org/ws set size:undefined disposed:false
400 http fetch GET 200 https://registry.npmjs.org/tslib 55ms (cache miss)
401 silly packumentCache full:https://registry.npmjs.org/tslib set size:undefined disposed:false
402 http fetch GET 200 https://registry.npmjs.org/tslib 54ms (cache miss)
403 silly packumentCache full:https://registry.npmjs.org/tslib set size:undefined disposed:false
404 http fetch GET 200 https://registry.npmjs.org/@types%2fphoenix 55ms (cache miss)
405 silly packumentCache full:https://registry.npmjs.org/@types%2fphoenix set size:undefined disposed:false
406 http fetch GET 200 https://registry.npmjs.org/@types%2fws 58ms (cache miss)
407 silly packumentCache full:https://registry.npmjs.org/@types%2fws set size:undefined disposed:false
408 http fetch GET 200 https://registry.npmjs.org/iceberg-js 198ms (cache miss)
409 silly packumentCache full:https://registry.npmjs.org/iceberg-js set size:undefined disposed:false
410 silly placeDep ROOT tslib@2.8.1 OK for: @supabase/auth-js@2.98.0 want: 2.8.1
411 silly placeDep ROOT @types/phoenix@1.6.7 OK for: @supabase/realtime-js@2.98.0 want: ^1.6.6
412 silly placeDep ROOT @types/ws@8.18.1 OK for: @supabase/realtime-js@2.98.0 want: ^8.18.1
413 silly placeDep ROOT ws@8.19.0 OK for: @supabase/realtime-js@2.98.0 want: ^8.18.2
414 silly placeDep ROOT iceberg-js@0.8.1 OK for: @supabase/storage-js@2.98.0 want: ^0.8.1
415 silly placeDep ROOT @alloc/quick-lru@5.2.0 OK for: @tailwindcss/postcss@4.2.1 want: ^5.2.0
416 silly placeDep ROOT @tailwindcss/node@4.2.1 OK for: @tailwindcss/postcss@4.2.1 want: 4.2.1
417 silly placeDep ROOT @tailwindcss/oxide@4.2.1 OK for: @tailwindcss/postcss@4.2.1 want: 4.2.1
418 silly placeDep ROOT postcss@8.5.8 OK for: @tailwindcss/postcss@4.2.1 want: ^8.5.6
419 silly fetch manifest jiti@^2.6.1
420 silly packumentCache full:https://registry.npmjs.org/jiti cache-miss
421 silly fetch manifest lightningcss@1.31.1
422 silly packumentCache full:https://registry.npmjs.org/lightningcss cache-miss
423 silly fetch manifest magic-string@^0.30.21
424 silly packumentCache full:https://registry.npmjs.org/magic-string cache-miss
425 silly fetch manifest source-map-js@^1.2.1
426 silly packumentCache full:https://registry.npmjs.org/source-map-js cache-miss
427 silly fetch manifest enhanced-resolve@^5.19.0
428 silly packumentCache full:https://registry.npmjs.org/enhanced-resolve cache-miss
429 silly fetch manifest @jridgewell/remapping@^2.3.5
430 silly packumentCache full:https://registry.npmjs.org/@jridgewell%2fremapping cache-miss
431 silly fetch manifest @tailwindcss/oxide-darwin-x64@4.2.1
432 silly packumentCache full:https://registry.npmjs.org/@tailwindcss%2foxide-darwin-x64 cache-miss
433 silly fetch manifest @tailwindcss/oxide-freebsd-x64@4.2.1
434 silly packumentCache full:https://registry.npmjs.org/@tailwindcss%2foxide-freebsd-x64 cache-miss
435 silly fetch manifest @tailwindcss/oxide-wasm32-wasi@4.2.1
436 silly packumentCache full:https://registry.npmjs.org/@tailwindcss%2foxide-wasm32-wasi cache-miss
437 silly fetch manifest @tailwindcss/oxide-darwin-arm64@4.2.1
438 silly packumentCache full:https://registry.npmjs.org/@tailwindcss%2foxide-darwin-arm64 cache-miss
439 silly fetch manifest @tailwindcss/oxide-android-arm64@4.2.1
440 silly packumentCache full:https://registry.npmjs.org/@tailwindcss%2foxide-android-arm64 cache-miss
441 http fetch GET 200 https://registry.npmjs.org/source-map-js 41ms (cache miss)
442 silly packumentCache full:https://registry.npmjs.org/source-map-js set size:undefined disposed:false
443 silly fetch manifest @tailwindcss/oxide-linux-x64-gnu@4.2.1
444 silly packumentCache full:https://registry.npmjs.org/@tailwindcss%2foxide-linux-x64-gnu cache-miss
445 http fetch GET 200 https://registry.npmjs.org/lightningcss 48ms (cache miss)
446 silly packumentCache full:https://registry.npmjs.org/lightningcss set size:undefined disposed:false
447 silly fetch manifest @tailwindcss/oxide-linux-x64-musl@4.2.1
448 silly packumentCache full:https://registry.npmjs.org/@tailwindcss%2foxide-linux-x64-musl cache-miss
449 http fetch GET 200 https://registry.npmjs.org/magic-string 54ms (cache miss)
450 silly packumentCache full:https://registry.npmjs.org/magic-string set size:undefined disposed:false
451 silly fetch manifest @tailwindcss/oxide-win32-x64-msvc@4.2.1
452 silly packumentCache full:https://registry.npmjs.org/@tailwindcss%2foxide-win32-x64-msvc cache-miss
453 http fetch GET 200 https://registry.npmjs.org/enhanced-resolve 61ms (cache miss)
454 silly packumentCache full:https://registry.npmjs.org/enhanced-resolve set size:undefined disposed:false
455 silly fetch manifest @tailwindcss/oxide-linux-arm64-gnu@4.2.1
456 silly packumentCache full:https://registry.npmjs.org/@tailwindcss%2foxide-linux-arm64-gnu cache-miss
457 http fetch GET 200 https://registry.npmjs.org/jiti 65ms (cache miss)
458 silly packumentCache full:https://registry.npmjs.org/jiti set size:undefined disposed:false
459 silly fetch manifest @tailwindcss/oxide-linux-arm64-musl@4.2.1
460 silly packumentCache full:https://registry.npmjs.org/@tailwindcss%2foxide-linux-arm64-musl cache-miss
461 http fetch GET 200 https://registry.npmjs.org/@jridgewell%2fremapping 72ms (cache miss)
462 silly packumentCache full:https://registry.npmjs.org/@jridgewell%2fremapping set size:undefined disposed:false
463 silly fetch manifest @tailwindcss/oxide-win32-arm64-msvc@4.2.1
464 silly packumentCache full:https://registry.npmjs.org/@tailwindcss%2foxide-win32-arm64-msvc cache-miss
465 http fetch GET 200 https://registry.npmjs.org/@tailwindcss%2foxide-wasm32-wasi 106ms (cache miss)
466 silly packumentCache full:https://registry.npmjs.org/@tailwindcss%2foxide-wasm32-wasi set size:undefined disposed:false
467 silly fetch manifest @tailwindcss/oxide-linux-arm-gnueabihf@4.2.1
468 silly packumentCache full:https://registry.npmjs.org/@tailwindcss%2foxide-linux-arm-gnueabihf cache-miss
469 http fetch GET 200 https://registry.npmjs.org/@tailwindcss%2foxide-freebsd-x64 150ms (cache miss)
470 silly packumentCache full:https://registry.npmjs.org/@tailwindcss%2foxide-freebsd-x64 set size:undefined disposed:false
471 silly fetch manifest nanoid@^3.3.11
472 silly packumentCache full:https://registry.npmjs.org/nanoid cache-miss
473 http fetch GET 200 https://registry.npmjs.org/@tailwindcss%2foxide-darwin-x64 164ms (cache miss)
474 silly packumentCache full:https://registry.npmjs.org/@tailwindcss%2foxide-darwin-x64 set size:undefined disposed:false
475 silly fetch manifest picocolors@^1.1.1
476 silly packumentCache full:https://registry.npmjs.org/picocolors cache-miss
477 http fetch GET 200 https://registry.npmjs.org/@tailwindcss%2foxide-linux-x64-gnu 157ms (cache miss)
478 silly packumentCache full:https://registry.npmjs.org/@tailwindcss%2foxide-linux-x64-gnu set size:undefined disposed:false
479 http fetch GET 200 https://registry.npmjs.org/@tailwindcss%2foxide-linux-x64-musl 177ms (cache miss)
480 silly packumentCache full:https://registry.npmjs.org/@tailwindcss%2foxide-linux-x64-musl set size:undefined disposed:false
481 http fetch GET 200 https://registry.npmjs.org/@tailwindcss%2foxide-win32-x64-msvc 189ms (cache miss)
482 silly packumentCache full:https://registry.npmjs.org/@tailwindcss%2foxide-win32-x64-msvc set size:undefined disposed:false
483 http fetch GET 200 https://registry.npmjs.org/picocolors 87ms (cache miss)
484 silly packumentCache full:https://registry.npmjs.org/picocolors set size:undefined disposed:false
485 http fetch GET 200 https://registry.npmjs.org/nanoid 110ms (cache miss)
486 silly packumentCache full:https://registry.npmjs.org/nanoid set size:undefined disposed:false
487 http fetch GET 200 https://registry.npmjs.org/@tailwindcss%2foxide-linux-arm64-musl 209ms (cache miss)
488 silly packumentCache full:https://registry.npmjs.org/@tailwindcss%2foxide-linux-arm64-musl set size:undefined disposed:false
489 http fetch GET 200 https://registry.npmjs.org/@tailwindcss%2foxide-android-arm64 333ms (cache miss)
490 silly packumentCache full:https://registry.npmjs.org/@tailwindcss%2foxide-android-arm64 set size:undefined disposed:false
491 http fetch GET 200 https://registry.npmjs.org/@tailwindcss%2foxide-win32-arm64-msvc 278ms (cache miss)
492 silly packumentCache full:https://registry.npmjs.org/@tailwindcss%2foxide-win32-arm64-msvc set size:undefined disposed:false
493 http fetch GET 200 https://registry.npmjs.org/@tailwindcss%2foxide-linux-arm64-gnu 304ms (cache miss)
494 silly packumentCache full:https://registry.npmjs.org/@tailwindcss%2foxide-linux-arm64-gnu set size:undefined disposed:false
495 http fetch GET 200 https://registry.npmjs.org/@tailwindcss%2foxide-darwin-arm64 381ms (cache miss)
496 silly packumentCache full:https://registry.npmjs.org/@tailwindcss%2foxide-darwin-arm64 set size:undefined disposed:false
497 http fetch GET 200 https://registry.npmjs.org/@tailwindcss%2foxide-linux-arm-gnueabihf 336ms (cache miss)
498 silly packumentCache full:https://registry.npmjs.org/@tailwindcss%2foxide-linux-arm-gnueabihf set size:undefined disposed:false
499 silly placeDep ROOT @jridgewell/remapping@2.3.5 OK for: @tailwindcss/node@4.2.1 want: ^2.3.5
500 silly placeDep ROOT enhanced-resolve@5.20.0 OK for: @tailwindcss/node@4.2.1 want: ^5.19.0
501 silly placeDep ROOT jiti@2.6.1 OK for: @tailwindcss/node@4.2.1 want: ^2.6.1
502 silly placeDep ROOT lightningcss@1.31.1 OK for: @tailwindcss/node@4.2.1 want: 1.31.1
503 silly placeDep ROOT magic-string@0.30.21 OK for: @tailwindcss/node@4.2.1 want: ^0.30.21
504 silly placeDep ROOT source-map-js@1.2.1 OK for: @tailwindcss/node@4.2.1 want: ^1.2.1
505 silly fetch manifest @jridgewell/gen-mapping@^0.3.5
506 silly packumentCache full:https://registry.npmjs.org/@jridgewell%2fgen-mapping cache-miss
507 silly fetch manifest @jridgewell/trace-mapping@^0.3.24
508 silly packumentCache full:https://registry.npmjs.org/@jridgewell%2ftrace-mapping cache-miss
509 silly fetch manifest graceful-fs@^4.2.4
510 silly packumentCache full:https://registry.npmjs.org/graceful-fs cache-miss
511 silly fetch manifest tapable@^2.3.0
512 silly packumentCache full:https://registry.npmjs.org/tapable cache-miss
513 silly fetch manifest detect-libc@^2.0.3
514 silly packumentCache full:https://registry.npmjs.org/detect-libc cache-miss
515 silly fetch manifest lightningcss-darwin-x64@1.31.1
516 silly packumentCache full:https://registry.npmjs.org/lightningcss-darwin-x64 cache-miss
517 silly fetch manifest lightningcss-linux-x64-gnu@1.31.1
518 silly packumentCache full:https://registry.npmjs.org/lightningcss-linux-x64-gnu cache-miss
519 silly fetch manifest lightningcss-win32-x64-msvc@1.31.1
520 silly packumentCache full:https://registry.npmjs.org/lightningcss-win32-x64-msvc cache-miss
521 silly fetch manifest lightningcss-win32-arm64-msvc@1.31.1
522 silly packumentCache full:https://registry.npmjs.org/lightningcss-win32-arm64-msvc cache-miss
523 silly fetch manifest lightningcss-darwin-arm64@1.31.1
524 silly packumentCache full:https://registry.npmjs.org/lightningcss-darwin-arm64 cache-miss
525 silly fetch manifest lightningcss-linux-arm64-gnu@1.31.1
526 silly packumentCache full:https://registry.npmjs.org/lightningcss-linux-arm64-gnu cache-miss
527 http fetch GET 200 https://registry.npmjs.org/lightningcss-win32-arm64-msvc 45ms (cache miss)
528 silly packumentCache full:https://registry.npmjs.org/lightningcss-win32-arm64-msvc set size:undefined disposed:false
529 silly fetch manifest lightningcss-linux-arm-gnueabihf@1.31.1
530 silly packumentCache full:https://registry.npmjs.org/lightningcss-linux-arm-gnueabihf cache-miss
531 http fetch GET 200 https://registry.npmjs.org/lightningcss-darwin-x64 48ms (cache miss)
532 silly packumentCache full:https://registry.npmjs.org/lightningcss-darwin-x64 set size:undefined disposed:false
533 silly fetch manifest lightningcss-linux-arm64-musl@1.31.1
534 silly packumentCache full:https://registry.npmjs.org/lightningcss-linux-arm64-musl cache-miss
535 http fetch GET 200 https://registry.npmjs.org/detect-libc 49ms (cache miss)
536 silly packumentCache full:https://registry.npmjs.org/detect-libc set size:undefined disposed:false
537 silly fetch manifest lightningcss-linux-x64-musl@1.31.1
538 silly packumentCache full:https://registry.npmjs.org/lightningcss-linux-x64-musl cache-miss
539 http fetch GET 200 https://registry.npmjs.org/lightningcss-linux-x64-gnu 53ms (cache miss)
540 silly packumentCache full:https://registry.npmjs.org/lightningcss-linux-x64-gnu set size:undefined disposed:false
541 silly fetch manifest lightningcss-freebsd-x64@1.31.1
542 silly packumentCache full:https://registry.npmjs.org/lightningcss-freebsd-x64 cache-miss
543 http fetch GET 200 https://registry.npmjs.org/graceful-fs 55ms (cache miss)
544 silly packumentCache full:https://registry.npmjs.org/graceful-fs set size:undefined disposed:false
545 silly fetch manifest lightningcss-android-arm64@1.31.1
546 silly packumentCache full:https://registry.npmjs.org/lightningcss-android-arm64 cache-miss
547 http fetch GET 200 https://registry.npmjs.org/lightningcss-win32-x64-msvc 57ms (cache miss)
548 silly packumentCache full:https://registry.npmjs.org/lightningcss-win32-x64-msvc set size:undefined disposed:false
549 silly fetch manifest @jridgewell/sourcemap-codec@^1.5.5
550 silly packumentCache full:https://registry.npmjs.org/@jridgewell%2fsourcemap-codec cache-miss
551 http fetch GET 200 https://registry.npmjs.org/lightningcss-darwin-arm64 59ms (cache miss)
552 silly packumentCache full:https://registry.npmjs.org/lightningcss-darwin-arm64 set size:undefined disposed:false
553 http fetch GET 200 https://registry.npmjs.org/lightningcss-linux-arm64-gnu 60ms (cache miss)
554 silly packumentCache full:https://registry.npmjs.org/lightningcss-linux-arm64-gnu set size:undefined disposed:false
555 http fetch GET 200 https://registry.npmjs.org/tapable 62ms (cache miss)
556 silly packumentCache full:https://registry.npmjs.org/tapable set size:undefined disposed:false
557 http fetch GET 200 https://registry.npmjs.org/@jridgewell%2ftrace-mapping 66ms (cache miss)
558 silly packumentCache full:https://registry.npmjs.org/@jridgewell%2ftrace-mapping set size:undefined disposed:false
559 http fetch GET 200 https://registry.npmjs.org/@jridgewell%2fgen-mapping 70ms (cache miss)
560 silly packumentCache full:https://registry.npmjs.org/@jridgewell%2fgen-mapping set size:undefined disposed:false
561 http fetch GET 200 https://registry.npmjs.org/lightningcss-linux-x64-musl 25ms (cache miss)
562 silly packumentCache full:https://registry.npmjs.org/lightningcss-linux-x64-musl set size:undefined disposed:false
563 http fetch GET 200 https://registry.npmjs.org/lightningcss-freebsd-x64 28ms (cache miss)
564 silly packumentCache full:https://registry.npmjs.org/lightningcss-freebsd-x64 set size:undefined disposed:false
565 http fetch GET 200 https://registry.npmjs.org/lightningcss-linux-arm64-musl 35ms (cache miss)
566 silly packumentCache full:https://registry.npmjs.org/lightningcss-linux-arm64-musl set size:undefined disposed:false
567 http fetch GET 200 https://registry.npmjs.org/lightningcss-linux-arm-gnueabihf 37ms (cache miss)
568 silly packumentCache full:https://registry.npmjs.org/lightningcss-linux-arm-gnueabihf set size:undefined disposed:false
569 http fetch GET 200 https://registry.npmjs.org/lightningcss-android-arm64 33ms (cache miss)
570 silly packumentCache full:https://registry.npmjs.org/lightningcss-android-arm64 set size:undefined disposed:false
571 http fetch GET 200 https://registry.npmjs.org/@jridgewell%2fsourcemap-codec 62ms (cache miss)
572 silly packumentCache full:https://registry.npmjs.org/@jridgewell%2fsourcemap-codec set size:undefined disposed:false
573 silly placeDep ROOT @jridgewell/gen-mapping@0.3.13 OK for: @jridgewell/remapping@2.3.5 want: ^0.3.5
574 silly placeDep ROOT @jridgewell/trace-mapping@0.3.31 OK for: @jridgewell/remapping@2.3.5 want: ^0.3.24
575 silly fetch manifest @jridgewell/sourcemap-codec@^1.5.0
576 silly packumentCache full:https://registry.npmjs.org/@jridgewell%2fsourcemap-codec cache-miss
577 silly fetch manifest @jridgewell/resolve-uri@^3.1.0
578 silly packumentCache full:https://registry.npmjs.org/@jridgewell%2fresolve-uri cache-miss
579 silly fetch manifest @jridgewell/sourcemap-codec@^1.4.14
580 silly packumentCache full:https://registry.npmjs.org/@jridgewell%2fsourcemap-codec cache-miss
581 http cache https://registry.npmjs.org/@jridgewell%2fsourcemap-codec 6ms (cache hit)
582 silly packumentCache full:https://registry.npmjs.org/@jridgewell%2fsourcemap-codec set size:59275 disposed:false
583 http cache https://registry.npmjs.org/@jridgewell%2fsourcemap-codec 6ms (cache hit)
584 silly packumentCache full:https://registry.npmjs.org/@jridgewell%2fsourcemap-codec set size:59275 disposed:false
585 silly packumentCache full:https://registry.npmjs.org/@jridgewell%2fsourcemap-codec dispose
586 http fetch GET 200 https://registry.npmjs.org/@jridgewell%2fresolve-uri 41ms (cache miss)
587 silly packumentCache full:https://registry.npmjs.org/@jridgewell%2fresolve-uri set size:undefined disposed:false
588 silly placeDep ROOT @jridgewell/sourcemap-codec@1.5.5 OK for: @jridgewell/gen-mapping@0.3.13 want: ^1.5.0
589 silly placeDep ROOT @jridgewell/resolve-uri@3.1.2 OK for: @jridgewell/trace-mapping@0.3.31 want: ^3.1.0
590 silly placeDep ROOT @tailwindcss/oxide-android-arm64@4.2.1 OK for: @tailwindcss/oxide@4.2.1 want: 4.2.1
591 silly placeDep ROOT @tailwindcss/oxide-darwin-arm64@4.2.1 OK for: @tailwindcss/oxide@4.2.1 want: 4.2.1
592 silly placeDep ROOT @tailwindcss/oxide-darwin-x64@4.2.1 OK for: @tailwindcss/oxide@4.2.1 want: 4.2.1
593 silly placeDep ROOT @tailwindcss/oxide-freebsd-x64@4.2.1 OK for: @tailwindcss/oxide@4.2.1 want: 4.2.1
594 silly placeDep ROOT @tailwindcss/oxide-linux-arm-gnueabihf@4.2.1 OK for: @tailwindcss/oxide@4.2.1 want: 4.2.1
595 silly placeDep ROOT @tailwindcss/oxide-linux-arm64-gnu@4.2.1 OK for: @tailwindcss/oxide@4.2.1 want: 4.2.1
596 silly placeDep ROOT @tailwindcss/oxide-linux-arm64-musl@4.2.1 OK for: @tailwindcss/oxide@4.2.1 want: 4.2.1
597 silly placeDep ROOT @tailwindcss/oxide-linux-x64-gnu@4.2.1 OK for: @tailwindcss/oxide@4.2.1 want: 4.2.1
598 silly placeDep ROOT @tailwindcss/oxide-linux-x64-musl@4.2.1 OK for: @tailwindcss/oxide@4.2.1 want: 4.2.1
599 silly placeDep ROOT @tailwindcss/oxide-wasm32-wasi@4.2.1 OK for: @tailwindcss/oxide@4.2.1 want: 4.2.1
600 silly placeDep ROOT @tailwindcss/oxide-win32-arm64-msvc@4.2.1 OK for: @tailwindcss/oxide@4.2.1 want: 4.2.1
601 silly placeDep ROOT @tailwindcss/oxide-win32-x64-msvc@4.2.1 OK for: @tailwindcss/oxide@4.2.1 want: 4.2.1
602 silly placeDep ROOT undici-types@6.21.0 OK for: @types/node@20.19.37 want: ~6.21.0
603 silly placeDep ROOT csstype@3.2.3 OK for: @types/react@19.2.14 want: ^3.2.2
604 silly placeDep ROOT graceful-fs@4.2.11 OK for: enhanced-resolve@5.20.0 want: ^4.2.4
605 silly placeDep ROOT tapable@2.3.0 OK for: enhanced-resolve@5.20.0 want: ^2.3.0
606 silly placeDep ROOT @eslint-community/eslint-utils@4.9.1 OK for: eslint@9.39.4 want: ^4.8.0
607 silly placeDep ROOT @eslint-community/regexpp@4.12.2 OK for: eslint@9.39.4 want: ^4.12.1
608 silly placeDep ROOT @eslint/config-array@0.21.2 OK for: eslint@9.39.4 want: ^0.21.2
609 silly placeDep ROOT @eslint/config-helpers@0.4.2 OK for: eslint@9.39.4 want: ^0.4.2
610 silly placeDep ROOT @eslint/core@0.17.0 OK for: eslint@9.39.4 want: ^0.17.0
611 silly placeDep ROOT @eslint/eslintrc@3.3.5 OK for: eslint@9.39.4 want: ^3.3.5
612 silly placeDep ROOT @eslint/js@9.39.4 OK for: eslint@9.39.4 want: 9.39.4
613 silly placeDep ROOT @eslint/plugin-kit@0.4.1 OK for: eslint@9.39.4 want: ^0.4.1
614 silly placeDep ROOT @humanfs/node@0.16.7 OK for: eslint@9.39.4 want: ^0.16.6
615 silly placeDep ROOT @humanwhocodes/module-importer@1.0.1 OK for: eslint@9.39.4 want: ^1.0.1
616 silly placeDep ROOT @humanwhocodes/retry@0.4.3 OK for: eslint@9.39.4 want: ^0.4.2
617 silly placeDep ROOT @types/estree@1.0.8 OK for: eslint@9.39.4 want: ^1.0.6
618 silly placeDep ROOT ajv@6.14.0 OK for: eslint@9.39.4 want: ^6.14.0
619 silly placeDep ROOT chalk@4.1.2 OK for: eslint@9.39.4 want: ^4.0.0
620 silly placeDep ROOT cross-spawn@7.0.6 OK for: eslint@9.39.4 want: ^7.0.6
621 silly placeDep ROOT debug@4.4.3 OK for: eslint@9.39.4 want: ^4.3.2
622 silly placeDep ROOT escape-string-regexp@4.0.0 OK for: eslint@9.39.4 want: ^4.0.0
623 silly placeDep ROOT eslint-scope@8.4.0 OK for: eslint@9.39.4 want: ^8.4.0
624 silly placeDep ROOT eslint-visitor-keys@4.2.1 OK for: eslint@9.39.4 want: ^4.2.1
625 silly placeDep ROOT espree@10.4.0 OK for: eslint@9.39.4 want: ^10.4.0
626 silly placeDep ROOT esquery@1.7.0 OK for: eslint@9.39.4 want: ^1.5.0
627 silly placeDep ROOT esutils@2.0.3 OK for: eslint@9.39.4 want: ^2.0.2
628 silly placeDep ROOT fast-deep-equal@3.1.3 OK for: eslint@9.39.4 want: ^3.1.3
629 silly placeDep ROOT file-entry-cache@8.0.0 OK for: eslint@9.39.4 want: ^8.0.0
630 silly placeDep ROOT find-up@5.0.0 OK for: eslint@9.39.4 want: ^5.0.0
631 silly placeDep ROOT glob-parent@6.0.2 OK for: eslint@9.39.4 want: ^6.0.2
632 silly placeDep ROOT ignore@5.3.2 OK for: eslint@9.39.4 want: ^5.2.0
633 silly placeDep ROOT imurmurhash@0.1.4 OK for: eslint@9.39.4 want: ^0.1.4
634 silly placeDep ROOT is-glob@4.0.3 OK for: eslint@9.39.4 want: ^4.0.0
635 silly placeDep ROOT json-stable-stringify-without-jsonify@1.0.1 OK for: eslint@9.39.4 want: ^1.0.1
636 silly placeDep ROOT lodash.merge@4.6.2 OK for: eslint@9.39.4 want: ^4.6.2
637 silly placeDep ROOT minimatch@3.1.5 OK for: eslint@9.39.4 want: ^3.1.5
638 silly placeDep ROOT natural-compare@1.4.0 OK for: eslint@9.39.4 want: ^1.4.0
639 silly placeDep ROOT optionator@0.9.4 OK for: eslint@9.39.4 want: ^0.9.3
640 silly fetch manifest eslint-visitor-keys@^3.4.3
641 silly packumentCache full:https://registry.npmjs.org/eslint-visitor-keys cache-miss
642 silly fetch manifest debug@^4.3.1
643 silly packumentCache full:https://registry.npmjs.org/debug cache-miss
644 silly fetch manifest @eslint/object-schema@^2.1.7
645 silly packumentCache full:https://registry.npmjs.org/@eslint%2fobject-schema cache-miss
646 silly fetch manifest @types/json-schema@^7.0.15
647 silly packumentCache full:https://registry.npmjs.org/@types%2fjson-schema cache-miss
648 silly fetch manifest espree@^10.0.1
649 silly packumentCache full:https://registry.npmjs.org/espree cache-miss
650 silly fetch manifest globals@^14.0.0
651 silly packumentCache full:https://registry.npmjs.org/globals cache-miss
652 silly fetch manifest import-fresh@^3.2.1
653 silly packumentCache full:https://registry.npmjs.org/import-fresh cache-miss
654 silly fetch manifest js-yaml@^4.1.1
655 silly packumentCache full:https://registry.npmjs.org/js-yaml cache-miss
656 silly fetch manifest strip-json-comments@^3.1.1
657 silly packumentCache full:https://registry.npmjs.org/strip-json-comments cache-miss
658 silly fetch manifest levn@^0.4.1
659 silly packumentCache full:https://registry.npmjs.org/levn cache-miss
660 silly fetch manifest @humanwhocodes/retry@^0.4.0
661 silly packumentCache full:https://registry.npmjs.org/@humanwhocodes%2fretry cache-miss
662 http cache https://registry.npmjs.org/eslint-visitor-keys 11ms (cache hit)
663 silly packumentCache full:https://registry.npmjs.org/eslint-visitor-keys set size:69949 disposed:false
664 silly fetch manifest @humanfs/core@^0.19.1
665 silly packumentCache full:https://registry.npmjs.org/@humanfs%2fcore cache-miss
666 http cache https://registry.npmjs.org/debug 13ms (cache hit)
667 silly packumentCache full:https://registry.npmjs.org/debug set size:195840 disposed:false
668 silly fetch manifest fast-deep-equal@^3.1.1
669 silly packumentCache full:https://registry.npmjs.org/fast-deep-equal cache-miss
670 http cache https://registry.npmjs.org/globals 14ms (cache hit)
671 silly packumentCache full:https://registry.npmjs.org/globals set size:308609 disposed:false
672 silly fetch manifest fast-json-stable-stringify@^2.0.0
673 silly packumentCache full:https://registry.npmjs.org/fast-json-stable-stringify cache-miss
674 http cache https://registry.npmjs.org/@humanwhocodes%2fretry 15ms (cache hit)
675 silly packumentCache full:https://registry.npmjs.org/@humanwhocodes%2fretry set size:42348 disposed:false
676 silly fetch manifest json-schema-traverse@^0.4.1
677 silly packumentCache full:https://registry.npmjs.org/json-schema-traverse cache-miss
678 http cache https://registry.npmjs.org/espree 19ms (cache hit)
679 silly packumentCache full:https://registry.npmjs.org/espree set size:326080 disposed:false
680 silly fetch manifest uri-js@^4.2.2
681 silly packumentCache full:https://registry.npmjs.org/uri-js cache-miss
682 http cache https://registry.npmjs.org/fast-deep-equal 14ms (cache hit)
683 silly packumentCache full:https://registry.npmjs.org/fast-deep-equal set size:48634 disposed:false
684 silly fetch manifest ansi-styles@^4.1.0
685 silly packumentCache full:https://registry.npmjs.org/ansi-styles cache-miss
686 http fetch GET 200 https://registry.npmjs.org/strip-json-comments 28ms (cache miss)
687 silly packumentCache full:https://registry.npmjs.org/strip-json-comments set size:undefined disposed:false
688 silly fetch manifest supports-color@^7.1.0
689 silly packumentCache full:https://registry.npmjs.org/supports-color cache-miss
690 http fetch GET 200 https://registry.npmjs.org/@eslint%2fobject-schema 38ms (cache miss)
691 silly packumentCache full:https://registry.npmjs.org/@eslint%2fobject-schema set size:undefined disposed:false
692 silly fetch manifest which@^2.0.1
693 silly packumentCache full:https://registry.npmjs.org/which cache-miss
694 http fetch GET 200 https://registry.npmjs.org/import-fresh 38ms (cache miss)
695 silly packumentCache full:https://registry.npmjs.org/import-fresh set size:undefined disposed:false
696 silly fetch manifest path-key@^3.1.0
697 silly packumentCache full:https://registry.npmjs.org/path-key cache-miss
698 http fetch GET 200 https://registry.npmjs.org/levn 41ms (cache miss)
699 silly packumentCache full:https://registry.npmjs.org/levn set size:undefined disposed:false
700 silly fetch manifest shebang-command@^2.0.0
701 silly packumentCache full:https://registry.npmjs.org/shebang-command cache-miss
702 http fetch GET 200 https://registry.npmjs.org/@types%2fjson-schema 48ms (cache miss)
703 silly packumentCache full:https://registry.npmjs.org/@types%2fjson-schema set size:undefined disposed:false
704 silly fetch manifest ms@^2.1.3
705 silly packumentCache full:https://registry.npmjs.org/ms cache-miss
706 http fetch GET 200 https://registry.npmjs.org/js-yaml 46ms (cache miss)
707 silly packumentCache full:https://registry.npmjs.org/js-yaml set size:undefined disposed:false
708 silly fetch manifest esrecurse@^4.3.0
709 silly packumentCache full:https://registry.npmjs.org/esrecurse cache-miss
710 http fetch GET 200 https://registry.npmjs.org/fast-json-stable-stringify 36ms (cache miss)
711 silly packumentCache full:https://registry.npmjs.org/fast-json-stable-stringify set size:undefined disposed:false
712 silly fetch manifest estraverse@^5.2.0
713 silly packumentCache full:https://registry.npmjs.org/estraverse cache-miss
714 http fetch GET 200 https://registry.npmjs.org/json-schema-traverse 37ms (cache miss)
715 silly packumentCache full:https://registry.npmjs.org/json-schema-traverse set size:undefined disposed:false
716 silly fetch manifest acorn@^8.15.0
717 silly packumentCache full:https://registry.npmjs.org/acorn cache-miss
718 http fetch GET 200 https://registry.npmjs.org/@humanfs%2fcore 49ms (cache miss)
719 silly packumentCache full:https://registry.npmjs.org/@humanfs%2fcore set size:undefined disposed:false
720 silly fetch manifest acorn-jsx@^5.3.2
721 silly packumentCache full:https://registry.npmjs.org/acorn-jsx cache-miss
722 http fetch GET 200 https://registry.npmjs.org/uri-js 43ms (cache miss)
723 silly packumentCache full:https://registry.npmjs.org/uri-js set size:undefined disposed:false
724 silly fetch manifest estraverse@^5.1.0
725 silly packumentCache full:https://registry.npmjs.org/estraverse cache-miss
726 http fetch GET 200 https://registry.npmjs.org/supports-color 40ms (cache miss)
727 silly packumentCache full:https://registry.npmjs.org/supports-color set size:undefined disposed:false
728 silly fetch manifest flat-cache@^4.0.0
729 silly packumentCache full:https://registry.npmjs.org/flat-cache cache-miss
730 http fetch GET 200 https://registry.npmjs.org/path-key 33ms (cache miss)
731 silly packumentCache full:https://registry.npmjs.org/path-key set size:undefined disposed:false
732 silly fetch manifest locate-path@^6.0.0
733 silly packumentCache full:https://registry.npmjs.org/locate-path cache-miss
734 http fetch GET 200 https://registry.npmjs.org/shebang-command 32ms (cache miss)
735 silly packumentCache full:https://registry.npmjs.org/shebang-command set size:undefined disposed:false
736 silly fetch manifest path-exists@^4.0.0
737 silly packumentCache full:https://registry.npmjs.org/path-exists cache-miss
738 http fetch GET 200 https://registry.npmjs.org/which 48ms (cache miss)
739 silly packumentCache full:https://registry.npmjs.org/which set size:undefined disposed:false
740 silly fetch manifest is-glob@^4.0.3
741 silly packumentCache full:https://registry.npmjs.org/is-glob cache-miss
742 http fetch GET 200 https://registry.npmjs.org/estraverse 32ms (cache miss)
743 silly packumentCache full:https://registry.npmjs.org/estraverse set size:undefined disposed:false
744 silly fetch manifest is-extglob@^2.1.1
745 silly packumentCache full:https://registry.npmjs.org/is-extglob cache-miss
746 http fetch GET 200 https://registry.npmjs.org/ansi-styles 62ms (cache miss)
747 silly packumentCache full:https://registry.npmjs.org/ansi-styles set size:undefined disposed:false
748 silly fetch manifest brace-expansion@^1.1.7
749 silly packumentCache full:https://registry.npmjs.org/brace-expansion cache-miss
750 http fetch GET 200 https://registry.npmjs.org/esrecurse 45ms (cache miss)
751 silly packumentCache full:https://registry.npmjs.org/esrecurse set size:undefined disposed:false
752 silly fetch manifest prelude-ls@^1.2.1
753 silly packumentCache full:https://registry.npmjs.org/prelude-ls cache-miss
754 http fetch GET 200 https://registry.npmjs.org/ms 51ms (cache miss)
755 silly packumentCache full:https://registry.npmjs.org/ms set size:undefined disposed:false
756 silly fetch manifest deep-is@^0.1.3
757 silly packumentCache full:https://registry.npmjs.org/deep-is cache-miss
758 http cache https://registry.npmjs.org/is-glob 18ms (cache hit)
759 silly packumentCache full:https://registry.npmjs.org/is-glob set size:40530 disposed:false
760 silly fetch manifest word-wrap@^1.2.5
761 silly packumentCache full:https://registry.npmjs.org/word-wrap cache-miss
762 http fetch GET 200 https://registry.npmjs.org/estraverse 40ms (cache miss)
763 silly packumentCache full:https://registry.npmjs.org/estraverse set size:undefined disposed:false
764 silly fetch manifest type-check@^0.4.0
765 silly packumentCache full:https://registry.npmjs.org/type-check cache-miss
766 http fetch GET 200 https://registry.npmjs.org/locate-path 35ms (cache miss)
767 silly packumentCache full:https://registry.npmjs.org/locate-path set size:undefined disposed:false
768 silly fetch manifest fast-levenshtein@^2.0.6
769 silly packumentCache full:https://registry.npmjs.org/fast-levenshtein cache-miss
770 http fetch GET 200 https://registry.npmjs.org/path-exists 35ms (cache miss)
771 silly packumentCache full:https://registry.npmjs.org/path-exists set size:undefined disposed:false
772 http fetch GET 200 https://registry.npmjs.org/acorn-jsx 53ms (cache miss)
773 silly packumentCache full:https://registry.npmjs.org/acorn-jsx set size:undefined disposed:false
774 http fetch GET 200 https://registry.npmjs.org/acorn 59ms (cache miss)
775 silly packumentCache full:https://registry.npmjs.org/acorn set size:undefined disposed:false
776 http fetch GET 200 https://registry.npmjs.org/flat-cache 49ms (cache miss)
777 silly packumentCache full:https://registry.npmjs.org/flat-cache set size:undefined disposed:false
778 http fetch GET 200 https://registry.npmjs.org/is-extglob 39ms (cache miss)
779 silly packumentCache full:https://registry.npmjs.org/is-extglob set size:undefined disposed:false
780 http fetch GET 200 https://registry.npmjs.org/brace-expansion 35ms (cache miss)
781 silly packumentCache full:https://registry.npmjs.org/brace-expansion set size:undefined disposed:false
782 http fetch GET 200 https://registry.npmjs.org/prelude-ls 36ms (cache miss)
783 silly packumentCache full:https://registry.npmjs.org/prelude-ls set size:undefined disposed:false
784 http fetch GET 200 https://registry.npmjs.org/type-check 25ms (cache miss)
785 silly packumentCache full:https://registry.npmjs.org/type-check set size:undefined disposed:false
786 http fetch GET 200 https://registry.npmjs.org/word-wrap 27ms (cache miss)
787 silly packumentCache full:https://registry.npmjs.org/word-wrap set size:undefined disposed:false
788 http fetch GET 200 https://registry.npmjs.org/deep-is 34ms (cache miss)
789 silly packumentCache full:https://registry.npmjs.org/deep-is set size:undefined disposed:false
790 http fetch GET 200 https://registry.npmjs.org/fast-levenshtein 33ms (cache miss)
791 silly packumentCache full:https://registry.npmjs.org/fast-levenshtein set size:undefined disposed:false
792 silly placeDep node_modules/@eslint-community/eslint-utils eslint-visitor-keys@3.4.3 OK for: @eslint-community/eslint-utils@4.9.1 want: ^3.4.3
793 silly placeDep ROOT @eslint/object-schema@2.1.7 OK for: @eslint/config-array@0.21.2 want: ^2.1.7
794 silly placeDep ROOT @types/json-schema@7.0.15 OK for: @eslint/core@0.17.0 want: ^7.0.15
795 silly placeDep ROOT globals@14.0.0 OK for: @eslint/eslintrc@3.3.5 want: ^14.0.0
796 silly placeDep ROOT import-fresh@3.3.1 OK for: @eslint/eslintrc@3.3.5 want: ^3.2.1
797 silly placeDep ROOT js-yaml@4.1.1 OK for: @eslint/eslintrc@3.3.5 want: ^4.1.1
798 silly placeDep ROOT strip-json-comments@3.1.1 OK for: @eslint/eslintrc@3.3.5 want: ^3.1.1
799 silly fetch manifest resolve-from@^4.0.0
800 silly packumentCache full:https://registry.npmjs.org/resolve-from cache-miss
801 silly fetch manifest parent-module@^1.0.0
802 silly packumentCache full:https://registry.npmjs.org/parent-module cache-miss
803 silly fetch manifest argparse@^2.0.1
804 silly packumentCache full:https://registry.npmjs.org/argparse cache-miss
805 http fetch GET 200 https://registry.npmjs.org/parent-module 26ms (cache miss)
806 silly packumentCache full:https://registry.npmjs.org/parent-module set size:undefined disposed:false
807 http fetch GET 200 https://registry.npmjs.org/argparse 26ms (cache miss)
808 silly packumentCache full:https://registry.npmjs.org/argparse set size:undefined disposed:false
809 http fetch GET 200 https://registry.npmjs.org/resolve-from 29ms (cache miss)
810 silly packumentCache full:https://registry.npmjs.org/resolve-from set size:undefined disposed:false
811 silly placeDep ROOT levn@0.4.1 OK for: @eslint/plugin-kit@0.4.1 want: ^0.4.1
812 silly fetch manifest type-check@~0.4.0
813 silly packumentCache full:https://registry.npmjs.org/type-check cache-miss
814 http cache https://registry.npmjs.org/type-check 2ms (cache hit)
815 silly packumentCache full:https://registry.npmjs.org/type-check set size:21221 disposed:false
816 silly placeDep ROOT @humanfs/core@0.19.1 OK for: @humanfs/node@0.16.7 want: ^0.19.1
817 silly placeDep ROOT fast-json-stable-stringify@2.1.0 OK for: ajv@6.14.0 want: ^2.0.0
818 silly placeDep ROOT json-schema-traverse@0.4.1 OK for: ajv@6.14.0 want: ^0.4.1
819 silly placeDep ROOT uri-js@4.4.1 OK for: ajv@6.14.0 want: ^4.2.2
820 silly fetch manifest punycode@^2.1.0
821 silly packumentCache full:https://registry.npmjs.org/punycode cache-miss
822 http fetch GET 200 https://registry.npmjs.org/punycode 26ms (cache miss)
823 silly packumentCache full:https://registry.npmjs.org/punycode set size:undefined disposed:false
824 silly placeDep ROOT ansi-styles@4.3.0 OK for: chalk@4.1.2 want: ^4.1.0
825 silly placeDep ROOT supports-color@7.2.0 OK for: chalk@4.1.2 want: ^7.1.0
826 silly fetch manifest color-convert@^2.0.1
827 silly packumentCache full:https://registry.npmjs.org/color-convert cache-miss
828 silly fetch manifest has-flag@^4.0.0
829 silly packumentCache full:https://registry.npmjs.org/has-flag cache-miss
830 http fetch GET 200 https://registry.npmjs.org/color-convert 32ms (cache miss)
831 silly packumentCache full:https://registry.npmjs.org/color-convert set size:undefined disposed:false
832 http fetch GET 200 https://registry.npmjs.org/has-flag 37ms (cache miss)
833 silly packumentCache full:https://registry.npmjs.org/has-flag set size:undefined disposed:false
834 silly placeDep ROOT color-convert@2.0.1 OK for: ansi-styles@4.3.0 want: ^2.0.1
835 silly fetch manifest color-name@~1.1.4
836 silly packumentCache full:https://registry.npmjs.org/color-name cache-miss
837 http fetch GET 200 https://registry.npmjs.org/color-name 32ms (cache miss)
838 silly packumentCache full:https://registry.npmjs.org/color-name set size:undefined disposed:false
839 silly placeDep ROOT color-name@1.1.4 OK for: color-convert@2.0.1 want: ~1.1.4
840 silly placeDep ROOT path-key@3.1.1 OK for: cross-spawn@7.0.6 want: ^3.1.0
841 silly placeDep ROOT shebang-command@2.0.0 OK for: cross-spawn@7.0.6 want: ^2.0.0
842 silly placeDep ROOT which@2.0.2 OK for: cross-spawn@7.0.6 want: ^2.0.1
843 silly fetch manifest shebang-regex@^3.0.0
844 silly packumentCache full:https://registry.npmjs.org/shebang-regex cache-miss
845 silly fetch manifest isexe@^2.0.0
846 silly packumentCache full:https://registry.npmjs.org/isexe cache-miss
847 http fetch GET 200 https://registry.npmjs.org/isexe 29ms (cache miss)
848 silly packumentCache full:https://registry.npmjs.org/isexe set size:undefined disposed:false
849 http fetch GET 200 https://registry.npmjs.org/shebang-regex 31ms (cache miss)
850 silly packumentCache full:https://registry.npmjs.org/shebang-regex set size:undefined disposed:false
851 silly placeDep ROOT ms@2.1.3 OK for: debug@4.4.3 want: ^2.1.3
852 silly placeDep ROOT @next/eslint-plugin-next@16.1.6 OK for: eslint-config-next@16.1.6 want: 16.1.6
853 silly placeDep ROOT eslint-import-resolver-node@0.3.9 OK for: eslint-config-next@16.1.6 want: ^0.3.6
854 silly placeDep ROOT eslint-import-resolver-typescript@3.10.1 OK for: eslint-config-next@16.1.6 want: ^3.5.2
855 silly placeDep ROOT eslint-plugin-import@2.32.0 OK for: eslint-config-next@16.1.6 want: ^2.32.0
856 silly placeDep ROOT eslint-plugin-jsx-a11y@6.10.2 OK for: eslint-config-next@16.1.6 want: ^6.10.0
857 silly placeDep ROOT eslint-plugin-react@7.37.5 OK for: eslint-config-next@16.1.6 want: ^7.37.0
858 silly placeDep ROOT eslint-plugin-react-hooks@7.0.1 OK for: eslint-config-next@16.1.6 want: ^7.0.0
859 silly placeDep node_modules/eslint-config-next globals@16.4.0 OK for: eslint-config-next@16.1.6 want: 16.4.0
860 silly placeDep ROOT typescript-eslint@8.56.1 OK for: eslint-config-next@16.1.6 want: ^8.46.0
861 silly fetch manifest fast-glob@3.3.1
862 silly packumentCache full:https://registry.npmjs.org/fast-glob cache-miss
863 silly fetch manifest debug@^3.2.7
864 silly packumentCache full:https://registry.npmjs.org/debug cache-hit
865 silly fetch manifest is-core-module@^2.13.0
866 silly packumentCache full:https://registry.npmjs.org/is-core-module cache-miss
867 silly fetch manifest resolve@^1.22.4
868 silly packumentCache full:https://registry.npmjs.org/resolve cache-miss
869 silly fetch manifest tinyglobby@^0.2.13
870 silly packumentCache full:https://registry.npmjs.org/tinyglobby cache-miss
871 silly fetch manifest stable-hash@^0.0.5
872 silly packumentCache full:https://registry.npmjs.org/stable-hash cache-miss
873 silly fetch manifest get-tsconfig@^4.10.0
874 silly packumentCache full:https://registry.npmjs.org/get-tsconfig cache-miss
875 silly fetch manifest is-bun-module@^2.0.0
876 silly packumentCache full:https://registry.npmjs.org/is-bun-module cache-miss
877 silly fetch manifest unrs-resolver@^1.6.2
878 silly packumentCache full:https://registry.npmjs.org/unrs-resolver cache-miss
879 silly fetch manifest @nolyfill/is-core-module@1.0.39
880 silly packumentCache full:https://registry.npmjs.org/@nolyfill%2fis-core-module cache-miss
881 silly fetch manifest @rtsao/scc@^1.1.0
882 silly packumentCache full:https://registry.npmjs.org/@rtsao%2fscc cache-miss
883 silly fetch manifest array-includes@^3.1.9
884 silly packumentCache full:https://registry.npmjs.org/array-includes cache-miss
885 http fetch GET 200 https://registry.npmjs.org/stable-hash 41ms (cache miss)
886 silly packumentCache full:https://registry.npmjs.org/stable-hash set size:undefined disposed:false
887 silly fetch manifest array.prototype.findlastindex@^1.2.6
888 silly packumentCache full:https://registry.npmjs.org/array.prototype.findlastindex cache-miss
889 http fetch GET 200 https://registry.npmjs.org/tinyglobby 44ms (cache miss)
890 silly packumentCache full:https://registry.npmjs.org/tinyglobby set size:undefined disposed:false
891 silly fetch manifest array.prototype.flat@^1.3.3
892 silly packumentCache full:https://registry.npmjs.org/array.prototype.flat cache-miss
893 http fetch GET 200 https://registry.npmjs.org/is-core-module 49ms (cache miss)
894 silly packumentCache full:https://registry.npmjs.org/is-core-module set size:undefined disposed:false
895 silly fetch manifest array.prototype.flatmap@^1.3.3
896 silly packumentCache full:https://registry.npmjs.org/array.prototype.flatmap cache-miss
897 http fetch GET 200 https://registry.npmjs.org/array-includes 48ms (cache miss)
898 silly packumentCache full:https://registry.npmjs.org/array-includes set size:undefined disposed:false
899 silly fetch manifest doctrine@^2.1.0
900 silly packumentCache full:https://registry.npmjs.org/doctrine cache-miss
901 http fetch GET 200 https://registry.npmjs.org/get-tsconfig 53ms (cache miss)
902 silly packumentCache full:https://registry.npmjs.org/get-tsconfig set size:undefined disposed:false
903 silly fetch manifest eslint-module-utils@^2.12.1
904 silly packumentCache full:https://registry.npmjs.org/eslint-module-utils cache-miss
905 http fetch GET 200 https://registry.npmjs.org/is-bun-module 54ms (cache miss)
906 silly packumentCache full:https://registry.npmjs.org/is-bun-module set size:undefined disposed:false
907 silly fetch manifest hasown@^2.0.2
908 silly packumentCache full:https://registry.npmjs.org/hasown cache-miss
909 http fetch GET 200 https://registry.npmjs.org/fast-glob 60ms (cache miss)
910 silly packumentCache full:https://registry.npmjs.org/fast-glob set size:undefined disposed:false
911 silly fetch manifest is-core-module@^2.16.1
912 silly packumentCache full:https://registry.npmjs.org/is-core-module cache-miss
913 http fetch GET 200 https://registry.npmjs.org/resolve 62ms (cache miss)
914 silly packumentCache full:https://registry.npmjs.org/resolve set size:undefined disposed:false
915 silly fetch manifest object.fromentries@^2.0.8
916 silly packumentCache full:https://registry.npmjs.org/object.fromentries cache-miss
917 http fetch GET 200 https://registry.npmjs.org/unrs-resolver 64ms (cache miss)
918 silly packumentCache full:https://registry.npmjs.org/unrs-resolver set size:undefined disposed:false
919 silly fetch manifest object.groupby@^1.0.3
920 silly packumentCache full:https://registry.npmjs.org/object.groupby cache-miss
921 http fetch GET 200 https://registry.npmjs.org/@nolyfill%2fis-core-module 67ms (cache miss)
922 silly packumentCache full:https://registry.npmjs.org/@nolyfill%2fis-core-module set size:undefined disposed:false
923 silly fetch manifest object.values@^1.2.1
924 silly packumentCache full:https://registry.npmjs.org/object.values cache-miss
925 http cache https://registry.npmjs.org/is-core-module 15ms (cache hit)
926 silly packumentCache full:https://registry.npmjs.org/is-core-module set size:71788 disposed:false
927 silly fetch manifest semver@^6.3.1
928 silly packumentCache full:https://registry.npmjs.org/semver cache-miss
929 http fetch GET 200 https://registry.npmjs.org/@rtsao%2fscc 77ms (cache miss)
930 silly packumentCache full:https://registry.npmjs.org/@rtsao%2fscc set size:undefined disposed:false
931 silly fetch manifest string.prototype.trimend@^1.0.9
932 silly packumentCache full:https://registry.npmjs.org/string.prototype.trimend cache-miss
933 http fetch GET 200 https://registry.npmjs.org/array.prototype.findlastindex 39ms (cache miss)
934 silly packumentCache full:https://registry.npmjs.org/array.prototype.findlastindex set size:undefined disposed:false
935 silly fetch manifest tsconfig-paths@^3.15.0
936 silly packumentCache full:https://registry.npmjs.org/tsconfig-paths cache-miss
937 http fetch GET 200 https://registry.npmjs.org/doctrine 33ms (cache miss)
938 silly packumentCache full:https://registry.npmjs.org/doctrine set size:undefined disposed:false
939 silly fetch manifest aria-query@^5.3.2
940 silly packumentCache full:https://registry.npmjs.org/aria-query cache-miss
941 http fetch GET 200 https://registry.npmjs.org/array.prototype.flatmap 41ms (cache miss)
942 silly packumentCache full:https://registry.npmjs.org/array.prototype.flatmap set size:undefined disposed:false
943 silly fetch manifest array-includes@^3.1.8
944 silly packumentCache full:https://registry.npmjs.org/array-includes cache-miss
945 http fetch GET 200 https://registry.npmjs.org/array.prototype.flat 48ms (cache miss)
946 silly packumentCache full:https://registry.npmjs.org/array.prototype.flat set size:undefined disposed:false
947 silly fetch manifest array.prototype.flatmap@^1.3.2
948 silly packumentCache full:https://registry.npmjs.org/array.prototype.flatmap cache-miss
949 http fetch GET 200 https://registry.npmjs.org/hasown 51ms (cache miss)
950 silly packumentCache full:https://registry.npmjs.org/hasown set size:undefined disposed:false
951 silly fetch manifest ast-types-flow@^0.0.8
952 silly packumentCache full:https://registry.npmjs.org/ast-types-flow cache-miss
953 http fetch GET 200 https://registry.npmjs.org/eslint-module-utils 54ms (cache miss)
954 silly packumentCache full:https://registry.npmjs.org/eslint-module-utils set size:undefined disposed:false
955 silly fetch manifest axe-core@^4.10.0
956 silly packumentCache full:https://registry.npmjs.org/axe-core cache-miss
957 http fetch GET 200 https://registry.npmjs.org/object.fromentries 48ms (cache miss)
958 silly packumentCache full:https://registry.npmjs.org/object.fromentries set size:undefined disposed:false
959 silly fetch manifest axobject-query@^4.1.0
960 silly packumentCache full:https://registry.npmjs.org/axobject-query cache-miss
961 http fetch GET 200 https://registry.npmjs.org/object.groupby 49ms (cache miss)
962 silly packumentCache full:https://registry.npmjs.org/object.groupby set size:undefined disposed:false
963 silly fetch manifest damerau-levenshtein@^1.0.8
964 silly packumentCache full:https://registry.npmjs.org/damerau-levenshtein cache-miss
965 http cache https://registry.npmjs.org/array.prototype.flatmap 23ms (cache hit)
966 silly packumentCache full:https://registry.npmjs.org/array.prototype.flatmap set size:51458 disposed:false
967 silly fetch manifest emoji-regex@^9.2.2
968 silly packumentCache full:https://registry.npmjs.org/emoji-regex cache-miss
969 http cache https://registry.npmjs.org/array-includes 27ms (cache hit)
970 silly packumentCache full:https://registry.npmjs.org/array-includes set size:77143 disposed:false
971 silly fetch manifest jsx-ast-utils@^3.3.5
972 silly packumentCache full:https://registry.npmjs.org/jsx-ast-utils cache-miss
973 http fetch GET 200 https://registry.npmjs.org/object.values 52ms (cache miss)
974 silly packumentCache full:https://registry.npmjs.org/object.values set size:undefined disposed:false
975 silly fetch manifest language-tags@^1.0.9
976 silly packumentCache full:https://registry.npmjs.org/language-tags cache-miss
977 http fetch GET 200 https://registry.npmjs.org/string.prototype.trimend 46ms (cache miss)
978 silly packumentCache full:https://registry.npmjs.org/string.prototype.trimend set size:undefined disposed:false
979 silly fetch manifest safe-regex-test@^1.0.3
980 silly packumentCache full:https://registry.npmjs.org/safe-regex-test cache-miss
981 http fetch GET 200 https://registry.npmjs.org/aria-query 43ms (cache miss)
982 silly packumentCache full:https://registry.npmjs.org/aria-query set size:undefined disposed:false
983 silly fetch manifest string.prototype.includes@^2.0.1
984 silly packumentCache full:https://registry.npmjs.org/string.prototype.includes cache-miss
985 http fetch GET 200 https://registry.npmjs.org/semver 56ms (cache miss)
986 silly packumentCache full:https://registry.npmjs.org/semver set size:undefined disposed:false
987 silly fetch manifest array.prototype.findlast@^1.2.5
988 silly packumentCache full:https://registry.npmjs.org/array.prototype.findlast cache-miss
989 http fetch GET 200 https://registry.npmjs.org/tsconfig-paths 53ms (cache miss)
990 silly packumentCache full:https://registry.npmjs.org/tsconfig-paths set size:undefined disposed:false
991 silly fetch manifest array.prototype.tosorted@^1.1.4
992 silly packumentCache full:https://registry.npmjs.org/array.prototype.tosorted cache-miss
993 http fetch GET 200 https://registry.npmjs.org/ast-types-flow 36ms (cache miss)
994 silly packumentCache full:https://registry.npmjs.org/ast-types-flow set size:undefined disposed:false
995 silly fetch manifest es-iterator-helpers@^1.2.1
996 silly packumentCache full:https://registry.npmjs.org/es-iterator-helpers cache-miss
997 http fetch GET 200 https://registry.npmjs.org/damerau-levenshtein 33ms (cache miss)
998 silly packumentCache full:https://registry.npmjs.org/damerau-levenshtein set size:undefined disposed:false
999 silly fetch manifest estraverse@^5.3.0
1000 silly packumentCache full:https://registry.npmjs.org/estraverse cache-miss
1001 http fetch GET 200 https://registry.npmjs.org/axobject-query 39ms (cache miss)
1002 silly packumentCache full:https://registry.npmjs.org/axobject-query set size:undefined disposed:false
1003 silly fetch manifest jsx-ast-utils@^2.4.1 || ^3.0.0
1004 silly packumentCache full:https://registry.npmjs.org/jsx-ast-utils cache-miss
1005 http fetch GET 200 https://registry.npmjs.org/emoji-regex 40ms (cache miss)
1006 silly packumentCache full:https://registry.npmjs.org/emoji-regex set size:undefined disposed:false
1007 silly fetch manifest object.entries@^1.1.9
1008 silly packumentCache full:https://registry.npmjs.org/object.entries cache-miss
1009 http fetch GET 200 https://registry.npmjs.org/jsx-ast-utils 42ms (cache miss)
1010 silly packumentCache full:https://registry.npmjs.org/jsx-ast-utils set size:undefined disposed:false
1011 silly fetch manifest prop-types@^15.8.1
1012 silly packumentCache full:https://registry.npmjs.org/prop-types cache-miss
1013 http cache https://registry.npmjs.org/estraverse 18ms (cache hit)
1014 silly packumentCache full:https://registry.npmjs.org/estraverse set size:62412 disposed:false
1015 silly fetch manifest resolve@^2.0.0-next.5
1016 silly packumentCache full:https://registry.npmjs.org/resolve cache-miss
1017 http fetch GET 200 https://registry.npmjs.org/language-tags 49ms (cache miss)
1018 silly packumentCache full:https://registry.npmjs.org/language-tags set size:undefined disposed:false
1019 silly fetch manifest string.prototype.matchall@^4.0.12
1020 silly packumentCache full:https://registry.npmjs.org/string.prototype.matchall cache-miss
1021 http fetch GET 200 https://registry.npmjs.org/safe-regex-test 45ms (cache miss)
1022 silly packumentCache full:https://registry.npmjs.org/safe-regex-test set size:undefined disposed:false
1023 silly fetch manifest string.prototype.repeat@^1.0.0
1024 silly packumentCache full:https://registry.npmjs.org/string.prototype.repeat cache-miss
1025 http fetch GET 200 https://registry.npmjs.org/string.prototype.includes 43ms (cache miss)
1026 silly packumentCache full:https://registry.npmjs.org/string.prototype.includes set size:undefined disposed:false
1027 silly fetch manifest zod@^3.25.0 || ^4.0.0
1028 silly packumentCache full:https://registry.npmjs.org/zod cache-miss
1029 http fetch GET 200 https://registry.npmjs.org/array.prototype.findlast 46ms (cache miss)
1030 silly packumentCache full:https://registry.npmjs.org/array.prototype.findlast set size:undefined disposed:false
1031 silly fetch manifest @babel/core@^7.24.4
1032 silly packumentCache full:https://registry.npmjs.org/@babel%2fcore cache-miss
1033 http fetch GET 200 https://registry.npmjs.org/array.prototype.tosorted 46ms (cache miss)
1034 silly packumentCache full:https://registry.npmjs.org/array.prototype.tosorted set size:undefined disposed:false
1035 silly fetch manifest @babel/parser@^7.24.4
1036 silly packumentCache full:https://registry.npmjs.org/@babel%2fparser cache-miss
1037 http cache https://registry.npmjs.org/resolve 18ms (cache hit)
1038 silly packumentCache full:https://registry.npmjs.org/resolve set size:238156 disposed:false
1039 silly fetch manifest hermes-parser@^0.25.1
1040 silly packumentCache full:https://registry.npmjs.org/hermes-parser cache-miss
1041 http fetch GET 200 https://registry.npmjs.org/jsx-ast-utils 42ms (cache miss)
1042 silly packumentCache full:https://registry.npmjs.org/jsx-ast-utils set size:undefined disposed:false
1043 silly fetch manifest zod-validation-error@^3.5.0 || ^4.0.0
1044 silly packumentCache full:https://registry.npmjs.org/zod-validation-error cache-miss
1045 http fetch GET 200 https://registry.npmjs.org/es-iterator-helpers 54ms (cache miss)
1046 silly packumentCache full:https://registry.npmjs.org/es-iterator-helpers set size:undefined disposed:false
1047 silly fetch manifest @typescript-eslint/utils@8.56.1
1048 silly packumentCache full:https://registry.npmjs.org/@typescript-eslint%2futils cache-miss
1049 http fetch GET 200 https://registry.npmjs.org/object.entries 42ms (cache miss)
1050 silly packumentCache full:https://registry.npmjs.org/object.entries set size:undefined disposed:false
1051 silly fetch manifest @typescript-eslint/parser@8.56.1
1052 silly packumentCache full:https://registry.npmjs.org/@typescript-eslint%2fparser cache-miss
1053 http fetch GET 200 https://registry.npmjs.org/prop-types 42ms (cache miss)
1054 silly packumentCache full:https://registry.npmjs.org/prop-types set size:undefined disposed:false
1055 silly fetch manifest @typescript-eslint/eslint-plugin@8.56.1
1056 silly packumentCache full:https://registry.npmjs.org/@typescript-eslint%2feslint-plugin cache-miss
1057 http fetch GET 200 https://registry.npmjs.org/string.prototype.matchall 37ms (cache miss)
1058 silly packumentCache full:https://registry.npmjs.org/string.prototype.matchall set size:undefined disposed:false
1059 silly fetch manifest @typescript-eslint/typescript-estree@8.56.1
1060 silly packumentCache full:https://registry.npmjs.org/@typescript-eslint%2ftypescript-estree cache-miss
1061 http fetch GET 200 https://registry.npmjs.org/string.prototype.repeat 38ms (cache miss)
1062 silly packumentCache full:https://registry.npmjs.org/string.prototype.repeat set size:undefined disposed:false
1063 http fetch GET 200 https://registry.npmjs.org/hermes-parser 36ms (cache miss)
1064 silly packumentCache full:https://registry.npmjs.org/hermes-parser set size:undefined disposed:false
1065 http fetch GET 200 https://registry.npmjs.org/zod-validation-error 38ms (cache miss)
1066 silly packumentCache full:https://registry.npmjs.org/zod-validation-error set size:undefined disposed:false
1067 http fetch GET 200 https://registry.npmjs.org/@babel%2fparser 69ms (cache miss)
1068 silly packumentCache full:https://registry.npmjs.org/@babel%2fparser set size:undefined disposed:false
1069 http fetch GET 200 https://registry.npmjs.org/@babel%2fcore 89ms (cache miss)
1070 silly packumentCache full:https://registry.npmjs.org/@babel%2fcore set size:undefined disposed:false
1071 http fetch GET 200 https://registry.npmjs.org/zod 157ms (cache miss)
1072 silly packumentCache full:https://registry.npmjs.org/zod set size:undefined disposed:false
1073 http fetch GET 200 https://registry.npmjs.org/axe-core 331ms (cache miss)
1074 silly packumentCache full:https://registry.npmjs.org/axe-core set size:undefined disposed:false
1075 http fetch GET 200 https://registry.npmjs.org/@typescript-eslint%2futils 365ms (cache miss)
1076 silly packumentCache full:https://registry.npmjs.org/@typescript-eslint%2futils set size:undefined disposed:false
1077 http fetch GET 200 https://registry.npmjs.org/@typescript-eslint%2fparser 663ms (cache miss)
1078 silly packumentCache full:https://registry.npmjs.org/@typescript-eslint%2fparser set size:undefined disposed:false
1079 http fetch GET 200 https://registry.npmjs.org/@typescript-eslint%2ftypescript-estree 757ms (cache miss)
1080 silly packumentCache full:https://registry.npmjs.org/@typescript-eslint%2ftypescript-estree set size:undefined disposed:false
1081 http fetch GET 200 https://registry.npmjs.org/@typescript-eslint%2feslint-plugin 943ms (cache miss)
1082 silly packumentCache full:https://registry.npmjs.org/@typescript-eslint%2feslint-plugin set size:undefined disposed:false
1083 silly placeDep ROOT fast-glob@3.3.1 OK for: @next/eslint-plugin-next@16.1.6 want: 3.3.1
1084 silly fetch manifest merge2@^1.3.0
1085 silly packumentCache full:https://registry.npmjs.org/merge2 cache-miss
1086 silly fetch manifest micromatch@^4.0.4
1087 silly packumentCache full:https://registry.npmjs.org/micromatch cache-miss
1088 silly fetch manifest glob-parent@^5.1.2
1089 silly packumentCache full:https://registry.npmjs.org/glob-parent cache-miss
1090 silly fetch manifest @nodelib/fs.stat@^2.0.2
1091 silly packumentCache full:https://registry.npmjs.org/@nodelib%2ffs.stat cache-miss
1092 silly fetch manifest @nodelib/fs.walk@^1.2.3
1093 silly packumentCache full:https://registry.npmjs.org/@nodelib%2ffs.walk cache-miss
1094 http cache https://registry.npmjs.org/glob-parent 6ms (cache hit)
1095 silly packumentCache full:https://registry.npmjs.org/glob-parent set size:42445 disposed:false
1096 http fetch GET 200 https://registry.npmjs.org/merge2 26ms (cache miss)
1097 silly packumentCache full:https://registry.npmjs.org/merge2 set size:undefined disposed:false
1098 http fetch GET 200 https://registry.npmjs.org/micromatch 31ms (cache miss)
1099 silly packumentCache full:https://registry.npmjs.org/micromatch set size:undefined disposed:false
1100 http fetch GET 200 https://registry.npmjs.org/@nodelib%2ffs.stat 39ms (cache miss)
1101 silly packumentCache full:https://registry.npmjs.org/@nodelib%2ffs.stat set size:undefined disposed:false
1102 http fetch GET 200 https://registry.npmjs.org/@nodelib%2ffs.walk 40ms (cache miss)
1103 silly packumentCache full:https://registry.npmjs.org/@nodelib%2ffs.walk set size:undefined disposed:false
1104 silly placeDep node_modules/eslint-import-resolver-node debug@3.2.7 OK for: eslint-import-resolver-node@0.3.9 want: ^3.2.7
1105 silly placeDep ROOT is-core-module@2.16.1 OK for: eslint-import-resolver-node@0.3.9 want: ^2.13.0
1106 silly placeDep ROOT resolve@1.22.11 OK for: eslint-import-resolver-node@0.3.9 want: ^1.22.4
1107 silly fetch manifest path-parse@^1.0.7
1108 silly packumentCache full:https://registry.npmjs.org/path-parse cache-miss
1109 silly fetch manifest supports-preserve-symlinks-flag@^1.0.0
1110 silly packumentCache full:https://registry.npmjs.org/supports-preserve-symlinks-flag cache-miss
1111 http fetch GET 200 https://registry.npmjs.org/path-parse 26ms (cache miss)
1112 silly packumentCache full:https://registry.npmjs.org/path-parse set size:undefined disposed:false
1113 http fetch GET 200 https://registry.npmjs.org/supports-preserve-symlinks-flag 29ms (cache miss)
1114 silly packumentCache full:https://registry.npmjs.org/supports-preserve-symlinks-flag set size:undefined disposed:false
1115 silly placeDep ROOT @nolyfill/is-core-module@1.0.39 OK for: eslint-import-resolver-typescript@3.10.1 want: 1.0.39
1116 silly placeDep ROOT get-tsconfig@4.13.6 OK for: eslint-import-resolver-typescript@3.10.1 want: ^4.10.0
1117 silly placeDep ROOT is-bun-module@2.0.0 OK for: eslint-import-resolver-typescript@3.10.1 want: ^2.0.0
1118 silly placeDep ROOT stable-hash@0.0.5 OK for: eslint-import-resolver-typescript@3.10.1 want: ^0.0.5
1119 silly placeDep ROOT tinyglobby@0.2.15 OK for: eslint-import-resolver-typescript@3.10.1 want: ^0.2.13
1120 silly placeDep ROOT unrs-resolver@1.11.1 OK for: eslint-import-resolver-typescript@3.10.1 want: ^1.6.2
1121 silly fetch manifest resolve-pkg-maps@^1.0.0
1122 silly packumentCache full:https://registry.npmjs.org/resolve-pkg-maps cache-miss
1123 silly fetch manifest semver@^7.7.1
1124 silly packumentCache full:https://registry.npmjs.org/semver cache-miss
1125 silly fetch manifest fdir@^6.5.0
1126 silly packumentCache full:https://registry.npmjs.org/fdir cache-miss
1127 silly fetch manifest picomatch@^4.0.3
1128 silly packumentCache full:https://registry.npmjs.org/picomatch cache-miss
1129 silly fetch manifest napi-postinstall@^0.3.0
1130 silly packumentCache full:https://registry.npmjs.org/napi-postinstall cache-miss
1131 silly fetch manifest @unrs/resolver-binding-win32-x64-msvc@1.11.1
1132 silly packumentCache full:https://registry.npmjs.org/@unrs%2fresolver-binding-win32-x64-msvc cache-miss
1133 silly fetch manifest @unrs/resolver-binding-win32-arm64-msvc@1.11.1
1134 silly packumentCache full:https://registry.npmjs.org/@unrs%2fresolver-binding-win32-arm64-msvc cache-miss
1135 silly fetch manifest @unrs/resolver-binding-win32-ia32-msvc@1.11.1
1136 silly packumentCache full:https://registry.npmjs.org/@unrs%2fresolver-binding-win32-ia32-msvc cache-miss
1137 silly fetch manifest @unrs/resolver-binding-linux-x64-gnu@1.11.1
1138 silly packumentCache full:https://registry.npmjs.org/@unrs%2fresolver-binding-linux-x64-gnu cache-miss
1139 silly fetch manifest @unrs/resolver-binding-linux-x64-musl@1.11.1
1140 silly packumentCache full:https://registry.npmjs.org/@unrs%2fresolver-binding-linux-x64-musl cache-miss
1141 silly fetch manifest @unrs/resolver-binding-freebsd-x64@1.11.1
1142 silly packumentCache full:https://registry.npmjs.org/@unrs%2fresolver-binding-freebsd-x64 cache-miss
1143 http cache https://registry.npmjs.org/semver 12ms (cache hit)
1144 silly packumentCache full:https://registry.npmjs.org/semver set size:229678 disposed:false
1145 silly fetch manifest @unrs/resolver-binding-android-arm64@1.11.1
1146 silly packumentCache full:https://registry.npmjs.org/@unrs%2fresolver-binding-android-arm64 cache-miss
1147 http fetch GET 200 https://registry.npmjs.org/napi-postinstall 28ms (cache miss)
1148 silly packumentCache full:https://registry.npmjs.org/napi-postinstall set size:undefined disposed:false
1149 silly fetch manifest @unrs/resolver-binding-linux-arm64-gnu@1.11.1
1150 silly packumentCache full:https://registry.npmjs.org/@unrs%2fresolver-binding-linux-arm64-gnu cache-miss
1151 http fetch GET 200 https://registry.npmjs.org/resolve-pkg-maps 37ms (cache miss)
1152 silly packumentCache full:https://registry.npmjs.org/resolve-pkg-maps set size:undefined disposed:false
1153 silly fetch manifest @unrs/resolver-binding-linux-arm64-musl@1.11.1
1154 silly packumentCache full:https://registry.npmjs.org/@unrs%2fresolver-binding-linux-arm64-musl cache-miss
1155 http fetch GET 200 https://registry.npmjs.org/fdir 40ms (cache miss)
1156 silly packumentCache full:https://registry.npmjs.org/fdir set size:undefined disposed:false
1157 silly fetch manifest @unrs/resolver-binding-android-arm-eabi@1.11.1
1158 silly packumentCache full:https://registry.npmjs.org/@unrs%2fresolver-binding-android-arm-eabi cache-miss
1159 http fetch GET 200 https://registry.npmjs.org/picomatch 44ms (cache miss)
1160 silly packumentCache full:https://registry.npmjs.org/picomatch set size:undefined disposed:false
1161 silly fetch manifest @unrs/resolver-binding-linux-arm-gnueabihf@1.11.1
1162 silly packumentCache full:https://registry.npmjs.org/@unrs%2fresolver-binding-linux-arm-gnueabihf cache-miss
1163 http fetch GET 200 https://registry.npmjs.org/@unrs%2fresolver-binding-linux-x64-musl 48ms (cache miss)
1164 silly packumentCache full:https://registry.npmjs.org/@unrs%2fresolver-binding-linux-x64-musl set size:undefined disposed:false
1165 silly fetch manifest @unrs/resolver-binding-linux-arm-musleabihf@1.11.1
1166 silly packumentCache full:https://registry.npmjs.org/@unrs%2fresolver-binding-linux-arm-musleabihf cache-miss
1167 http fetch GET 200 https://registry.npmjs.org/@unrs%2fresolver-binding-win32-ia32-msvc 52ms (cache miss)
1168 silly packumentCache full:https://registry.npmjs.org/@unrs%2fresolver-binding-win32-ia32-msvc set size:undefined disposed:false
1169 silly fetch manifest @unrs/resolver-binding-linux-ppc64-gnu@1.11.1
1170 silly packumentCache full:https://registry.npmjs.org/@unrs%2fresolver-binding-linux-ppc64-gnu cache-miss
1171 http fetch GET 200 https://registry.npmjs.org/@unrs%2fresolver-binding-win32-arm64-msvc 54ms (cache miss)
1172 silly packumentCache full:https://registry.npmjs.org/@unrs%2fresolver-binding-win32-arm64-msvc set size:undefined disposed:false
1173 silly fetch manifest @unrs/resolver-binding-linux-riscv64-gnu@1.11.1
1174 silly packumentCache full:https://registry.npmjs.org/@unrs%2fresolver-binding-linux-riscv64-gnu cache-miss
1175 http fetch GET 200 https://registry.npmjs.org/@unrs%2fresolver-binding-linux-x64-gnu 55ms (cache miss)
1176 silly packumentCache full:https://registry.npmjs.org/@unrs%2fresolver-binding-linux-x64-gnu set size:undefined disposed:false
1177 silly fetch manifest @unrs/resolver-binding-linux-riscv64-musl@1.11.1
1178 silly packumentCache full:https://registry.npmjs.org/@unrs%2fresolver-binding-linux-riscv64-musl cache-miss
1179 http fetch GET 200 https://registry.npmjs.org/@unrs%2fresolver-binding-android-arm64 47ms (cache miss)
1180 silly packumentCache full:https://registry.npmjs.org/@unrs%2fresolver-binding-android-arm64 set size:undefined disposed:false
1181 silly fetch manifest @unrs/resolver-binding-linux-s390x-gnu@1.11.1
1182 silly packumentCache full:https://registry.npmjs.org/@unrs%2fresolver-binding-linux-s390x-gnu cache-miss
1183 http fetch GET 200 https://registry.npmjs.org/@unrs%2fresolver-binding-linux-arm64-gnu 37ms (cache miss)
1184 silly packumentCache full:https://registry.npmjs.org/@unrs%2fresolver-binding-linux-arm64-gnu set size:undefined disposed:false
1185 silly fetch manifest @unrs/resolver-binding-darwin-x64@1.11.1
1186 silly packumentCache full:https://registry.npmjs.org/@unrs%2fresolver-binding-darwin-x64 cache-miss
1187 http fetch GET 200 https://registry.npmjs.org/@unrs%2fresolver-binding-linux-arm-gnueabihf 39ms (cache miss)
1188 silly packumentCache full:https://registry.npmjs.org/@unrs%2fresolver-binding-linux-arm-gnueabihf set size:undefined disposed:false
1189 silly fetch manifest @unrs/resolver-binding-darwin-arm64@1.11.1
1190 silly packumentCache full:https://registry.npmjs.org/@unrs%2fresolver-binding-darwin-arm64 cache-miss
1191 http fetch GET 200 https://registry.npmjs.org/@unrs%2fresolver-binding-linux-arm-musleabihf 43ms (cache miss)
1192 silly packumentCache full:https://registry.npmjs.org/@unrs%2fresolver-binding-linux-arm-musleabihf set size:undefined disposed:false
1193 silly fetch manifest @unrs/resolver-binding-wasm32-wasi@1.11.1
1194 silly packumentCache full:https://registry.npmjs.org/@unrs%2fresolver-binding-wasm32-wasi cache-miss
1195 http fetch GET 200 https://registry.npmjs.org/@unrs%2fresolver-binding-linux-riscv64-gnu 39ms (cache miss)
1196 silly packumentCache full:https://registry.npmjs.org/@unrs%2fresolver-binding-linux-riscv64-gnu set size:undefined disposed:false
1197 http fetch GET 200 https://registry.npmjs.org/@unrs%2fresolver-binding-linux-ppc64-gnu 49ms (cache miss)
1198 silly packumentCache full:https://registry.npmjs.org/@unrs%2fresolver-binding-linux-ppc64-gnu set size:undefined disposed:false
1199 http fetch GET 200 https://registry.npmjs.org/@unrs%2fresolver-binding-darwin-x64 37ms (cache miss)
1200 silly packumentCache full:https://registry.npmjs.org/@unrs%2fresolver-binding-darwin-x64 set size:undefined disposed:false
1201 http fetch GET 200 https://registry.npmjs.org/@unrs%2fresolver-binding-linux-s390x-gnu 52ms (cache miss)
1202 silly packumentCache full:https://registry.npmjs.org/@unrs%2fresolver-binding-linux-s390x-gnu set size:undefined disposed:false
1203 http fetch GET 200 https://registry.npmjs.org/@unrs%2fresolver-binding-darwin-arm64 45ms (cache miss)
1204 silly packumentCache full:https://registry.npmjs.org/@unrs%2fresolver-binding-darwin-arm64 set size:undefined disposed:false
1205 http fetch GET 200 https://registry.npmjs.org/@unrs%2fresolver-binding-wasm32-wasi 204ms (cache miss)
1206 silly packumentCache full:https://registry.npmjs.org/@unrs%2fresolver-binding-wasm32-wasi set size:undefined disposed:false
1207 http fetch GET 200 https://registry.npmjs.org/@unrs%2fresolver-binding-freebsd-x64 319ms (cache miss)
1208 silly packumentCache full:https://registry.npmjs.org/@unrs%2fresolver-binding-freebsd-x64 set size:undefined disposed:false
1209 http fetch GET 200 https://registry.npmjs.org/@unrs%2fresolver-binding-linux-arm64-musl 309ms (cache miss)
1210 silly packumentCache full:https://registry.npmjs.org/@unrs%2fresolver-binding-linux-arm64-musl set size:undefined disposed:false
1211 http fetch GET 200 https://registry.npmjs.org/@unrs%2fresolver-binding-android-arm-eabi 314ms (cache miss)
1212 silly packumentCache full:https://registry.npmjs.org/@unrs%2fresolver-binding-android-arm-eabi set size:undefined disposed:false
1213 http fetch GET 200 https://registry.npmjs.org/@unrs%2fresolver-binding-linux-riscv64-musl 331ms (cache miss)
1214 silly packumentCache full:https://registry.npmjs.org/@unrs%2fresolver-binding-linux-riscv64-musl set size:undefined disposed:false
1215 http fetch GET 200 https://registry.npmjs.org/@unrs%2fresolver-binding-win32-x64-msvc 486ms (cache miss)
1216 silly packumentCache full:https://registry.npmjs.org/@unrs%2fresolver-binding-win32-x64-msvc set size:undefined disposed:false
1217 silly placeDep ROOT @rtsao/scc@1.1.0 OK for: eslint-plugin-import@2.32.0 want: ^1.1.0
1218 silly placeDep ROOT array-includes@3.1.9 OK for: eslint-plugin-import@2.32.0 want: ^3.1.9
1219 silly placeDep ROOT array.prototype.findlastindex@1.2.6 OK for: eslint-plugin-import@2.32.0 want: ^1.2.6
1220 silly placeDep ROOT array.prototype.flat@1.3.3 OK for: eslint-plugin-import@2.32.0 want: ^1.3.3
1221 silly placeDep ROOT array.prototype.flatmap@1.3.3 OK for: eslint-plugin-import@2.32.0 want: ^1.3.3
1222 silly placeDep node_modules/eslint-plugin-import debug@3.2.7 OK for: eslint-plugin-import@2.32.0 want: ^3.2.7
1223 silly placeDep ROOT doctrine@2.1.0 OK for: eslint-plugin-import@2.32.0 want: ^2.1.0
1224 silly placeDep ROOT eslint-module-utils@2.12.1 OK for: eslint-plugin-import@2.32.0 want: ^2.12.1
1225 silly placeDep ROOT hasown@2.0.2 OK for: eslint-plugin-import@2.32.0 want: ^2.0.2
1226 silly placeDep ROOT object.fromentries@2.0.8 OK for: eslint-plugin-import@2.32.0 want: ^2.0.8
1227 silly placeDep ROOT object.groupby@1.0.3 OK for: eslint-plugin-import@2.32.0 want: ^1.0.3
1228 silly placeDep ROOT object.values@1.2.1 OK for: eslint-plugin-import@2.32.0 want: ^1.2.1
1229 silly placeDep ROOT semver@6.3.1 OK for: eslint-plugin-import@2.32.0 want: ^6.3.1
1230 silly placeDep ROOT string.prototype.trimend@1.0.9 OK for: eslint-plugin-import@2.32.0 want: ^1.0.9
1231 silly placeDep ROOT tsconfig-paths@3.15.0 OK for: eslint-plugin-import@2.32.0 want: ^3.15.0
1232 silly fetch manifest call-bind@^1.0.8
1233 silly packumentCache full:https://registry.npmjs.org/call-bind cache-miss
1234 silly fetch manifest call-bound@^1.0.4
1235 silly packumentCache full:https://registry.npmjs.org/call-bound cache-miss
1236 silly fetch manifest define-properties@^1.2.1
1237 silly packumentCache full:https://registry.npmjs.org/define-properties cache-miss
1238 silly fetch manifest es-abstract@^1.24.0
1239 silly packumentCache full:https://registry.npmjs.org/es-abstract cache-miss
1240 silly fetch manifest es-object-atoms@^1.1.1
1241 silly packumentCache full:https://registry.npmjs.org/es-object-atoms cache-miss
1242 silly fetch manifest get-intrinsic@^1.3.0
1243 silly packumentCache full:https://registry.npmjs.org/get-intrinsic cache-miss
1244 silly fetch manifest is-string@^1.1.1
1245 silly packumentCache full:https://registry.npmjs.org/is-string cache-miss
1246 silly fetch manifest math-intrinsics@^1.1.0
1247 silly packumentCache full:https://registry.npmjs.org/math-intrinsics cache-miss
1248 silly fetch manifest call-bind@^1.0.8
1249 silly packumentCache full:https://registry.npmjs.org/call-bind cache-miss
1250 silly fetch manifest call-bound@^1.0.4
1251 silly packumentCache full:https://registry.npmjs.org/call-bound cache-miss
1252 silly fetch manifest define-properties@^1.2.1
1253 silly packumentCache full:https://registry.npmjs.org/define-properties cache-miss
1254 http fetch GET 200 https://registry.npmjs.org/math-intrinsics 39ms (cache miss)
1255 silly packumentCache full:https://registry.npmjs.org/math-intrinsics set size:undefined disposed:false
1256 silly fetch manifest es-abstract@^1.23.9
1257 silly packumentCache full:https://registry.npmjs.org/es-abstract cache-miss
1258 http fetch GET 200 https://registry.npmjs.org/es-object-atoms 43ms (cache miss)
1259 silly packumentCache full:https://registry.npmjs.org/es-object-atoms set size:undefined disposed:false
1260 silly fetch manifest es-errors@^1.3.0
1261 silly packumentCache full:https://registry.npmjs.org/es-errors cache-miss
1262 http fetch GET 200 https://registry.npmjs.org/is-string 43ms (cache miss)
1263 silly packumentCache full:https://registry.npmjs.org/is-string set size:undefined disposed:false
1264 silly fetch manifest es-shim-unscopables@^1.1.0
1265 silly packumentCache full:https://registry.npmjs.org/es-shim-unscopables cache-miss
1266 http fetch GET 200 https://registry.npmjs.org/define-properties 46ms (cache miss)
1267 silly packumentCache full:https://registry.npmjs.org/define-properties set size:undefined disposed:false
1268 silly fetch manifest call-bind@^1.0.8
1269 silly packumentCache full:https://registry.npmjs.org/call-bind cache-miss
1270 http fetch GET 200 https://registry.npmjs.org/call-bind 49ms (cache miss)
1271 silly packumentCache full:https://registry.npmjs.org/call-bind set size:undefined disposed:false
1272 silly fetch manifest es-abstract@^1.23.5
1273 silly packumentCache full:https://registry.npmjs.org/es-abstract cache-miss
1274 http fetch GET 200 https://registry.npmjs.org/get-intrinsic 50ms (cache miss)
1275 silly packumentCache full:https://registry.npmjs.org/get-intrinsic set size:undefined disposed:false
1276 silly fetch manifest es-shim-unscopables@^1.0.2
1277 silly packumentCache full:https://registry.npmjs.org/es-shim-unscopables cache-miss
1278 http fetch GET 200 https://registry.npmjs.org/call-bind 53ms (cache miss)
1279 silly packumentCache full:https://registry.npmjs.org/call-bind set size:undefined disposed:false
1280 silly fetch manifest es-abstract@^1.23.5
1281 silly packumentCache full:https://registry.npmjs.org/es-abstract cache-miss
1282 http fetch GET 200 https://registry.npmjs.org/call-bound 53ms (cache miss)
1283 silly packumentCache full:https://registry.npmjs.org/call-bound set size:undefined disposed:false
1284 silly fetch manifest es-shim-unscopables@^1.0.2
1285 silly packumentCache full:https://registry.npmjs.org/es-shim-unscopables cache-miss
1286 http fetch GET 200 https://registry.npmjs.org/define-properties 55ms (cache miss)
1287 silly packumentCache full:https://registry.npmjs.org/define-properties set size:undefined disposed:false
1288 silly fetch manifest function-bind@^1.1.2
1289 silly packumentCache full:https://registry.npmjs.org/function-bind cache-miss
1290 http fetch GET 200 https://registry.npmjs.org/call-bound 62ms (cache miss)
1291 silly packumentCache full:https://registry.npmjs.org/call-bound set size:undefined disposed:false
1292 silly fetch manifest call-bind@^1.0.7
1293 silly packumentCache full:https://registry.npmjs.org/call-bind cache-miss
1294 http cache https://registry.npmjs.org/call-bind 17ms (cache hit)
1295 silly packumentCache full:https://registry.npmjs.org/call-bind set size:30096 disposed:false
1296 silly fetch manifest es-abstract@^1.23.2
1297 silly packumentCache full:https://registry.npmjs.org/es-abstract cache-miss
1298 http fetch GET 200 https://registry.npmjs.org/es-abstract 66ms (cache miss)
1299 silly packumentCache full:https://registry.npmjs.org/es-abstract set size:undefined disposed:false
1300 silly fetch manifest es-object-atoms@^1.0.0
1301 silly packumentCache full:https://registry.npmjs.org/es-object-atoms cache-miss
1302 http cache https://registry.npmjs.org/call-bind 13ms (cache hit)
1303 silly packumentCache full:https://registry.npmjs.org/call-bind set size:30096 disposed:false
1304 silly packumentCache full:https://registry.npmjs.org/call-bind dispose
1305 silly fetch manifest es-abstract@^1.23.2
1306 silly packumentCache full:https://registry.npmjs.org/es-abstract cache-miss
1307 http fetch GET 200 https://registry.npmjs.org/es-shim-unscopables 38ms (cache miss)
1308 silly packumentCache full:https://registry.npmjs.org/es-shim-unscopables set size:undefined disposed:false
1309 silly fetch manifest call-bound@^1.0.3
1310 silly packumentCache full:https://registry.npmjs.org/call-bound cache-miss
1311 http cache https://registry.npmjs.org/es-abstract 11ms (cache hit)
1312 silly packumentCache full:https://registry.npmjs.org/es-abstract set size:378584 disposed:false
1313 silly fetch manifest es-object-atoms@^1.0.0
1314 silly packumentCache full:https://registry.npmjs.org/es-object-atoms cache-miss
1315 http cache https://registry.npmjs.org/es-object-atoms 19ms (cache hit)
1316 silly packumentCache full:https://registry.npmjs.org/es-object-atoms set size:15304 disposed:false
1317 silly fetch manifest call-bound@^1.0.2
1318 silly packumentCache full:https://registry.npmjs.org/call-bound cache-miss
1319 http fetch GET 200 https://registry.npmjs.org/es-errors 49ms (cache miss)
1320 silly packumentCache full:https://registry.npmjs.org/es-errors set size:undefined disposed:false
1321 silly fetch manifest json5@^1.0.2
1322 silly packumentCache full:https://registry.npmjs.org/json5 cache-miss
1323 http fetch GET 200 https://registry.npmjs.org/es-shim-unscopables 45ms (cache miss)
1324 silly packumentCache full:https://registry.npmjs.org/es-shim-unscopables set size:undefined disposed:false
1325 silly fetch manifest minimist@^1.2.6
1326 silly packumentCache full:https://registry.npmjs.org/minimist cache-miss
1327 http fetch GET 200 https://registry.npmjs.org/es-shim-unscopables 41ms (cache miss)
1328 silly packumentCache full:https://registry.npmjs.org/es-shim-unscopables set size:undefined disposed:false
1329 silly fetch manifest strip-bom@^3.0.0
1330 silly packumentCache full:https://registry.npmjs.org/strip-bom cache-miss
1331 http fetch GET 200 https://registry.npmjs.org/function-bind 43ms (cache miss)
1332 silly packumentCache full:https://registry.npmjs.org/function-bind set size:undefined disposed:false
1333 silly fetch manifest @types/json5@^0.0.29
1334 silly packumentCache full:https://registry.npmjs.org/@types%2fjson5 cache-miss
1335 http cache https://registry.npmjs.org/call-bound 21ms (cache hit)
1336 silly packumentCache full:https://registry.npmjs.org/call-bound set size:15317 disposed:false
1337 http fetch GET 200 https://registry.npmjs.org/es-abstract 65ms (cache miss)
1338 silly packumentCache full:https://registry.npmjs.org/es-abstract set size:undefined disposed:false
1339 silly packumentCache full:https://registry.npmjs.org/es-abstract dispose
1340 http cache https://registry.npmjs.org/es-object-atoms 19ms (cache hit)
1341 silly packumentCache full:https://registry.npmjs.org/es-object-atoms set size:15304 disposed:false
1342 silly packumentCache full:https://registry.npmjs.org/es-object-atoms dispose
1343 http cache https://registry.npmjs.org/call-bound 19ms (cache hit)
1344 silly packumentCache full:https://registry.npmjs.org/call-bound set size:15317 disposed:false
1345 silly packumentCache full:https://registry.npmjs.org/call-bound dispose
1346 http fetch GET 200 https://registry.npmjs.org/es-abstract 63ms (cache miss)
1347 silly packumentCache full:https://registry.npmjs.org/es-abstract set size:undefined disposed:true
1348 http fetch GET 200 https://registry.npmjs.org/es-abstract 62ms (cache miss)
1349 silly packumentCache full:https://registry.npmjs.org/es-abstract set size:undefined disposed:false
1350 http fetch GET 200 https://registry.npmjs.org/es-abstract 57ms (cache miss)
1351 silly packumentCache full:https://registry.npmjs.org/es-abstract set size:undefined disposed:false
1352 http fetch GET 200 https://registry.npmjs.org/json5 33ms (cache miss)
1353 silly packumentCache full:https://registry.npmjs.org/json5 set size:undefined disposed:false
1354 http fetch GET 200 https://registry.npmjs.org/minimist 35ms (cache miss)
1355 silly packumentCache full:https://registry.npmjs.org/minimist set size:undefined disposed:false
1356 http fetch GET 200 https://registry.npmjs.org/@types%2fjson5 31ms (cache miss)
1357 silly packumentCache full:https://registry.npmjs.org/@types%2fjson5 set size:undefined disposed:false
1358 http fetch GET 200 https://registry.npmjs.org/strip-bom 186ms (cache miss)
1359 silly packumentCache full:https://registry.npmjs.org/strip-bom set size:undefined disposed:false
1360 silly placeDep ROOT call-bind@1.0.8 OK for: array-includes@3.1.9 want: ^1.0.8
1361 silly placeDep ROOT call-bound@1.0.4 OK for: array-includes@3.1.9 want: ^1.0.4
1362 silly placeDep ROOT define-properties@1.2.1 OK for: array-includes@3.1.9 want: ^1.2.1
1363 silly placeDep ROOT es-abstract@1.24.1 OK for: array-includes@3.1.9 want: ^1.24.0
1364 silly placeDep ROOT es-object-atoms@1.1.1 OK for: array-includes@3.1.9 want: ^1.1.1
1365 silly placeDep ROOT get-intrinsic@1.3.0 OK for: array-includes@3.1.9 want: ^1.3.0
1366 silly placeDep ROOT is-string@1.1.1 OK for: array-includes@3.1.9 want: ^1.1.1
1367 silly placeDep ROOT math-intrinsics@1.1.0 OK for: array-includes@3.1.9 want: ^1.1.0
1368 silly fetch manifest call-bind-apply-helpers@^1.0.0
1369 silly packumentCache full:https://registry.npmjs.org/call-bind-apply-helpers cache-miss
1370 silly fetch manifest es-define-property@^1.0.0
1371 silly packumentCache full:https://registry.npmjs.org/es-define-property cache-miss
1372 silly fetch manifest get-intrinsic@^1.2.4
1373 silly packumentCache full:https://registry.npmjs.org/get-intrinsic cache-miss
1374 silly fetch manifest set-function-length@^1.2.2
1375 silly packumentCache full:https://registry.npmjs.org/set-function-length cache-miss
1376 silly fetch manifest call-bind-apply-helpers@^1.0.2
1377 silly packumentCache full:https://registry.npmjs.org/call-bind-apply-helpers cache-miss
1378 silly fetch manifest define-data-property@^1.0.1
1379 silly packumentCache full:https://registry.npmjs.org/define-data-property cache-miss
1380 silly fetch manifest has-property-descriptors@^1.0.0
1381 silly packumentCache full:https://registry.npmjs.org/has-property-descriptors cache-miss
1382 silly fetch manifest object-keys@^1.1.1
1383 silly packumentCache full:https://registry.npmjs.org/object-keys cache-miss
1384 silly fetch manifest array-buffer-byte-length@^1.0.2
1385 silly packumentCache full:https://registry.npmjs.org/array-buffer-byte-length cache-miss
1386 silly fetch manifest arraybuffer.prototype.slice@^1.0.4
1387 silly packumentCache full:https://registry.npmjs.org/arraybuffer.prototype.slice cache-miss
1388 silly fetch manifest available-typed-arrays@^1.0.7
1389 silly packumentCache full:https://registry.npmjs.org/available-typed-arrays cache-miss
1390 http cache https://registry.npmjs.org/get-intrinsic 10ms (cache hit)
1391 silly packumentCache full:https://registry.npmjs.org/get-intrinsic set size:60985 disposed:false
1392 silly fetch manifest data-view-buffer@^1.0.2
1393 silly packumentCache full:https://registry.npmjs.org/data-view-buffer cache-miss
1394 http fetch GET 200 https://registry.npmjs.org/has-property-descriptors 36ms (cache miss)
1395 silly packumentCache full:https://registry.npmjs.org/has-property-descriptors set size:undefined disposed:false
1396 silly fetch manifest data-view-byte-length@^1.0.2
1397 silly packumentCache full:https://registry.npmjs.org/data-view-byte-length cache-miss
1398 http fetch GET 200 https://registry.npmjs.org/call-bind-apply-helpers 39ms (cache miss)
1399 silly packumentCache full:https://registry.npmjs.org/call-bind-apply-helpers set size:undefined disposed:false
1400 silly fetch manifest data-view-byte-offset@^1.0.1
1401 silly packumentCache full:https://registry.npmjs.org/data-view-byte-offset cache-miss
1402 http fetch GET 200 https://registry.npmjs.org/call-bind-apply-helpers 41ms (cache miss)
1403 silly packumentCache full:https://registry.npmjs.org/call-bind-apply-helpers set size:undefined disposed:false
1404 silly fetch manifest es-define-property@^1.0.1
1405 silly packumentCache full:https://registry.npmjs.org/es-define-property cache-miss
1406 http fetch GET 200 https://registry.npmjs.org/define-data-property 40ms (cache miss)
1407 silly packumentCache full:https://registry.npmjs.org/define-data-property set size:undefined disposed:false
1408 silly fetch manifest es-set-tostringtag@^2.1.0
1409 silly packumentCache full:https://registry.npmjs.org/es-set-tostringtag cache-miss
1410 http fetch GET 200 https://registry.npmjs.org/set-function-length 44ms (cache miss)
1411 silly packumentCache full:https://registry.npmjs.org/set-function-length set size:undefined disposed:false
1412 silly fetch manifest es-to-primitive@^1.3.0
1413 silly packumentCache full:https://registry.npmjs.org/es-to-primitive cache-miss
1414 http fetch GET 200 https://registry.npmjs.org/es-define-property 46ms (cache miss)
1415 silly packumentCache full:https://registry.npmjs.org/es-define-property set size:undefined disposed:false
1416 silly fetch manifest function.prototype.name@^1.1.8
1417 silly packumentCache full:https://registry.npmjs.org/function.prototype.name cache-miss
1418 http fetch GET 200 https://registry.npmjs.org/array-buffer-byte-length 45ms (cache miss)
1419 silly packumentCache full:https://registry.npmjs.org/array-buffer-byte-length set size:undefined disposed:false
1420 silly fetch manifest get-proto@^1.0.1
1421 silly packumentCache full:https://registry.npmjs.org/get-proto cache-miss
1422 http fetch GET 200 https://registry.npmjs.org/available-typed-arrays 46ms (cache miss)
1423 silly packumentCache full:https://registry.npmjs.org/available-typed-arrays set size:undefined disposed:false
1424 silly fetch manifest get-symbol-description@^1.1.0
1425 silly packumentCache full:https://registry.npmjs.org/get-symbol-description cache-miss
1426 http fetch GET 200 https://registry.npmjs.org/object-keys 49ms (cache miss)
1427 silly packumentCache full:https://registry.npmjs.org/object-keys set size:undefined disposed:false
1428 silly fetch manifest globalthis@^1.0.4
1429 silly packumentCache full:https://registry.npmjs.org/globalthis cache-miss
1430 http fetch GET 200 https://registry.npmjs.org/arraybuffer.prototype.slice 50ms (cache miss)
1431 silly packumentCache full:https://registry.npmjs.org/arraybuffer.prototype.slice set size:undefined disposed:false
1432 silly fetch manifest gopd@^1.2.0
1433 silly packumentCache full:https://registry.npmjs.org/gopd cache-miss
1434 http fetch GET 200 https://registry.npmjs.org/data-view-buffer 42ms (cache miss)
1435 silly packumentCache full:https://registry.npmjs.org/data-view-buffer set size:undefined disposed:false
1436 silly fetch manifest has-property-descriptors@^1.0.2
1437 silly packumentCache full:https://registry.npmjs.org/has-property-descriptors cache-miss
1438 http cache https://registry.npmjs.org/es-define-property 15ms (cache hit)
1439 silly packumentCache full:https://registry.npmjs.org/es-define-property set size:8542 disposed:false
1440 silly fetch manifest has-proto@^1.2.0
1441 silly packumentCache full:https://registry.npmjs.org/has-proto cache-miss
1442 http cache https://registry.npmjs.org/has-property-descriptors 3ms (cache hit)
1443 silly packumentCache full:https://registry.npmjs.org/has-property-descriptors set size:12452 disposed:false
1444 silly fetch manifest has-symbols@^1.1.0
1445 silly packumentCache full:https://registry.npmjs.org/has-symbols cache-miss
1446 http fetch GET 200 https://registry.npmjs.org/data-view-byte-length 24ms (cache miss)
1447 silly packumentCache full:https://registry.npmjs.org/data-view-byte-length set size:undefined disposed:false
1448 silly fetch manifest internal-slot@^1.1.0
1449 silly packumentCache full:https://registry.npmjs.org/internal-slot cache-miss
1450 http fetch GET 200 https://registry.npmjs.org/data-view-byte-offset 26ms (cache miss)
1451 silly packumentCache full:https://registry.npmjs.org/data-view-byte-offset set size:undefined disposed:false
1452 silly fetch manifest is-array-buffer@^3.0.5
1453 silly packumentCache full:https://registry.npmjs.org/is-array-buffer cache-miss
1454 http fetch GET 200 https://registry.npmjs.org/es-set-tostringtag 33ms (cache miss)
1455 silly packumentCache full:https://registry.npmjs.org/es-set-tostringtag set size:undefined disposed:false
1456 silly fetch manifest is-callable@^1.2.7
1457 silly packumentCache full:https://registry.npmjs.org/is-callable cache-miss
1458 http fetch GET 200 https://registry.npmjs.org/get-proto 30ms (cache miss)
1459 silly packumentCache full:https://registry.npmjs.org/get-proto set size:undefined disposed:false
1460 silly fetch manifest is-data-view@^1.0.2
1461 silly packumentCache full:https://registry.npmjs.org/is-data-view cache-miss
1462 http fetch GET 200 https://registry.npmjs.org/function.prototype.name 33ms (cache miss)
1463 silly packumentCache full:https://registry.npmjs.org/function.prototype.name set size:undefined disposed:false
1464 silly fetch manifest is-negative-zero@^2.0.3
1465 silly packumentCache full:https://registry.npmjs.org/is-negative-zero cache-miss
1466 http fetch GET 200 https://registry.npmjs.org/es-to-primitive 36ms (cache miss)
1467 silly packumentCache full:https://registry.npmjs.org/es-to-primitive set size:undefined disposed:false
1468 silly fetch manifest is-regex@^1.2.1
1469 silly packumentCache full:https://registry.npmjs.org/is-regex cache-miss
1470 http fetch GET 200 https://registry.npmjs.org/get-symbol-description 33ms (cache miss)
1471 silly packumentCache full:https://registry.npmjs.org/get-symbol-description set size:undefined disposed:false
1472 silly fetch manifest is-set@^2.0.3
1473 silly packumentCache full:https://registry.npmjs.org/is-set cache-miss
1474 http fetch GET 200 https://registry.npmjs.org/globalthis 35ms (cache miss)
1475 silly packumentCache full:https://registry.npmjs.org/globalthis set size:undefined disposed:false
1476 silly fetch manifest is-shared-array-buffer@^1.0.4
1477 silly packumentCache full:https://registry.npmjs.org/is-shared-array-buffer cache-miss
1478 http fetch GET 200 https://registry.npmjs.org/internal-slot 27ms (cache miss)
1479 silly packumentCache full:https://registry.npmjs.org/internal-slot set size:undefined disposed:false
1480 silly fetch manifest is-typed-array@^1.1.15
1481 silly packumentCache full:https://registry.npmjs.org/is-typed-array cache-miss
1482 http fetch GET 200 https://registry.npmjs.org/gopd 40ms (cache miss)
1483 silly packumentCache full:https://registry.npmjs.org/gopd set size:undefined disposed:false
1484 silly fetch manifest is-weakref@^1.1.1
1485 silly packumentCache full:https://registry.npmjs.org/is-weakref cache-miss
1486 http fetch GET 200 https://registry.npmjs.org/has-proto 39ms (cache miss)
1487 silly packumentCache full:https://registry.npmjs.org/has-proto set size:undefined disposed:false
1488 silly fetch manifest object-inspect@^1.13.4
1489 silly packumentCache full:https://registry.npmjs.org/object-inspect cache-miss
1490 http fetch GET 200 https://registry.npmjs.org/is-negative-zero 22ms (cache miss)
1491 silly packumentCache full:https://registry.npmjs.org/is-negative-zero set size:undefined disposed:false
1492 silly fetch manifest object.assign@^4.1.7
1493 silly packumentCache full:https://registry.npmjs.org/object.assign cache-miss
1494 http fetch GET 200 https://registry.npmjs.org/is-data-view 29ms (cache miss)
1495 silly packumentCache full:https://registry.npmjs.org/is-data-view set size:undefined disposed:false
1496 silly fetch manifest own-keys@^1.0.1
1497 silly packumentCache full:https://registry.npmjs.org/own-keys cache-miss
1498 http fetch GET 200 https://registry.npmjs.org/is-set 28ms (cache miss)
1499 silly packumentCache full:https://registry.npmjs.org/is-set set size:undefined disposed:false
1500 silly fetch manifest regexp.prototype.flags@^1.5.4
1501 silly packumentCache full:https://registry.npmjs.org/regexp.prototype.flags cache-miss
1502 http fetch GET 200 https://registry.npmjs.org/is-array-buffer 50ms (cache miss)
1503 silly packumentCache full:https://registry.npmjs.org/is-array-buffer set size:undefined disposed:false
1504 silly fetch manifest safe-array-concat@^1.1.3
1505 silly packumentCache full:https://registry.npmjs.org/safe-array-concat cache-miss
1506 http fetch GET 200 https://registry.npmjs.org/is-regex 36ms (cache miss)
1507 silly packumentCache full:https://registry.npmjs.org/is-regex set size:undefined disposed:false
1508 silly fetch manifest safe-push-apply@^1.0.0
1509 silly packumentCache full:https://registry.npmjs.org/safe-push-apply cache-miss
1510 http fetch GET 200 https://registry.npmjs.org/is-shared-array-buffer 33ms (cache miss)
1511 silly packumentCache full:https://registry.npmjs.org/is-shared-array-buffer set size:undefined disposed:false
1512 silly fetch manifest safe-regex-test@^1.1.0
1513 silly packumentCache full:https://registry.npmjs.org/safe-regex-test cache-miss
1514 http fetch GET 200 https://registry.npmjs.org/is-callable 47ms (cache miss)
1515 silly packumentCache full:https://registry.npmjs.org/is-callable set size:undefined disposed:false
1516 silly fetch manifest set-proto@^1.0.0
1517 silly packumentCache full:https://registry.npmjs.org/set-proto cache-miss
1518 http fetch GET 200 https://registry.npmjs.org/is-typed-array 33ms (cache miss)
1519 silly packumentCache full:https://registry.npmjs.org/is-typed-array set size:undefined disposed:false
1520 silly fetch manifest stop-iteration-iterator@^1.1.0
1521 silly packumentCache full:https://registry.npmjs.org/stop-iteration-iterator cache-miss
1522 http cache https://registry.npmjs.org/safe-regex-test 11ms (cache hit)
1523 silly packumentCache full:https://registry.npmjs.org/safe-regex-test set size:17412 disposed:false
1524 silly fetch manifest string.prototype.trim@^1.2.10
1525 silly packumentCache full:https://registry.npmjs.org/string.prototype.trim cache-miss
1526 http fetch GET 200 https://registry.npmjs.org/is-weakref 39ms (cache miss)
1527 silly packumentCache full:https://registry.npmjs.org/is-weakref set size:undefined disposed:false
1528 silly fetch manifest string.prototype.trimstart@^1.0.8
1529 silly packumentCache full:https://registry.npmjs.org/string.prototype.trimstart cache-miss
1530 http fetch GET 200 https://registry.npmjs.org/object-inspect 38ms (cache miss)
1531 silly packumentCache full:https://registry.npmjs.org/object-inspect set size:undefined disposed:false
1532 silly fetch manifest typed-array-buffer@^1.0.3
1533 silly packumentCache full:https://registry.npmjs.org/typed-array-buffer cache-miss
1534 http fetch GET 200 https://registry.npmjs.org/object.assign 32ms (cache miss)
1535 silly packumentCache full:https://registry.npmjs.org/object.assign set size:undefined disposed:false
1536 silly fetch manifest typed-array-byte-length@^1.0.3
1537 silly packumentCache full:https://registry.npmjs.org/typed-array-byte-length cache-miss
1538 http fetch GET 200 https://registry.npmjs.org/own-keys 36ms (cache miss)
1539 silly packumentCache full:https://registry.npmjs.org/own-keys set size:undefined disposed:false
1540 silly fetch manifest typed-array-byte-offset@^1.0.4
1541 silly packumentCache full:https://registry.npmjs.org/typed-array-byte-offset cache-miss
1542 http fetch GET 200 https://registry.npmjs.org/regexp.prototype.flags 34ms (cache miss)
1543 silly packumentCache full:https://registry.npmjs.org/regexp.prototype.flags set size:undefined disposed:false
1544 silly fetch manifest typed-array-length@^1.0.7
1545 silly packumentCache full:https://registry.npmjs.org/typed-array-length cache-miss
1546 http fetch GET 200 https://registry.npmjs.org/safe-array-concat 31ms (cache miss)
1547 silly packumentCache full:https://registry.npmjs.org/safe-array-concat set size:undefined disposed:false
1548 silly fetch manifest unbox-primitive@^1.1.0
1549 silly packumentCache full:https://registry.npmjs.org/unbox-primitive cache-miss
1550 http fetch GET 200 https://registry.npmjs.org/safe-push-apply 32ms (cache miss)
1551 silly packumentCache full:https://registry.npmjs.org/safe-push-apply set size:undefined disposed:false
1552 silly fetch manifest which-typed-array@^1.1.19
1553 silly packumentCache full:https://registry.npmjs.org/which-typed-array cache-miss
1554 http fetch GET 200 https://registry.npmjs.org/stop-iteration-iterator 31ms (cache miss)
1555 silly packumentCache full:https://registry.npmjs.org/stop-iteration-iterator set size:undefined disposed:false
1556 silly fetch manifest has-symbols@^1.1.0
1557 silly packumentCache full:https://registry.npmjs.org/has-symbols cache-miss
1558 http fetch GET 200 https://registry.npmjs.org/string.prototype.trim 27ms (cache miss)
1559 silly packumentCache full:https://registry.npmjs.org/string.prototype.trim set size:undefined disposed:false
1560 silly fetch manifest has-tostringtag@^1.0.2
1561 silly packumentCache full:https://registry.npmjs.org/has-tostringtag cache-miss
1562 http fetch GET 200 https://registry.npmjs.org/set-proto 36ms (cache miss)
1563 silly packumentCache full:https://registry.npmjs.org/set-proto set size:undefined disposed:false
1564 http fetch GET 200 https://registry.npmjs.org/string.prototype.trimstart 34ms (cache miss)
1565 silly packumentCache full:https://registry.npmjs.org/string.prototype.trimstart set size:undefined disposed:false
1566 http fetch GET 200 https://registry.npmjs.org/typed-array-byte-length 31ms (cache miss)
1567 silly packumentCache full:https://registry.npmjs.org/typed-array-byte-length set size:undefined disposed:false
1568 http fetch GET 200 https://registry.npmjs.org/typed-array-length 25ms (cache miss)
1569 silly packumentCache full:https://registry.npmjs.org/typed-array-length set size:undefined disposed:false
1570 http fetch GET 200 https://registry.npmjs.org/unbox-primitive 29ms (cache miss)
1571 silly packumentCache full:https://registry.npmjs.org/unbox-primitive set size:undefined disposed:false
1572 http fetch GET 200 https://registry.npmjs.org/typed-array-byte-offset 35ms (cache miss)
1573 silly packumentCache full:https://registry.npmjs.org/typed-array-byte-offset set size:undefined disposed:false
1574 http fetch GET 200 https://registry.npmjs.org/which-typed-array 27ms (cache miss)
1575 silly packumentCache full:https://registry.npmjs.org/which-typed-array set size:undefined disposed:false
1576 http fetch GET 200 https://registry.npmjs.org/typed-array-buffer 52ms (cache miss)
1577 silly packumentCache full:https://registry.npmjs.org/typed-array-buffer set size:undefined disposed:false
1578 http fetch GET 200 https://registry.npmjs.org/has-tostringtag 30ms (cache miss)
1579 silly packumentCache full:https://registry.npmjs.org/has-tostringtag set size:undefined disposed:false
1580 http fetch GET 200 https://registry.npmjs.org/has-symbols 191ms (cache miss)
1581 silly packumentCache full:https://registry.npmjs.org/has-symbols set size:undefined disposed:false
1582 http fetch GET 200 https://registry.npmjs.org/has-symbols 94ms (cache miss)
1583 silly packumentCache full:https://registry.npmjs.org/has-symbols set size:undefined disposed:false
1584 silly placeDep ROOT es-errors@1.3.0 OK for: array.prototype.findlastindex@1.2.6 want: ^1.3.0
1585 silly placeDep ROOT es-shim-unscopables@1.1.0 OK for: array.prototype.findlastindex@1.2.6 want: ^1.1.0
1586 silly placeDep ROOT call-bind-apply-helpers@1.0.2 OK for: call-bind@1.0.8 want: ^1.0.0
1587 silly placeDep ROOT es-define-property@1.0.1 OK for: call-bind@1.0.8 want: ^1.0.0
1588 silly placeDep ROOT set-function-length@1.2.2 OK for: call-bind@1.0.8 want: ^1.2.2
1589 silly fetch manifest define-data-property@^1.1.4
1590 silly packumentCache full:https://registry.npmjs.org/define-data-property cache-miss
1591 silly fetch manifest gopd@^1.0.1
1592 silly packumentCache full:https://registry.npmjs.org/gopd cache-miss
1593 http cache https://registry.npmjs.org/define-data-property 3ms (cache hit)
1594 silly packumentCache full:https://registry.npmjs.org/define-data-property set size:28048 disposed:false
1595 http cache https://registry.npmjs.org/gopd 4ms (cache hit)
1596 silly packumentCache full:https://registry.npmjs.org/gopd set size:11458 disposed:false
1597 silly placeDep ROOT function-bind@1.1.2 OK for: call-bind-apply-helpers@1.0.2 want: ^1.1.2
1598 silly placeDep ROOT define-data-property@1.1.4 OK for: define-properties@1.2.1 want: ^1.0.1
1599 silly placeDep ROOT has-property-descriptors@1.0.2 OK for: define-properties@1.2.1 want: ^1.0.0
1600 silly placeDep ROOT object-keys@1.1.1 OK for: define-properties@1.2.1 want: ^1.1.1
1601 silly placeDep ROOT gopd@1.2.0 OK for: define-data-property@1.1.4 want: ^1.0.1
1602 silly placeDep ROOT array-buffer-byte-length@1.0.2 OK for: es-abstract@1.24.1 want: ^1.0.2
1603 silly placeDep ROOT arraybuffer.prototype.slice@1.0.4 OK for: es-abstract@1.24.1 want: ^1.0.4
1604 silly placeDep ROOT available-typed-arrays@1.0.7 OK for: es-abstract@1.24.1 want: ^1.0.7
1605 silly placeDep ROOT data-view-buffer@1.0.2 OK for: es-abstract@1.24.1 want: ^1.0.2
1606 silly placeDep ROOT data-view-byte-length@1.0.2 OK for: es-abstract@1.24.1 want: ^1.0.2
1607 silly placeDep ROOT data-view-byte-offset@1.0.1 OK for: es-abstract@1.24.1 want: ^1.0.1
1608 silly placeDep ROOT es-set-tostringtag@2.1.0 OK for: es-abstract@1.24.1 want: ^2.1.0
1609 silly placeDep ROOT es-to-primitive@1.3.0 OK for: es-abstract@1.24.1 want: ^1.3.0
1610 silly placeDep ROOT function.prototype.name@1.1.8 OK for: es-abstract@1.24.1 want: ^1.1.8
1611 silly placeDep ROOT get-proto@1.0.1 OK for: es-abstract@1.24.1 want: ^1.0.1
1612 silly placeDep ROOT get-symbol-description@1.1.0 OK for: es-abstract@1.24.1 want: ^1.1.0
1613 silly placeDep ROOT globalthis@1.0.4 OK for: es-abstract@1.24.1 want: ^1.0.4
1614 silly placeDep ROOT has-proto@1.2.0 OK for: es-abstract@1.24.1 want: ^1.2.0
1615 silly placeDep ROOT has-symbols@1.1.0 OK for: es-abstract@1.24.1 want: ^1.1.0
1616 silly placeDep ROOT internal-slot@1.1.0 OK for: es-abstract@1.24.1 want: ^1.1.0
1617 silly placeDep ROOT is-array-buffer@3.0.5 OK for: es-abstract@1.24.1 want: ^3.0.5
1618 silly placeDep ROOT is-callable@1.2.7 OK for: es-abstract@1.24.1 want: ^1.2.7
1619 silly placeDep ROOT is-data-view@1.0.2 OK for: es-abstract@1.24.1 want: ^1.0.2
1620 silly placeDep ROOT is-negative-zero@2.0.3 OK for: es-abstract@1.24.1 want: ^2.0.3
1621 silly placeDep ROOT is-regex@1.2.1 OK for: es-abstract@1.24.1 want: ^1.2.1
1622 silly placeDep ROOT is-set@2.0.3 OK for: es-abstract@1.24.1 want: ^2.0.3
1623 silly placeDep ROOT is-shared-array-buffer@1.0.4 OK for: es-abstract@1.24.1 want: ^1.0.4
1624 silly placeDep ROOT is-typed-array@1.1.15 OK for: es-abstract@1.24.1 want: ^1.1.15
1625 silly placeDep ROOT is-weakref@1.1.1 OK for: es-abstract@1.24.1 want: ^1.1.1
1626 silly placeDep ROOT object-inspect@1.13.4 OK for: es-abstract@1.24.1 want: ^1.13.4
1627 silly placeDep ROOT object.assign@4.1.7 OK for: es-abstract@1.24.1 want: ^4.1.7
1628 silly placeDep ROOT own-keys@1.0.1 OK for: es-abstract@1.24.1 want: ^1.0.1
1629 silly placeDep ROOT regexp.prototype.flags@1.5.4 OK for: es-abstract@1.24.1 want: ^1.5.4
1630 silly placeDep ROOT safe-array-concat@1.1.3 OK for: es-abstract@1.24.1 want: ^1.1.3
1631 silly placeDep ROOT safe-push-apply@1.0.0 OK for: es-abstract@1.24.1 want: ^1.0.0
1632 silly placeDep ROOT safe-regex-test@1.1.0 OK for: es-abstract@1.24.1 want: ^1.1.0
1633 silly placeDep ROOT set-proto@1.0.0 OK for: es-abstract@1.24.1 want: ^1.0.0
1634 silly placeDep ROOT stop-iteration-iterator@1.1.0 OK for: es-abstract@1.24.1 want: ^1.1.0
1635 silly placeDep ROOT string.prototype.trim@1.2.10 OK for: es-abstract@1.24.1 want: ^1.2.10
1636 silly placeDep ROOT string.prototype.trimstart@1.0.8 OK for: es-abstract@1.24.1 want: ^1.0.8
1637 silly placeDep ROOT typed-array-buffer@1.0.3 OK for: es-abstract@1.24.1 want: ^1.0.3
1638 silly placeDep ROOT typed-array-byte-length@1.0.3 OK for: es-abstract@1.24.1 want: ^1.0.3
1639 silly placeDep ROOT typed-array-byte-offset@1.0.4 OK for: es-abstract@1.24.1 want: ^1.0.4
1640 silly placeDep ROOT typed-array-length@1.0.7 OK for: es-abstract@1.24.1 want: ^1.0.7
1641 silly placeDep ROOT unbox-primitive@1.1.0 OK for: es-abstract@1.24.1 want: ^1.1.0
1642 silly placeDep ROOT which-typed-array@1.1.20 OK for: es-abstract@1.24.1 want: ^1.1.19
1643 silly fetch manifest is-array-buffer@^3.0.4
1644 silly packumentCache full:https://registry.npmjs.org/is-array-buffer cache-miss
1645 silly fetch manifest possible-typed-array-names@^1.0.0
1646 silly packumentCache full:https://registry.npmjs.org/possible-typed-array-names cache-miss
1647 silly fetch manifest is-data-view@^1.0.1
1648 silly packumentCache full:https://registry.npmjs.org/is-data-view cache-miss
1649 silly fetch manifest is-date-object@^1.0.5
1650 silly packumentCache full:https://registry.npmjs.org/is-date-object cache-miss
1651 silly fetch manifest is-symbol@^1.0.4
1652 silly packumentCache full:https://registry.npmjs.org/is-symbol cache-miss
1653 silly fetch manifest functions-have-names@^1.2.3
1654 silly packumentCache full:https://registry.npmjs.org/functions-have-names cache-miss
1655 silly fetch manifest dunder-proto@^1.0.1
1656 silly packumentCache full:https://registry.npmjs.org/dunder-proto cache-miss
1657 silly fetch manifest dunder-proto@^1.0.0
1658 silly packumentCache full:https://registry.npmjs.org/dunder-proto cache-miss
1659 silly fetch manifest side-channel@^1.1.0
1660 silly packumentCache full:https://registry.npmjs.org/side-channel cache-miss
1661 silly fetch manifest is-typed-array@^1.1.13
1662 silly packumentCache full:https://registry.npmjs.org/is-typed-array cache-miss
1663 silly fetch manifest which-typed-array@^1.1.16
1664 silly packumentCache full:https://registry.npmjs.org/which-typed-array cache-miss
1665 http cache https://registry.npmjs.org/is-typed-array 9ms (cache hit)
1666 silly packumentCache full:https://registry.npmjs.org/is-typed-array set size:79965 disposed:false
1667 silly fetch manifest set-function-name@^2.0.2
1668 silly packumentCache full:https://registry.npmjs.org/set-function-name cache-miss
1669 http cache https://registry.npmjs.org/which-typed-array 12ms (cache hit)
1670 silly packumentCache full:https://registry.npmjs.org/which-typed-array set size:93605 disposed:false
1671 silly fetch manifest isarray@^2.0.5
1672 silly packumentCache full:https://registry.npmjs.org/isarray cache-miss
1673 http cache https://registry.npmjs.org/is-data-view 21ms (cache hit)
1674 silly packumentCache full:https://registry.npmjs.org/is-data-view set size:13756 disposed:false
1675 silly fetch manifest isarray@^2.0.5
1676 silly packumentCache full:https://registry.npmjs.org/isarray cache-miss
1677 http cache https://registry.npmjs.org/is-array-buffer 24ms (cache hit)
1678 silly packumentCache full:https://registry.npmjs.org/is-array-buffer set size:33562 disposed:false
1679 silly fetch manifest dunder-proto@^1.0.1
1680 silly packumentCache full:https://registry.npmjs.org/dunder-proto cache-miss
1681 http fetch GET 200 https://registry.npmjs.org/is-symbol 29ms (cache miss)
1682 silly packumentCache full:https://registry.npmjs.org/is-symbol set size:undefined disposed:false
1683 silly fetch manifest for-each@^0.3.3
1684 silly packumentCache full:https://registry.npmjs.org/for-each cache-miss
1685 http fetch GET 200 https://registry.npmjs.org/dunder-proto 33ms (cache miss)
1686 silly packumentCache full:https://registry.npmjs.org/dunder-proto set size:undefined disposed:false
1687 silly fetch manifest for-each@^0.3.3
1688 silly packumentCache full:https://registry.npmjs.org/for-each cache-miss
1689 http fetch GET 200 https://registry.npmjs.org/possible-typed-array-names 42ms (cache miss)
1690 silly packumentCache full:https://registry.npmjs.org/possible-typed-array-names set size:undefined disposed:false
1691 silly fetch manifest reflect.getprototypeof@^1.0.9
1692 silly packumentCache full:https://registry.npmjs.org/reflect.getprototypeof cache-miss
1693 http fetch GET 200 https://registry.npmjs.org/side-channel 39ms (cache miss)
1694 silly packumentCache full:https://registry.npmjs.org/side-channel set size:undefined disposed:false
1695 silly fetch manifest for-each@^0.3.3
1696 silly packumentCache full:https://registry.npmjs.org/for-each cache-miss
1697 http fetch GET 200 https://registry.npmjs.org/dunder-proto 44ms (cache miss)
1698 silly packumentCache full:https://registry.npmjs.org/dunder-proto set size:undefined disposed:false
1699 silly fetch manifest reflect.getprototypeof@^1.0.6
1700 silly packumentCache full:https://registry.npmjs.org/reflect.getprototypeof cache-miss
1701 http fetch GET 200 https://registry.npmjs.org/functions-have-names 48ms (cache miss)
1702 silly packumentCache full:https://registry.npmjs.org/functions-have-names set size:undefined disposed:false
1703 silly fetch manifest has-bigints@^1.0.2
1704 silly packumentCache full:https://registry.npmjs.org/has-bigints cache-miss
1705 http fetch GET 200 https://registry.npmjs.org/isarray 35ms (cache miss)
1706 silly packumentCache full:https://registry.npmjs.org/isarray set size:undefined disposed:false
1707 silly fetch manifest which-boxed-primitive@^1.1.1
1708 silly packumentCache full:https://registry.npmjs.org/which-boxed-primitive cache-miss
1709 http fetch GET 200 https://registry.npmjs.org/set-function-name 40ms (cache miss)
1710 silly packumentCache full:https://registry.npmjs.org/set-function-name set size:undefined disposed:false
1711 silly fetch manifest for-each@^0.3.5
1712 silly packumentCache full:https://registry.npmjs.org/for-each cache-miss
1713 http fetch GET 200 https://registry.npmjs.org/isarray 38ms (cache miss)
1714 silly packumentCache full:https://registry.npmjs.org/isarray set size:undefined disposed:false
1715 http fetch GET 200 https://registry.npmjs.org/is-date-object 60ms (cache miss)
1716 silly packumentCache full:https://registry.npmjs.org/is-date-object set size:undefined disposed:false
1717 http fetch GET 200 https://registry.npmjs.org/dunder-proto 42ms (cache miss)
1718 silly packumentCache full:https://registry.npmjs.org/dunder-proto set size:undefined disposed:false
1719 http fetch GET 200 https://registry.npmjs.org/for-each 35ms (cache miss)
1720 silly packumentCache full:https://registry.npmjs.org/for-each set size:undefined disposed:false
1721 http fetch GET 200 https://registry.npmjs.org/for-each 31ms (cache miss)
1722 silly packumentCache full:https://registry.npmjs.org/for-each set size:undefined disposed:false
1723 http fetch GET 200 https://registry.npmjs.org/for-each 25ms (cache miss)
1724 silly packumentCache full:https://registry.npmjs.org/for-each set size:undefined disposed:false
1725 http fetch GET 200 https://registry.npmjs.org/reflect.getprototypeof 31ms (cache miss)
1726 silly packumentCache full:https://registry.npmjs.org/reflect.getprototypeof set size:undefined disposed:false
1727 http fetch GET 200 https://registry.npmjs.org/reflect.getprototypeof 31ms (cache miss)
1728 silly packumentCache full:https://registry.npmjs.org/reflect.getprototypeof set size:undefined disposed:false
1729 http fetch GET 200 https://registry.npmjs.org/has-bigints 29ms (cache miss)
1730 silly packumentCache full:https://registry.npmjs.org/has-bigints set size:undefined disposed:false
1731 http fetch GET 200 https://registry.npmjs.org/for-each 26ms (cache miss)
1732 silly packumentCache full:https://registry.npmjs.org/for-each set size:undefined disposed:false
1733 http fetch GET 200 https://registry.npmjs.org/which-boxed-primitive 28ms (cache miss)
1734 silly packumentCache full:https://registry.npmjs.org/which-boxed-primitive set size:undefined disposed:false
1735 silly placeDep ROOT possible-typed-array-names@1.1.0 OK for: available-typed-arrays@1.0.7 want: ^1.0.0
1736 silly placeDep ROOT has-tostringtag@1.0.2 OK for: es-set-tostringtag@2.1.0 want: ^1.0.2
1737 silly placeDep ROOT is-date-object@1.1.0 OK for: es-to-primitive@1.3.0 want: ^1.0.5
1738 silly placeDep ROOT is-symbol@1.1.1 OK for: es-to-primitive@1.3.0 want: ^1.0.4
1739 silly placeDep node_modules/eslint-module-utils debug@3.2.7 OK for: eslint-module-utils@2.12.1 want: ^3.2.7
1740 silly placeDep ROOT aria-query@5.3.2 OK for: eslint-plugin-jsx-a11y@6.10.2 want: ^5.3.2
1741 silly placeDep ROOT ast-types-flow@0.0.8 OK for: eslint-plugin-jsx-a11y@6.10.2 want: ^0.0.8
1742 silly placeDep ROOT axe-core@4.11.1 OK for: eslint-plugin-jsx-a11y@6.10.2 want: ^4.10.0
1743 silly placeDep ROOT axobject-query@4.1.0 OK for: eslint-plugin-jsx-a11y@6.10.2 want: ^4.1.0
1744 silly placeDep ROOT damerau-levenshtein@1.0.8 OK for: eslint-plugin-jsx-a11y@6.10.2 want: ^1.0.8
1745 silly placeDep ROOT emoji-regex@9.2.2 OK for: eslint-plugin-jsx-a11y@6.10.2 want: ^9.2.2
1746 silly placeDep ROOT jsx-ast-utils@3.3.5 OK for: eslint-plugin-jsx-a11y@6.10.2 want: ^3.3.5
1747 silly placeDep ROOT language-tags@1.0.9 OK for: eslint-plugin-jsx-a11y@6.10.2 want: ^1.0.9
1748 silly placeDep ROOT string.prototype.includes@2.0.1 OK for: eslint-plugin-jsx-a11y@6.10.2 want: ^2.0.1
1749 silly fetch manifest language-subtag-registry@^0.3.20
1750 silly packumentCache full:https://registry.npmjs.org/language-subtag-registry cache-miss
1751 http fetch GET 200 https://registry.npmjs.org/language-subtag-registry 33ms (cache miss)
1752 silly packumentCache full:https://registry.npmjs.org/language-subtag-registry set size:undefined disposed:false
1753 silly placeDep ROOT array.prototype.findlast@1.2.5 OK for: eslint-plugin-react@7.37.5 want: ^1.2.5
1754 silly placeDep ROOT array.prototype.tosorted@1.1.4 OK for: eslint-plugin-react@7.37.5 want: ^1.1.4
1755 silly placeDep ROOT es-iterator-helpers@1.2.2 OK for: eslint-plugin-react@7.37.5 want: ^1.2.1
1756 silly placeDep ROOT estraverse@5.3.0 OK for: eslint-plugin-react@7.37.5 want: ^5.3.0
1757 silly placeDep ROOT object.entries@1.1.9 OK for: eslint-plugin-react@7.37.5 want: ^1.1.9
1758 silly placeDep ROOT prop-types@15.8.1 OK for: eslint-plugin-react@7.37.5 want: ^15.8.1
1759 silly placeDep node_modules/eslint-plugin-react resolve@2.0.0-next.6 OK for: eslint-plugin-react@7.37.5 want: ^2.0.0-next.5
1760 silly placeDep ROOT string.prototype.matchall@4.0.12 OK for: eslint-plugin-react@7.37.5 want: ^4.0.12
1761 silly placeDep ROOT string.prototype.repeat@1.0.0 OK for: eslint-plugin-react@7.37.5 want: ^1.0.0
1762 silly fetch manifest iterator.prototype@^1.1.5
1763 silly packumentCache full:https://registry.npmjs.org/iterator.prototype cache-miss
1764 silly fetch manifest loose-envify@^1.4.0
1765 silly packumentCache full:https://registry.npmjs.org/loose-envify cache-miss
1766 silly fetch manifest object-assign@^4.1.1
1767 silly packumentCache full:https://registry.npmjs.org/object-assign cache-miss
1768 silly fetch manifest react-is@^16.13.1
1769 silly packumentCache full:https://registry.npmjs.org/react-is cache-miss
1770 silly fetch manifest node-exports-info@^1.6.0
1771 silly packumentCache full:https://registry.npmjs.org/node-exports-info cache-miss
1772 http fetch GET 200 https://registry.npmjs.org/iterator.prototype 28ms (cache miss)
1773 silly packumentCache full:https://registry.npmjs.org/iterator.prototype set size:undefined disposed:false
1774 http fetch GET 200 https://registry.npmjs.org/node-exports-info 32ms (cache miss)
1775 silly packumentCache full:https://registry.npmjs.org/node-exports-info set size:undefined disposed:false
1776 http fetch GET 200 https://registry.npmjs.org/object-assign 34ms (cache miss)
1777 silly packumentCache full:https://registry.npmjs.org/object-assign set size:undefined disposed:false
1778 http fetch GET 200 https://registry.npmjs.org/loose-envify 50ms (cache miss)
1779 silly packumentCache full:https://registry.npmjs.org/loose-envify set size:undefined disposed:false
1780 http fetch GET 200 https://registry.npmjs.org/react-is 84ms (cache miss)
1781 silly packumentCache full:https://registry.npmjs.org/react-is set size:undefined disposed:false
1782 silly placeDep ROOT iterator.prototype@1.1.5 OK for: es-iterator-helpers@1.2.2 want: ^1.1.5
1783 silly placeDep ROOT @babel/core@7.29.0 OK for: eslint-plugin-react-hooks@7.0.1 want: ^7.24.4
1784 silly placeDep ROOT @babel/parser@7.29.0 OK for: eslint-plugin-react-hooks@7.0.1 want: ^7.24.4
1785 silly placeDep ROOT hermes-parser@0.25.1 OK for: eslint-plugin-react-hooks@7.0.1 want: ^0.25.1
1786 silly placeDep ROOT zod@4.3.6 OK for: eslint-plugin-react-hooks@7.0.1 want: ^3.25.0 || ^4.0.0
1787 silly placeDep ROOT zod-validation-error@4.0.2 OK for: eslint-plugin-react-hooks@7.0.1 want: ^3.5.0 || ^4.0.0
1788 silly fetch manifest json5@^2.2.3
1789 silly packumentCache full:https://registry.npmjs.org/json5 cache-miss
1790 silly fetch manifest gensync@^1.0.0-beta.2
1791 silly packumentCache full:https://registry.npmjs.org/gensync cache-miss
1792 silly fetch manifest @babel/types@^7.29.0
1793 silly packumentCache full:https://registry.npmjs.org/@babel%2ftypes cache-miss
1794 silly fetch manifest @babel/parser@^7.29.0
1795 silly packumentCache full:https://registry.npmjs.org/@babel%2fparser cache-miss
1796 silly fetch manifest @babel/helpers@^7.28.6
1797 silly packumentCache full:https://registry.npmjs.org/@babel%2fhelpers cache-miss
1798 silly fetch manifest @babel/template@^7.28.6
1799 silly packumentCache full:https://registry.npmjs.org/@babel%2ftemplate cache-miss
1800 silly fetch manifest @babel/traverse@^7.29.0
1801 silly packumentCache full:https://registry.npmjs.org/@babel%2ftraverse cache-miss
1802 silly fetch manifest @babel/generator@^7.29.0
1803 silly packumentCache full:https://registry.npmjs.org/@babel%2fgenerator cache-miss
1804 silly fetch manifest @babel/code-frame@^7.29.0
1805 silly packumentCache full:https://registry.npmjs.org/@babel%2fcode-frame cache-miss
1806 silly fetch manifest convert-source-map@^2.0.0
1807 silly packumentCache full:https://registry.npmjs.org/convert-source-map cache-miss
1808 silly fetch manifest @babel/helper-module-transforms@^7.28.6
1809 silly packumentCache full:https://registry.npmjs.org/@babel%2fhelper-module-transforms cache-miss
1810 http cache https://registry.npmjs.org/json5 10ms (cache hit)
1811 silly packumentCache full:https://registry.npmjs.org/json5 set size:86136 disposed:false
1812 silly fetch manifest @babel/helper-compilation-targets@^7.28.6
1813 silly packumentCache full:https://registry.npmjs.org/@babel%2fhelper-compilation-targets cache-miss
1814 http cache https://registry.npmjs.org/@babel%2fparser 13ms (cache hit)
1815 silly packumentCache full:https://registry.npmjs.org/@babel%2fparser set size:714217 disposed:false
1816 silly fetch manifest @babel/types@^7.29.0
1817 silly packumentCache full:https://registry.npmjs.org/@babel%2ftypes cache-miss
1818 http fetch GET 200 https://registry.npmjs.org/gensync 28ms (cache miss)
1819 silly packumentCache full:https://registry.npmjs.org/gensync set size:undefined disposed:false
1820 silly fetch manifest hermes-estree@0.25.1
1821 silly packumentCache full:https://registry.npmjs.org/hermes-estree cache-miss
1822 http fetch GET 200 https://registry.npmjs.org/convert-source-map 32ms (cache miss)
1823 silly packumentCache full:https://registry.npmjs.org/convert-source-map set size:undefined disposed:false
1824 http fetch GET 200 https://registry.npmjs.org/@babel%2fhelpers 51ms (cache miss)
1825 silly packumentCache full:https://registry.npmjs.org/@babel%2fhelpers set size:undefined disposed:false
1826 http fetch GET 200 https://registry.npmjs.org/@babel%2fcode-frame 53ms (cache miss)
1827 silly packumentCache full:https://registry.npmjs.org/@babel%2fcode-frame set size:undefined disposed:false
1828 http fetch GET 200 https://registry.npmjs.org/@babel%2ftypes 62ms (cache miss)
1829 silly packumentCache full:https://registry.npmjs.org/@babel%2ftypes set size:undefined disposed:false
1830 http fetch GET 200 https://registry.npmjs.org/@babel%2ftemplate 65ms (cache miss)
1831 silly packumentCache full:https://registry.npmjs.org/@babel%2ftemplate set size:undefined disposed:false
1832 http fetch GET 200 https://registry.npmjs.org/@babel%2ftraverse 68ms (cache miss)
1833 silly packumentCache full:https://registry.npmjs.org/@babel%2ftraverse set size:undefined disposed:false
1834 http fetch GET 200 https://registry.npmjs.org/hermes-estree 45ms (cache miss)
1835 silly packumentCache full:https://registry.npmjs.org/hermes-estree set size:undefined disposed:false
1836 http fetch GET 200 https://registry.npmjs.org/@babel%2ftypes 58ms (cache miss)
1837 silly packumentCache full:https://registry.npmjs.org/@babel%2ftypes set size:undefined disposed:false
1838 http fetch GET 200 https://registry.npmjs.org/@babel%2fgenerator 79ms (cache miss)
1839 silly packumentCache full:https://registry.npmjs.org/@babel%2fgenerator set size:undefined disposed:false
1840 http fetch GET 200 https://registry.npmjs.org/@babel%2fhelper-compilation-targets 74ms (cache miss)
1841 silly packumentCache full:https://registry.npmjs.org/@babel%2fhelper-compilation-targets set size:undefined disposed:false
1842 http fetch GET 200 https://registry.npmjs.org/@babel%2fhelper-module-transforms 209ms (cache miss)
1843 silly packumentCache full:https://registry.npmjs.org/@babel%2fhelper-module-transforms set size:undefined disposed:false
1844 silly placeDep ROOT @babel/code-frame@7.29.0 OK for: @babel/core@7.29.0 want: ^7.29.0
1845 silly placeDep ROOT @babel/generator@7.29.1 OK for: @babel/core@7.29.0 want: ^7.29.0
1846 silly placeDep ROOT @babel/helper-compilation-targets@7.28.6 OK for: @babel/core@7.29.0 want: ^7.28.6
1847 silly placeDep ROOT @babel/helper-module-transforms@7.28.6 OK for: @babel/core@7.29.0 want: ^7.28.6
1848 silly placeDep ROOT @babel/helpers@7.28.6 OK for: @babel/core@7.29.0 want: ^7.28.6
1849 silly placeDep ROOT @babel/template@7.28.6 OK for: @babel/core@7.29.0 want: ^7.28.6
1850 silly placeDep ROOT @babel/traverse@7.29.0 OK for: @babel/core@7.29.0 want: ^7.29.0
1851 silly placeDep ROOT @babel/types@7.29.0 OK for: @babel/core@7.29.0 want: ^7.29.0
1852 silly placeDep ROOT convert-source-map@2.0.0 OK for: @babel/core@7.29.0 want: ^2.0.0
1853 silly placeDep ROOT gensync@1.0.0-beta.2 OK for: @babel/core@7.29.0 want: ^1.0.0-beta.2
1854 silly placeDep ROOT json5@2.2.3 OK for: @babel/core@7.29.0 want: ^2.2.3
1855 silly fetch manifest js-tokens@^4.0.0
1856 silly packumentCache full:https://registry.npmjs.org/js-tokens cache-miss
1857 silly fetch manifest @babel/helper-validator-identifier@^7.28.5
1858 silly packumentCache full:https://registry.npmjs.org/@babel%2fhelper-validator-identifier cache-miss
1859 silly fetch manifest jsesc@^3.0.2
1860 silly packumentCache full:https://registry.npmjs.org/jsesc cache-miss
1861 silly fetch manifest lru-cache@^5.1.1
1862 silly packumentCache full:https://registry.npmjs.org/lru-cache cache-miss
1863 silly fetch manifest browserslist@^4.24.0
1864 silly packumentCache full:https://registry.npmjs.org/browserslist cache-miss
1865 silly fetch manifest @babel/compat-data@^7.28.6
1866 silly packumentCache full:https://registry.npmjs.org/@babel%2fcompat-data cache-miss
1867 silly fetch manifest @babel/helper-validator-option@^7.27.1
1868 silly packumentCache full:https://registry.npmjs.org/@babel%2fhelper-validator-option cache-miss
1869 silly fetch manifest @babel/traverse@^7.28.6
1870 silly packumentCache full:https://registry.npmjs.org/@babel%2ftraverse cache-miss
1871 silly fetch manifest @babel/helper-module-imports@^7.28.6
1872 silly packumentCache full:https://registry.npmjs.org/@babel%2fhelper-module-imports cache-miss
1873 silly fetch manifest @babel/helper-validator-identifier@^7.28.5
1874 silly packumentCache full:https://registry.npmjs.org/@babel%2fhelper-validator-identifier cache-miss
1875 silly fetch manifest @babel/types@^7.28.6
1876 silly packumentCache full:https://registry.npmjs.org/@babel%2ftypes cache-miss
1877 http cache https://registry.npmjs.org/@babel%2ftypes 10ms (cache hit)
1878 silly packumentCache full:https://registry.npmjs.org/@babel%2ftypes set size:485839 disposed:false
1879 silly fetch manifest @babel/helper-globals@^7.28.0
1880 silly packumentCache full:https://registry.npmjs.org/@babel%2fhelper-globals cache-miss
1881 http cache https://registry.npmjs.org/@babel%2ftraverse 16ms (cache hit)
1882 silly packumentCache full:https://registry.npmjs.org/@babel%2ftraverse set size:546499 disposed:false
1883 silly fetch manifest @babel/helper-string-parser@^7.27.1
1884 silly packumentCache full:https://registry.npmjs.org/@babel%2fhelper-string-parser cache-miss
1885 http fetch GET 200 https://registry.npmjs.org/jsesc 29ms (cache miss)
1886 silly packumentCache full:https://registry.npmjs.org/jsesc set size:undefined disposed:false
1887 silly fetch manifest @babel/helper-validator-identifier@^7.28.5
1888 silly packumentCache full:https://registry.npmjs.org/@babel%2fhelper-validator-identifier cache-miss
1889 http fetch GET 200 https://registry.npmjs.org/@babel%2fhelper-module-imports 45ms (cache miss)
1890 silly packumentCache full:https://registry.npmjs.org/@babel%2fhelper-module-imports set size:undefined disposed:false
1891 http fetch GET 200 https://registry.npmjs.org/@babel%2fhelper-validator-identifier 52ms (cache miss)
1892 silly packumentCache full:https://registry.npmjs.org/@babel%2fhelper-validator-identifier set size:undefined disposed:false
1893 http fetch GET 200 https://registry.npmjs.org/browserslist 53ms (cache miss)
1894 silly packumentCache full:https://registry.npmjs.org/browserslist set size:undefined disposed:false
1895 http fetch GET 200 https://registry.npmjs.org/@babel%2fhelper-validator-option 58ms (cache miss)
1896 silly packumentCache full:https://registry.npmjs.org/@babel%2fhelper-validator-option set size:undefined disposed:false
1897 http fetch GET 200 https://registry.npmjs.org/js-tokens 65ms (cache miss)
1898 silly packumentCache full:https://registry.npmjs.org/js-tokens set size:undefined disposed:false
1899 http fetch GET 200 https://registry.npmjs.org/@babel%2fcompat-data 67ms (cache miss)
1900 silly packumentCache full:https://registry.npmjs.org/@babel%2fcompat-data set size:undefined disposed:false
1901 http fetch GET 200 https://registry.npmjs.org/@babel%2fhelper-string-parser 48ms (cache miss)
1902 silly packumentCache full:https://registry.npmjs.org/@babel%2fhelper-string-parser set size:undefined disposed:false
1903 http fetch GET 200 https://registry.npmjs.org/@babel%2fhelper-validator-identifier 68ms (cache miss)
1904 silly packumentCache full:https://registry.npmjs.org/@babel%2fhelper-validator-identifier set size:undefined disposed:false
1905 http fetch GET 200 https://registry.npmjs.org/@babel%2fhelper-globals 55ms (cache miss)
1906 silly packumentCache full:https://registry.npmjs.org/@babel%2fhelper-globals set size:undefined disposed:false
1907 http fetch GET 200 https://registry.npmjs.org/@babel%2fhelper-validator-identifier 43ms (cache miss)
1908 silly packumentCache full:https://registry.npmjs.org/@babel%2fhelper-validator-identifier set size:undefined disposed:false
1909 http fetch GET 200 https://registry.npmjs.org/lru-cache 76ms (cache miss)
1910 silly packumentCache full:https://registry.npmjs.org/lru-cache set size:undefined disposed:false
1911 silly placeDep ROOT @babel/helper-validator-identifier@7.28.5 OK for: @babel/code-frame@7.29.0 want: ^7.28.5
1912 silly placeDep ROOT js-tokens@4.0.0 OK for: @babel/code-frame@7.29.0 want: ^4.0.0
1913 silly placeDep ROOT picocolors@1.1.1 OK for: @babel/code-frame@7.29.0 want: ^1.1.1
1914 silly placeDep ROOT jsesc@3.1.0 OK for: @babel/generator@7.29.1 want: ^3.0.2
1915 silly placeDep ROOT @babel/compat-data@7.29.0 OK for: @babel/helper-compilation-targets@7.28.6 want: ^7.28.6
1916 silly placeDep ROOT @babel/helper-validator-option@7.27.1 OK for: @babel/helper-compilation-targets@7.28.6 want: ^7.27.1
1917 silly placeDep ROOT browserslist@4.28.1 OK for: @babel/helper-compilation-targets@7.28.6 want: ^4.24.0
1918 silly placeDep ROOT lru-cache@5.1.1 OK for: @babel/helper-compilation-targets@7.28.6 want: ^5.1.1
1919 silly fetch manifest baseline-browser-mapping@^2.9.0
1920 silly packumentCache full:https://registry.npmjs.org/baseline-browser-mapping cache-miss
1921 silly fetch manifest caniuse-lite@^1.0.30001759
1922 silly packumentCache full:https://registry.npmjs.org/caniuse-lite cache-miss
1923 silly fetch manifest electron-to-chromium@^1.5.263
1924 silly packumentCache full:https://registry.npmjs.org/electron-to-chromium cache-miss
1925 silly fetch manifest node-releases@^2.0.27
1926 silly packumentCache full:https://registry.npmjs.org/node-releases cache-miss
1927 silly fetch manifest update-browserslist-db@^1.2.0
1928 silly packumentCache full:https://registry.npmjs.org/update-browserslist-db cache-miss
1929 silly fetch manifest yallist@^3.0.2
1930 silly packumentCache full:https://registry.npmjs.org/yallist cache-miss
1931 http cache https://registry.npmjs.org/baseline-browser-mapping 9ms (cache hit)
1932 silly packumentCache full:https://registry.npmjs.org/baseline-browser-mapping set size:393828 disposed:false
1933 http cache https://registry.npmjs.org/caniuse-lite 14ms (cache hit)
1934 silly packumentCache full:https://registry.npmjs.org/caniuse-lite set size:2264818 disposed:false
1935 http fetch GET 200 https://registry.npmjs.org/yallist 32ms (cache miss)
1936 silly packumentCache full:https://registry.npmjs.org/yallist set size:undefined disposed:false
1937 http fetch GET 200 https://registry.npmjs.org/update-browserslist-db 37ms (cache miss)
1938 silly packumentCache full:https://registry.npmjs.org/update-browserslist-db set size:undefined disposed:false
1939 http fetch GET 200 https://registry.npmjs.org/node-releases 42ms (cache miss)
1940 silly packumentCache full:https://registry.npmjs.org/node-releases set size:undefined disposed:false
1941 http fetch GET 200 https://registry.npmjs.org/electron-to-chromium 81ms (cache miss)
1942 silly packumentCache full:https://registry.npmjs.org/electron-to-chromium set size:undefined disposed:false
1943 silly placeDep ROOT @babel/helper-module-imports@7.28.6 OK for: @babel/helper-module-transforms@7.28.6 want: ^7.28.6
1944 silly placeDep ROOT @babel/helper-globals@7.28.0 OK for: @babel/traverse@7.29.0 want: ^7.28.0
1945 silly placeDep ROOT @babel/helper-string-parser@7.27.1 OK for: @babel/types@7.29.0 want: ^7.27.1
1946 silly placeDep ROOT baseline-browser-mapping@2.10.0 OK for: browserslist@4.28.1 want: ^2.9.0
1947 silly placeDep ROOT caniuse-lite@1.0.30001777 OK for: browserslist@4.28.1 want: ^1.0.30001759
1948 silly placeDep ROOT electron-to-chromium@1.5.307 OK for: browserslist@4.28.1 want: ^1.5.263
1949 silly placeDep ROOT node-releases@2.0.36 OK for: browserslist@4.28.1 want: ^2.0.27
1950 silly placeDep ROOT update-browserslist-db@1.2.3 OK for: browserslist@4.28.1 want: ^1.2.0
1951 silly fetch manifest escalade@^3.2.0
1952 silly packumentCache full:https://registry.npmjs.org/escalade cache-miss
1953 http fetch GET 200 https://registry.npmjs.org/escalade 23ms (cache miss)
1954 silly packumentCache full:https://registry.npmjs.org/escalade set size:undefined disposed:false
1955 silly placeDep ROOT esrecurse@4.3.0 OK for: eslint-scope@8.4.0 want: ^4.3.0
1956 silly placeDep ROOT acorn@8.16.0 OK for: espree@10.4.0 want: ^8.15.0
1957 silly placeDep ROOT acorn-jsx@5.3.2 OK for: espree@10.4.0 want: ^5.3.2
1958 silly placeDep ROOT @nodelib/fs.stat@2.0.5 OK for: fast-glob@3.3.1 want: ^2.0.2
1959 silly placeDep ROOT @nodelib/fs.walk@1.2.8 OK for: fast-glob@3.3.1 want: ^1.2.3
1960 silly placeDep node_modules/fast-glob glob-parent@5.1.2 OK for: fast-glob@3.3.1 want: ^5.1.2
1961 silly placeDep ROOT merge2@1.4.1 OK for: fast-glob@3.3.1 want: ^1.3.0
1962 silly placeDep ROOT micromatch@4.0.8 OK for: fast-glob@3.3.1 want: ^4.0.4
1963 silly fetch manifest fastq@^1.6.0
1964 silly packumentCache full:https://registry.npmjs.org/fastq cache-miss
1965 silly fetch manifest @nodelib/fs.scandir@2.1.5
1966 silly packumentCache full:https://registry.npmjs.org/@nodelib%2ffs.scandir cache-miss
1967 silly fetch manifest braces@^3.0.3
1968 silly packumentCache full:https://registry.npmjs.org/braces cache-miss
1969 silly fetch manifest picomatch@^2.3.1
1970 silly packumentCache full:https://registry.npmjs.org/picomatch cache-miss
1971 http cache https://registry.npmjs.org/picomatch 5ms (cache hit)
1972 silly packumentCache full:https://registry.npmjs.org/picomatch set size:118818 disposed:false
1973 http fetch GET 200 https://registry.npmjs.org/braces 25ms (cache miss)
1974 silly packumentCache full:https://registry.npmjs.org/braces set size:undefined disposed:false
1975 http fetch GET 200 https://registry.npmjs.org/fastq 34ms (cache miss)
1976 silly packumentCache full:https://registry.npmjs.org/fastq set size:undefined disposed:false
1977 http fetch GET 200 https://registry.npmjs.org/@nodelib%2ffs.scandir 53ms (cache miss)
1978 silly packumentCache full:https://registry.npmjs.org/@nodelib%2ffs.scandir set size:undefined disposed:false
1979 silly placeDep ROOT @nodelib/fs.scandir@2.1.5 OK for: @nodelib/fs.walk@1.2.8 want: 2.1.5
1980 silly placeDep ROOT fastq@1.20.1 OK for: @nodelib/fs.walk@1.2.8 want: ^1.6.0
1981 silly fetch manifest run-parallel@^1.1.9
1982 silly packumentCache full:https://registry.npmjs.org/run-parallel cache-miss
1983 silly fetch manifest reusify@^1.0.4
1984 silly packumentCache full:https://registry.npmjs.org/reusify cache-miss
1985 http fetch GET 200 https://registry.npmjs.org/run-parallel 24ms (cache miss)
1986 silly packumentCache full:https://registry.npmjs.org/run-parallel set size:undefined disposed:false
1987 http fetch GET 200 https://registry.npmjs.org/reusify 28ms (cache miss)
1988 silly packumentCache full:https://registry.npmjs.org/reusify set size:undefined disposed:false
1989 silly placeDep ROOT run-parallel@1.2.0 OK for: @nodelib/fs.scandir@2.1.5 want: ^1.1.9
1990 silly fetch manifest queue-microtask@^1.2.2
1991 silly packumentCache full:https://registry.npmjs.org/queue-microtask cache-miss
1992 http fetch GET 200 https://registry.npmjs.org/queue-microtask 22ms (cache miss)
1993 silly packumentCache full:https://registry.npmjs.org/queue-microtask set size:undefined disposed:false
1994 silly placeDep ROOT reusify@1.1.0 OK for: fastq@1.20.1 want: ^1.0.4
1995 silly placeDep ROOT flat-cache@4.0.1 OK for: file-entry-cache@8.0.0 want: ^4.0.0
1996 silly fetch manifest keyv@^4.5.4
1997 silly packumentCache full:https://registry.npmjs.org/keyv cache-miss
1998 silly fetch manifest flatted@^3.2.9
1999 silly packumentCache full:https://registry.npmjs.org/flatted cache-miss
2000 http fetch GET 200 https://registry.npmjs.org/flatted 27ms (cache miss)
2001 silly packumentCache full:https://registry.npmjs.org/flatted set size:undefined disposed:false
2002 http fetch GET 200 https://registry.npmjs.org/keyv 29ms (cache miss)
2003 silly packumentCache full:https://registry.npmjs.org/keyv set size:undefined disposed:false
2004 silly placeDep ROOT locate-path@6.0.0 OK for: find-up@5.0.0 want: ^6.0.0
2005 silly placeDep ROOT path-exists@4.0.0 OK for: find-up@5.0.0 want: ^4.0.0
2006 silly fetch manifest p-locate@^5.0.0
2007 silly packumentCache full:https://registry.npmjs.org/p-locate cache-miss
2008 http fetch GET 200 https://registry.npmjs.org/p-locate 24ms (cache miss)
2009 silly packumentCache full:https://registry.npmjs.org/p-locate set size:undefined disposed:false
2010 silly placeDep ROOT flatted@3.4.0 OK for: flat-cache@4.0.1 want: ^3.2.9
2011 silly placeDep ROOT keyv@4.5.4 OK for: flat-cache@4.0.1 want: ^4.5.4
2012 silly fetch manifest json-buffer@3.0.1
2013 silly packumentCache full:https://registry.npmjs.org/json-buffer cache-miss
2014 http fetch GET 200 https://registry.npmjs.org/json-buffer 30ms (cache miss)
2015 silly packumentCache full:https://registry.npmjs.org/json-buffer set size:undefined disposed:false
2016 silly placeDep ROOT functions-have-names@1.2.3 OK for: function.prototype.name@1.1.8 want: ^1.2.3
2017 silly placeDep ROOT dunder-proto@1.0.1 OK for: get-proto@1.0.1 want: ^1.0.1
2018 silly placeDep ROOT resolve-pkg-maps@1.0.0 OK for: get-tsconfig@4.13.6 want: ^1.0.0
2019 silly placeDep ROOT hermes-estree@0.25.1 OK for: hermes-parser@0.25.1 want: 0.25.1
2020 silly placeDep ROOT parent-module@1.0.1 OK for: import-fresh@3.3.1 want: ^1.0.0
2021 silly placeDep ROOT resolve-from@4.0.0 OK for: import-fresh@3.3.1 want: ^4.0.0
2022 silly fetch manifest callsites@^3.0.0
2023 silly packumentCache full:https://registry.npmjs.org/callsites cache-miss
2024 http fetch GET 200 https://registry.npmjs.org/callsites 36ms (cache miss)
2025 silly packumentCache full:https://registry.npmjs.org/callsites set size:undefined disposed:false
2026 silly placeDep ROOT side-channel@1.1.0 OK for: internal-slot@1.1.0 want: ^1.1.0
2027 silly fetch manifest side-channel-list@^1.0.0
2028 silly packumentCache full:https://registry.npmjs.org/side-channel-list cache-miss
2029 silly fetch manifest side-channel-map@^1.0.1
2030 silly packumentCache full:https://registry.npmjs.org/side-channel-map cache-miss
2031 silly fetch manifest side-channel-weakmap@^1.0.2
2032 silly packumentCache full:https://registry.npmjs.org/side-channel-weakmap cache-miss
2033 http fetch GET 200 https://registry.npmjs.org/side-channel-map 30ms (cache miss)
2034 silly packumentCache full:https://registry.npmjs.org/side-channel-map set size:undefined disposed:false
2035 http fetch GET 200 https://registry.npmjs.org/side-channel-list 38ms (cache miss)
2036 silly packumentCache full:https://registry.npmjs.org/side-channel-list set size:undefined disposed:false
2037 http fetch GET 200 https://registry.npmjs.org/side-channel-weakmap 56ms (cache miss)
2038 silly packumentCache full:https://registry.npmjs.org/side-channel-weakmap set size:undefined disposed:false
2039 silly placeDep node_modules/is-bun-module semver@7.7.4 OK for: is-bun-module@2.0.0 want: ^7.7.1
2040 silly placeDep ROOT is-extglob@2.1.1 OK for: is-glob@4.0.3 want: ^2.1.1
2041 silly placeDep ROOT set-function-name@2.0.2 OK for: iterator.prototype@1.1.5 want: ^2.0.2
2042 silly placeDep ROOT argparse@2.0.1 OK for: js-yaml@4.1.1 want: ^2.0.1
2043 silly placeDep ROOT json-buffer@3.0.1 OK for: keyv@4.5.4 want: 3.0.1
2044 silly placeDep ROOT language-subtag-registry@0.3.23 OK for: language-tags@1.0.9 want: ^0.3.20
2045 silly placeDep ROOT prelude-ls@1.2.1 OK for: levn@0.4.1 want: ^1.2.1
2046 silly placeDep ROOT type-check@0.4.0 OK for: levn@0.4.1 want: ~0.4.0
2047 silly placeDep ROOT detect-libc@2.1.2 OK for: lightningcss@1.31.1 want: ^2.0.3
2048 silly placeDep ROOT lightningcss-android-arm64@1.31.1 OK for: lightningcss@1.31.1 want: 1.31.1
2049 silly placeDep ROOT lightningcss-darwin-arm64@1.31.1 OK for: lightningcss@1.31.1 want: 1.31.1
2050 silly placeDep ROOT lightningcss-darwin-x64@1.31.1 OK for: lightningcss@1.31.1 want: 1.31.1
2051 silly placeDep ROOT lightningcss-freebsd-x64@1.31.1 OK for: lightningcss@1.31.1 want: 1.31.1
2052 silly placeDep ROOT lightningcss-linux-arm-gnueabihf@1.31.1 OK for: lightningcss@1.31.1 want: 1.31.1
2053 silly placeDep ROOT lightningcss-linux-arm64-gnu@1.31.1 OK for: lightningcss@1.31.1 want: 1.31.1
2054 silly placeDep ROOT lightningcss-linux-arm64-musl@1.31.1 OK for: lightningcss@1.31.1 want: 1.31.1
2055 silly placeDep ROOT lightningcss-linux-x64-gnu@1.31.1 OK for: lightningcss@1.31.1 want: 1.31.1
2056 silly placeDep ROOT lightningcss-linux-x64-musl@1.31.1 OK for: lightningcss@1.31.1 want: 1.31.1
2057 silly placeDep ROOT lightningcss-win32-arm64-msvc@1.31.1 OK for: lightningcss@1.31.1 want: 1.31.1
2058 silly placeDep ROOT lightningcss-win32-x64-msvc@1.31.1 OK for: lightningcss@1.31.1 want: 1.31.1
2059 silly placeDep ROOT p-locate@5.0.0 OK for: locate-path@6.0.0 want: ^5.0.0
2060 silly fetch manifest p-limit@^3.0.2
2061 silly packumentCache full:https://registry.npmjs.org/p-limit cache-miss
2062 http fetch GET 200 https://registry.npmjs.org/p-limit 33ms (cache miss)
2063 silly packumentCache full:https://registry.npmjs.org/p-limit set size:undefined disposed:false
2064 silly placeDep ROOT yallist@3.1.1 OK for: lru-cache@5.1.1 want: ^3.0.2
2065 silly placeDep ROOT braces@3.0.3 OK for: micromatch@4.0.8 want: ^3.0.3
2066 silly placeDep ROOT picomatch@2.3.1 OK for: micromatch@4.0.8 want: ^2.3.1
2067 silly fetch manifest fill-range@^7.1.1
2068 silly packumentCache full:https://registry.npmjs.org/fill-range cache-miss
2069 http fetch GET 200 https://registry.npmjs.org/fill-range 28ms (cache miss)
2070 silly packumentCache full:https://registry.npmjs.org/fill-range set size:undefined disposed:false
2071 silly placeDep ROOT fill-range@7.1.1 OK for: braces@3.0.3 want: ^7.1.1
2072 silly fetch manifest to-regex-range@^5.0.1
2073 silly packumentCache full:https://registry.npmjs.org/to-regex-range cache-miss
2074 http fetch GET 200 https://registry.npmjs.org/to-regex-range 28ms (cache miss)
2075 silly packumentCache full:https://registry.npmjs.org/to-regex-range set size:undefined disposed:false
2076 silly placeDep ROOT to-regex-range@5.0.1 OK for: fill-range@7.1.1 want: ^5.0.1
2077 silly fetch manifest is-number@^7.0.0
2078 silly packumentCache full:https://registry.npmjs.org/is-number cache-miss
2079 http fetch GET 200 https://registry.npmjs.org/is-number 28ms (cache miss)
2080 silly packumentCache full:https://registry.npmjs.org/is-number set size:undefined disposed:false
2081 silly placeDep ROOT brace-expansion@1.1.12 OK for: minimatch@3.1.5 want: ^1.1.7
2082 silly fetch manifest concat-map@0.0.1
2083 silly packumentCache full:https://registry.npmjs.org/concat-map cache-miss
2084 silly fetch manifest balanced-match@^1.0.0
2085 silly packumentCache full:https://registry.npmjs.org/balanced-match cache-miss
2086 http fetch GET 200 https://registry.npmjs.org/balanced-match 27ms (cache miss)
2087 silly packumentCache full:https://registry.npmjs.org/balanced-match set size:undefined disposed:false
2088 http fetch GET 200 https://registry.npmjs.org/concat-map 31ms (cache miss)
2089 silly packumentCache full:https://registry.npmjs.org/concat-map set size:undefined disposed:false
2090 silly placeDep ROOT balanced-match@1.0.2 OK for: brace-expansion@1.1.12 want: ^1.0.0
2091 silly placeDep ROOT concat-map@0.0.1 OK for: brace-expansion@1.1.12 want: 0.0.1
2092 silly placeDep ROOT @next/env@16.1.6 OK for: next@16.1.6 want: 16.1.6
2093 silly placeDep ROOT @next/swc-darwin-arm64@16.1.6 OK for: next@16.1.6 want: 16.1.6
2094 silly placeDep ROOT @next/swc-darwin-x64@16.1.6 OK for: next@16.1.6 want: 16.1.6
2095 silly placeDep ROOT @next/swc-linux-arm64-gnu@16.1.6 OK for: next@16.1.6 want: 16.1.6
2096 silly placeDep ROOT @next/swc-linux-arm64-musl@16.1.6 OK for: next@16.1.6 want: 16.1.6
2097 silly placeDep ROOT @next/swc-linux-x64-gnu@16.1.6 OK for: next@16.1.6 want: 16.1.6
2098 silly placeDep ROOT @next/swc-linux-x64-musl@16.1.6 OK for: next@16.1.6 want: 16.1.6
2099 silly placeDep ROOT @next/swc-win32-arm64-msvc@16.1.6 OK for: next@16.1.6 want: 16.1.6
2100 silly placeDep ROOT @next/swc-win32-x64-msvc@16.1.6 OK for: next@16.1.6 want: 16.1.6
2101 silly placeDep ROOT @swc/helpers@0.5.15 OK for: next@16.1.6 want: 0.5.15
2102 silly placeDep node_modules/next postcss@8.4.31 OK for: next@16.1.6 want: 8.4.31
2103 silly placeDep ROOT sharp@0.34.5 OK for: next@16.1.6 want: ^0.34.4
2104 silly placeDep ROOT styled-jsx@5.1.6 OK for: next@16.1.6 want: 5.1.6
2105 silly fetch manifest nanoid@^3.3.6
2106 silly packumentCache full:https://registry.npmjs.org/nanoid cache-miss
2107 silly fetch manifest semver@^7.7.3
2108 silly packumentCache full:https://registry.npmjs.org/semver cache-hit
2109 silly fetch manifest @img/colour@^1.0.0
2110 silly packumentCache full:https://registry.npmjs.org/@img%2fcolour cache-miss
2111 silly fetch manifest @img/sharp-wasm32@0.34.5
2112 silly packumentCache full:https://registry.npmjs.org/@img%2fsharp-wasm32 cache-miss
2113 silly fetch manifest @img/sharp-linux-arm@0.34.5
2114 silly packumentCache full:https://registry.npmjs.org/@img%2fsharp-linux-arm cache-miss
2115 silly fetch manifest @img/sharp-linux-x64@0.34.5
2116 silly packumentCache full:https://registry.npmjs.org/@img%2fsharp-linux-x64 cache-miss
2117 silly fetch manifest @img/sharp-win32-x64@0.34.5
2118 silly packumentCache full:https://registry.npmjs.org/@img%2fsharp-win32-x64 cache-miss
2119 silly fetch manifest @img/sharp-darwin-x64@0.34.5
2120 silly packumentCache full:https://registry.npmjs.org/@img%2fsharp-darwin-x64 cache-miss
2121 silly fetch manifest @img/sharp-win32-ia32@0.34.5
2122 silly packumentCache full:https://registry.npmjs.org/@img%2fsharp-win32-ia32 cache-miss
2123 silly fetch manifest @img/sharp-linux-arm64@0.34.5
2124 silly packumentCache full:https://registry.npmjs.org/@img%2fsharp-linux-arm64 cache-miss
2125 silly fetch manifest @img/sharp-linux-ppc64@0.34.5
2126 silly packumentCache full:https://registry.npmjs.org/@img%2fsharp-linux-ppc64 cache-miss
2127 silly fetch manifest @img/sharp-linux-s390x@0.34.5
2128 silly packumentCache full:https://registry.npmjs.org/@img%2fsharp-linux-s390x cache-miss
2129 http cache https://registry.npmjs.org/nanoid 12ms (cache hit)
2130 silly packumentCache full:https://registry.npmjs.org/nanoid set size:298419 disposed:false
2131 silly fetch manifest @img/sharp-win32-arm64@0.34.5
2132 silly packumentCache full:https://registry.npmjs.org/@img%2fsharp-win32-arm64 cache-miss
2133 http fetch GET 200 https://registry.npmjs.org/@img%2fsharp-wasm32 37ms (cache miss)
2134 silly packumentCache full:https://registry.npmjs.org/@img%2fsharp-wasm32 set size:undefined disposed:false
2135 silly fetch manifest @img/sharp-darwin-arm64@0.34.5
2136 silly packumentCache full:https://registry.npmjs.org/@img%2fsharp-darwin-arm64 cache-miss
2137 http fetch GET 200 https://registry.npmjs.org/@img%2fsharp-darwin-x64 37ms (cache miss)
2138 silly packumentCache full:https://registry.npmjs.org/@img%2fsharp-darwin-x64 set size:undefined disposed:false
2139 silly fetch manifest @img/sharp-linux-riscv64@0.34.5
2140 silly packumentCache full:https://registry.npmjs.org/@img%2fsharp-linux-riscv64 cache-miss
2141 http fetch GET 200 https://registry.npmjs.org/@img%2fcolour 47ms (cache miss)
2142 silly packumentCache full:https://registry.npmjs.org/@img%2fcolour set size:undefined disposed:false
2143 silly fetch manifest @img/sharp-linuxmusl-x64@0.34.5
2144 silly packumentCache full:https://registry.npmjs.org/@img%2fsharp-linuxmusl-x64 cache-miss
2145 http fetch GET 200 https://registry.npmjs.org/@img%2fsharp-linux-x64 48ms (cache miss)
2146 silly packumentCache full:https://registry.npmjs.org/@img%2fsharp-linux-x64 set size:undefined disposed:false
2147 silly fetch manifest @img/sharp-linuxmusl-arm64@0.34.5
2148 silly packumentCache full:https://registry.npmjs.org/@img%2fsharp-linuxmusl-arm64 cache-miss
2149 http fetch GET 200 https://registry.npmjs.org/@img%2fsharp-linux-ppc64 48ms (cache miss)
2150 silly packumentCache full:https://registry.npmjs.org/@img%2fsharp-linux-ppc64 set size:undefined disposed:false
2151 silly fetch manifest @img/sharp-libvips-linux-arm@1.2.4
2152 silly packumentCache full:https://registry.npmjs.org/@img%2fsharp-libvips-linux-arm cache-miss
2153 http fetch GET 200 https://registry.npmjs.org/@img%2fsharp-linux-arm64 57ms (cache miss)
2154 silly packumentCache full:https://registry.npmjs.org/@img%2fsharp-linux-arm64 set size:undefined disposed:false
2155 silly fetch manifest @img/sharp-libvips-linux-x64@1.2.4
2156 silly packumentCache full:https://registry.npmjs.org/@img%2fsharp-libvips-linux-x64 cache-miss
2157 http fetch GET 200 https://registry.npmjs.org/@img%2fsharp-win32-arm64 44ms (cache miss)
2158 silly packumentCache full:https://registry.npmjs.org/@img%2fsharp-win32-arm64 set size:undefined disposed:false
2159 silly fetch manifest @img/sharp-libvips-darwin-x64@1.2.4
2160 silly packumentCache full:https://registry.npmjs.org/@img%2fsharp-libvips-darwin-x64 cache-miss
2161 http fetch GET 200 https://registry.npmjs.org/@img%2fsharp-win32-ia32 59ms (cache miss)
2162 silly packumentCache full:https://registry.npmjs.org/@img%2fsharp-win32-ia32 set size:undefined disposed:false
2163 silly fetch manifest @img/sharp-libvips-linux-arm64@1.2.4
2164 silly packumentCache full:https://registry.npmjs.org/@img%2fsharp-libvips-linux-arm64 cache-miss
2165 http fetch GET 200 https://registry.npmjs.org/@img%2fsharp-linux-arm 61ms (cache miss)
2166 silly packumentCache full:https://registry.npmjs.org/@img%2fsharp-linux-arm set size:undefined disposed:false
2167 silly fetch manifest @img/sharp-libvips-linux-ppc64@1.2.4
2168 silly packumentCache full:https://registry.npmjs.org/@img%2fsharp-libvips-linux-ppc64 cache-miss
2169 http fetch GET 200 https://registry.npmjs.org/@img%2fsharp-win32-x64 67ms (cache miss)
2170 silly packumentCache full:https://registry.npmjs.org/@img%2fsharp-win32-x64 set size:undefined disposed:false
2171 silly fetch manifest @img/sharp-libvips-linux-s390x@1.2.4
2172 silly packumentCache full:https://registry.npmjs.org/@img%2fsharp-libvips-linux-s390x cache-miss
2173 http fetch GET 200 https://registry.npmjs.org/@img%2fsharp-darwin-arm64 46ms (cache miss)
2174 silly packumentCache full:https://registry.npmjs.org/@img%2fsharp-darwin-arm64 set size:undefined disposed:false
2175 silly fetch manifest @img/sharp-libvips-darwin-arm64@1.2.4
2176 silly packumentCache full:https://registry.npmjs.org/@img%2fsharp-libvips-darwin-arm64 cache-miss
2177 http fetch GET 200 https://registry.npmjs.org/@img%2fsharp-linuxmusl-x64 40ms (cache miss)
2178 silly packumentCache full:https://registry.npmjs.org/@img%2fsharp-linuxmusl-x64 set size:undefined disposed:false
2179 silly fetch manifest @img/sharp-libvips-linux-riscv64@1.2.4
2180 silly packumentCache full:https://registry.npmjs.org/@img%2fsharp-libvips-linux-riscv64 cache-miss
2181 http fetch GET 200 https://registry.npmjs.org/@img%2fsharp-linux-riscv64 53ms (cache miss)
2182 silly packumentCache full:https://registry.npmjs.org/@img%2fsharp-linux-riscv64 set size:undefined disposed:false
2183 silly fetch manifest @img/sharp-libvips-linuxmusl-x64@1.2.4
2184 silly packumentCache full:https://registry.npmjs.org/@img%2fsharp-libvips-linuxmusl-x64 cache-miss
2185 http fetch GET 200 https://registry.npmjs.org/@img%2fsharp-libvips-linux-arm 49ms (cache miss)
2186 silly packumentCache full:https://registry.npmjs.org/@img%2fsharp-libvips-linux-arm set size:undefined disposed:false
2187 silly fetch manifest @img/sharp-libvips-linuxmusl-arm64@1.2.4
2188 silly packumentCache full:https://registry.npmjs.org/@img%2fsharp-libvips-linuxmusl-arm64 cache-miss
2189 http fetch GET 200 https://registry.npmjs.org/@img%2fsharp-libvips-linux-x64 44ms (cache miss)
2190 silly packumentCache full:https://registry.npmjs.org/@img%2fsharp-libvips-linux-x64 set size:undefined disposed:false
2191 silly fetch manifest client-only@0.0.1
2192 silly packumentCache full:https://registry.npmjs.org/client-only cache-miss
2193 http fetch GET 200 https://registry.npmjs.org/@img%2fsharp-libvips-linux-arm64 47ms (cache miss)
2194 silly packumentCache full:https://registry.npmjs.org/@img%2fsharp-libvips-linux-arm64 set size:undefined disposed:false
2195 http fetch GET 200 https://registry.npmjs.org/@img%2fsharp-libvips-darwin-x64 51ms (cache miss)
2196 silly packumentCache full:https://registry.npmjs.org/@img%2fsharp-libvips-darwin-x64 set size:undefined disposed:false
2197 http fetch GET 200 https://registry.npmjs.org/@img%2fsharp-linuxmusl-arm64 63ms (cache miss)
2198 silly packumentCache full:https://registry.npmjs.org/@img%2fsharp-linuxmusl-arm64 set size:undefined disposed:false
2199 http fetch GET 200 https://registry.npmjs.org/@img%2fsharp-libvips-linux-ppc64 50ms (cache miss)
2200 silly packumentCache full:https://registry.npmjs.org/@img%2fsharp-libvips-linux-ppc64 set size:undefined disposed:false
2201 http fetch GET 200 https://registry.npmjs.org/@img%2fsharp-libvips-linux-riscv64 37ms (cache miss)
2202 silly packumentCache full:https://registry.npmjs.org/@img%2fsharp-libvips-linux-riscv64 set size:undefined disposed:false
2203 http fetch GET 200 https://registry.npmjs.org/@img%2fsharp-libvips-darwin-arm64 41ms (cache miss)
2204 silly packumentCache full:https://registry.npmjs.org/@img%2fsharp-libvips-darwin-arm64 set size:undefined disposed:false
2205 http fetch GET 200 https://registry.npmjs.org/client-only 26ms (cache miss)
2206 silly packumentCache full:https://registry.npmjs.org/client-only set size:undefined disposed:false
2207 http fetch GET 200 https://registry.npmjs.org/@img%2fsharp-libvips-linuxmusl-x64 45ms (cache miss)
2208 silly packumentCache full:https://registry.npmjs.org/@img%2fsharp-libvips-linuxmusl-x64 set size:undefined disposed:false
2209 http fetch GET 200 https://registry.npmjs.org/@img%2fsharp-libvips-linuxmusl-arm64 39ms (cache miss)
2210 silly packumentCache full:https://registry.npmjs.org/@img%2fsharp-libvips-linuxmusl-arm64 set size:undefined disposed:false
2211 http fetch GET 200 https://registry.npmjs.org/@img%2fsharp-linux-s390x 301ms (cache miss)
2212 silly packumentCache full:https://registry.npmjs.org/@img%2fsharp-linux-s390x set size:undefined disposed:false
2213 http fetch GET 200 https://registry.npmjs.org/@img%2fsharp-libvips-linux-s390x 310ms (cache miss)
2214 silly packumentCache full:https://registry.npmjs.org/@img%2fsharp-libvips-linux-s390x set size:undefined disposed:false
2215 silly placeDep ROOT deep-is@0.1.4 OK for: optionator@0.9.4 want: ^0.1.3
2216 silly placeDep ROOT fast-levenshtein@2.0.6 OK for: optionator@0.9.4 want: ^2.0.6
2217 silly placeDep ROOT word-wrap@1.2.5 OK for: optionator@0.9.4 want: ^1.2.5
2218 silly placeDep ROOT p-limit@3.1.0 OK for: p-locate@5.0.0 want: ^3.0.2
2219 silly fetch manifest yocto-queue@^0.1.0
2220 silly packumentCache full:https://registry.npmjs.org/yocto-queue cache-miss
2221 http fetch GET 200 https://registry.npmjs.org/yocto-queue 31ms (cache miss)
2222 silly packumentCache full:https://registry.npmjs.org/yocto-queue set size:undefined disposed:false
2223 silly placeDep ROOT yocto-queue@0.1.0 OK for: p-limit@3.1.0 want: ^0.1.0
2224 silly placeDep ROOT callsites@3.1.0 OK for: parent-module@1.0.1 want: ^3.0.0
2225 silly placeDep ROOT nanoid@3.3.11 OK for: postcss@8.5.8 want: ^3.3.11
2226 silly placeDep ROOT loose-envify@1.4.0 OK for: prop-types@15.8.1 want: ^1.4.0
2227 silly placeDep ROOT object-assign@4.1.1 OK for: prop-types@15.8.1 want: ^4.1.1
2228 silly placeDep ROOT react-is@16.13.1 OK for: prop-types@15.8.1 want: ^16.13.1
2229 silly placeDep ROOT scheduler@0.27.0 OK for: react-dom@19.2.3 want: ^0.27.0
2230 silly placeDep ROOT path-parse@1.0.7 OK for: resolve@1.22.11 want: ^1.0.7
2231 silly placeDep ROOT supports-preserve-symlinks-flag@1.0.0 OK for: resolve@1.22.11 want: ^1.0.0
2232 silly placeDep ROOT queue-microtask@1.2.3 OK for: run-parallel@1.2.0 want: ^1.2.2
2233 silly placeDep ROOT isarray@2.0.5 OK for: safe-array-concat@1.1.3 want: ^2.0.5
2234 silly placeDep ROOT @img/colour@1.1.0 OK for: sharp@0.34.5 want: ^1.0.0
2235 silly placeDep ROOT @img/sharp-darwin-arm64@0.34.5 OK for: sharp@0.34.5 want: 0.34.5
2236 silly placeDep ROOT @img/sharp-darwin-x64@0.34.5 OK for: sharp@0.34.5 want: 0.34.5
2237 silly placeDep ROOT @img/sharp-libvips-darwin-arm64@1.2.4 OK for: sharp@0.34.5 want: 1.2.4
2238 silly placeDep ROOT @img/sharp-libvips-darwin-x64@1.2.4 OK for: sharp@0.34.5 want: 1.2.4
2239 silly placeDep ROOT @img/sharp-libvips-linux-arm@1.2.4 OK for: sharp@0.34.5 want: 1.2.4
2240 silly placeDep ROOT @img/sharp-libvips-linux-arm64@1.2.4 OK for: sharp@0.34.5 want: 1.2.4
2241 silly placeDep ROOT @img/sharp-libvips-linux-ppc64@1.2.4 OK for: sharp@0.34.5 want: 1.2.4
2242 silly placeDep ROOT @img/sharp-libvips-linux-riscv64@1.2.4 OK for: sharp@0.34.5 want: 1.2.4
2243 silly placeDep ROOT @img/sharp-libvips-linux-s390x@1.2.4 OK for: sharp@0.34.5 want: 1.2.4
2244 silly placeDep ROOT @img/sharp-libvips-linux-x64@1.2.4 OK for: sharp@0.34.5 want: 1.2.4
2245 silly placeDep ROOT @img/sharp-libvips-linuxmusl-arm64@1.2.4 OK for: sharp@0.34.5 want: 1.2.4
2246 silly placeDep ROOT @img/sharp-libvips-linuxmusl-x64@1.2.4 OK for: sharp@0.34.5 want: 1.2.4
2247 silly placeDep ROOT @img/sharp-linux-arm@0.34.5 OK for: sharp@0.34.5 want: 0.34.5
2248 silly placeDep ROOT @img/sharp-linux-arm64@0.34.5 OK for: sharp@0.34.5 want: 0.34.5
2249 silly placeDep ROOT @img/sharp-linux-ppc64@0.34.5 OK for: sharp@0.34.5 want: 0.34.5
2250 silly placeDep ROOT @img/sharp-linux-riscv64@0.34.5 OK for: sharp@0.34.5 want: 0.34.5
2251 silly placeDep ROOT @img/sharp-linux-s390x@0.34.5 OK for: sharp@0.34.5 want: 0.34.5
2252 silly placeDep ROOT @img/sharp-linux-x64@0.34.5 OK for: sharp@0.34.5 want: 0.34.5
2253 silly placeDep ROOT @img/sharp-linuxmusl-arm64@0.34.5 OK for: sharp@0.34.5 want: 0.34.5
2254 silly placeDep ROOT @img/sharp-linuxmusl-x64@0.34.5 OK for: sharp@0.34.5 want: 0.34.5
2255 silly placeDep ROOT @img/sharp-wasm32@0.34.5 OK for: sharp@0.34.5 want: 0.34.5
2256 silly placeDep ROOT @img/sharp-win32-arm64@0.34.5 OK for: sharp@0.34.5 want: 0.34.5
2257 silly placeDep ROOT @img/sharp-win32-ia32@0.34.5 OK for: sharp@0.34.5 want: 0.34.5
2258 silly placeDep ROOT @img/sharp-win32-x64@0.34.5 OK for: sharp@0.34.5 want: 0.34.5
2259 silly placeDep node_modules/sharp semver@7.7.4 OK for: sharp@0.34.5 want: ^7.7.3
2260 silly fetch manifest @emnapi/runtime@^1.7.0
2261 silly packumentCache full:https://registry.npmjs.org/@emnapi%2fruntime cache-miss
2262 http fetch GET 200 https://registry.npmjs.org/@emnapi%2fruntime 41ms (cache miss)
2263 silly packumentCache full:https://registry.npmjs.org/@emnapi%2fruntime set size:undefined disposed:false
2264 silly placeDep ROOT @emnapi/runtime@1.8.1 OK for: @img/sharp-wasm32@0.34.5 want: ^1.7.0
2265 silly placeDep ROOT shebang-regex@3.0.0 OK for: shebang-command@2.0.0 want: ^3.0.0
2266 silly placeDep ROOT side-channel-list@1.0.0 OK for: side-channel@1.1.0 want: ^1.0.0
2267 silly placeDep ROOT side-channel-map@1.0.1 OK for: side-channel@1.1.0 want: ^1.0.1
2268 silly placeDep ROOT side-channel-weakmap@1.0.2 OK for: side-channel@1.1.0 want: ^1.0.2
2269 silly placeDep ROOT client-only@0.0.1 OK for: styled-jsx@5.1.6 want: 0.0.1
2270 silly placeDep ROOT has-flag@4.0.0 OK for: supports-color@7.2.0 want: ^4.0.0
2271 silly placeDep ROOT fdir@6.5.0 OK for: tinyglobby@0.2.15 want: ^6.5.0
2272 silly placeDep node_modules/tinyglobby picomatch@4.0.3 OK for: tinyglobby@0.2.15 want: ^4.0.3
2273 silly placeDep ROOT is-number@7.0.0 OK for: to-regex-range@5.0.1 want: ^7.0.0
2274 silly placeDep ROOT @types/json5@0.0.29 OK for: tsconfig-paths@3.15.0 want: ^0.0.29
2275 silly placeDep node_modules/tsconfig-paths json5@1.0.2 OK for: tsconfig-paths@3.15.0 want: ^1.0.2
2276 silly placeDep ROOT minimist@1.2.8 OK for: tsconfig-paths@3.15.0 want: ^1.2.6
2277 silly placeDep ROOT strip-bom@3.0.0 OK for: tsconfig-paths@3.15.0 want: ^3.0.0
2278 silly fetch manifest minimist@^1.2.0
2279 silly packumentCache full:https://registry.npmjs.org/minimist cache-miss
2280 http cache https://registry.npmjs.org/minimist 3ms (cache hit)
2281 silly packumentCache full:https://registry.npmjs.org/minimist set size:77063 disposed:false
2282 silly placeDep ROOT for-each@0.3.5 OK for: typed-array-byte-length@1.0.3 want: ^0.3.3
2283 silly placeDep ROOT reflect.getprototypeof@1.0.10 OK for: typed-array-byte-offset@1.0.4 want: ^1.0.9
2284 silly fetch manifest which-builtin-type@^1.2.1
2285 silly packumentCache full:https://registry.npmjs.org/which-builtin-type cache-miss
2286 http fetch GET 200 https://registry.npmjs.org/which-builtin-type 35ms (cache miss)
2287 silly packumentCache full:https://registry.npmjs.org/which-builtin-type set size:undefined disposed:false
2288 silly placeDep ROOT which-builtin-type@1.2.1 OK for: reflect.getprototypeof@1.0.10 want: ^1.2.1
2289 silly fetch manifest is-async-function@^2.0.0
2290 silly packumentCache full:https://registry.npmjs.org/is-async-function cache-miss
2291 silly fetch manifest is-finalizationregistry@^1.1.0
2292 silly packumentCache full:https://registry.npmjs.org/is-finalizationregistry cache-miss
2293 silly fetch manifest is-generator-function@^1.0.10
2294 silly packumentCache full:https://registry.npmjs.org/is-generator-function cache-miss
2295 silly fetch manifest which-boxed-primitive@^1.1.0
2296 silly packumentCache full:https://registry.npmjs.org/which-boxed-primitive cache-miss
2297 silly fetch manifest which-collection@^1.0.2
2298 silly packumentCache full:https://registry.npmjs.org/which-collection cache-miss
2299 http cache https://registry.npmjs.org/which-boxed-primitive 5ms (cache hit)
2300 silly packumentCache full:https://registry.npmjs.org/which-boxed-primitive set size:19407 disposed:false
2301 http fetch GET 200 https://registry.npmjs.org/which-collection 29ms (cache miss)
2302 silly packumentCache full:https://registry.npmjs.org/which-collection set size:undefined disposed:false
2303 http fetch GET 200 https://registry.npmjs.org/is-finalizationregistry 31ms (cache miss)
2304 silly packumentCache full:https://registry.npmjs.org/is-finalizationregistry set size:undefined disposed:false
2305 http fetch GET 200 https://registry.npmjs.org/is-async-function 33ms (cache miss)
2306 silly packumentCache full:https://registry.npmjs.org/is-async-function set size:undefined disposed:false
2307 http fetch GET 200 https://registry.npmjs.org/is-generator-function 35ms (cache miss)
2308 silly packumentCache full:https://registry.npmjs.org/is-generator-function set size:undefined disposed:false
2309 silly placeDep ROOT @typescript-eslint/eslint-plugin@8.56.1 OK for: typescript-eslint@8.56.1 want: 8.56.1
2310 silly placeDep ROOT @typescript-eslint/parser@8.56.1 OK for: typescript-eslint@8.56.1 want: 8.56.1
2311 silly placeDep ROOT @typescript-eslint/typescript-estree@8.56.1 OK for: typescript-eslint@8.56.1 want: 8.56.1
2312 silly placeDep ROOT @typescript-eslint/utils@8.56.1 OK for: typescript-eslint@8.56.1 want: 8.56.1
2313 silly fetch manifest ignore@^7.0.5
2314 silly packumentCache full:https://registry.npmjs.org/ignore cache-miss
2315 silly fetch manifest ts-api-utils@^2.4.0
2316 silly packumentCache full:https://registry.npmjs.org/ts-api-utils cache-miss
2317 silly fetch manifest @typescript-eslint/type-utils@8.56.1
2318 silly packumentCache full:https://registry.npmjs.org/@typescript-eslint%2ftype-utils cache-miss
2319 silly fetch manifest @typescript-eslint/visitor-keys@8.56.1
2320 silly packumentCache full:https://registry.npmjs.org/@typescript-eslint%2fvisitor-keys cache-miss
2321 silly fetch manifest @typescript-eslint/scope-manager@8.56.1
2322 silly packumentCache full:https://registry.npmjs.org/@typescript-eslint%2fscope-manager cache-miss
2323 silly fetch manifest @typescript-eslint/types@8.56.1
2324 silly packumentCache full:https://registry.npmjs.org/@typescript-eslint%2ftypes cache-miss
2325 silly fetch manifest @typescript-eslint/visitor-keys@8.56.1
2326 silly packumentCache full:https://registry.npmjs.org/@typescript-eslint%2fvisitor-keys cache-miss
2327 silly fetch manifest @typescript-eslint/scope-manager@8.56.1
2328 silly packumentCache full:https://registry.npmjs.org/@typescript-eslint%2fscope-manager cache-miss
2329 silly fetch manifest minimatch@^10.2.2
2330 silly packumentCache full:https://registry.npmjs.org/minimatch cache-miss
2331 silly fetch manifest ts-api-utils@^2.4.0
2332 silly packumentCache full:https://registry.npmjs.org/ts-api-utils cache-miss
2333 silly fetch manifest @typescript-eslint/types@8.56.1
2334 silly packumentCache full:https://registry.npmjs.org/@typescript-eslint%2ftypes cache-miss
2335 http cache https://registry.npmjs.org/ignore 12ms (cache hit)
2336 silly packumentCache full:https://registry.npmjs.org/ignore set size:237380 disposed:false
2337 silly fetch manifest @typescript-eslint/visitor-keys@8.56.1
2338 silly packumentCache full:https://registry.npmjs.org/@typescript-eslint%2fvisitor-keys cache-miss
2339 http cache https://registry.npmjs.org/minimatch 11ms (cache hit)
2340 silly packumentCache full:https://registry.npmjs.org/minimatch set size:352359 disposed:false
2341 silly fetch manifest @typescript-eslint/tsconfig-utils@8.56.1
2342 silly packumentCache full:https://registry.npmjs.org/@typescript-eslint%2ftsconfig-utils cache-miss
2343 http fetch GET 200 https://registry.npmjs.org/ts-api-utils 29ms (cache miss)
2344 silly packumentCache full:https://registry.npmjs.org/ts-api-utils set size:undefined disposed:false
2345 silly fetch manifest @typescript-eslint/project-service@8.56.1
2346 silly packumentCache full:https://registry.npmjs.org/@typescript-eslint%2fproject-service cache-miss
2347 http fetch GET 200 https://registry.npmjs.org/ts-api-utils 46ms (cache miss)
2348 silly packumentCache full:https://registry.npmjs.org/ts-api-utils set size:undefined disposed:false
2349 silly fetch manifest @typescript-eslint/types@8.56.1
2350 silly packumentCache full:https://registry.npmjs.org/@typescript-eslint%2ftypes cache-miss
2351 http fetch GET 200 https://registry.npmjs.org/@typescript-eslint%2fproject-service 123ms (cache miss)
2352 silly packumentCache full:https://registry.npmjs.org/@typescript-eslint%2fproject-service set size:undefined disposed:false
2353 silly fetch manifest @typescript-eslint/scope-manager@8.56.1
2354 silly packumentCache full:https://registry.npmjs.org/@typescript-eslint%2fscope-manager cache-miss
2355 http fetch GET 200 https://registry.npmjs.org/@typescript-eslint%2ftsconfig-utils 169ms (cache miss)
2356 silly packumentCache full:https://registry.npmjs.org/@typescript-eslint%2ftsconfig-utils set size:undefined disposed:false
2357 http fetch GET 200 https://registry.npmjs.org/@typescript-eslint%2ftype-utils 654ms (cache miss)
2358 silly packumentCache full:https://registry.npmjs.org/@typescript-eslint%2ftype-utils set size:undefined disposed:false
2359 http fetch GET 200 https://registry.npmjs.org/@typescript-eslint%2fvisitor-keys 871ms (cache miss)
2360 silly packumentCache full:https://registry.npmjs.org/@typescript-eslint%2fvisitor-keys set size:undefined disposed:false
2361 http fetch GET 200 https://registry.npmjs.org/@typescript-eslint%2fvisitor-keys 944ms (cache miss)
2362 silly packumentCache full:https://registry.npmjs.org/@typescript-eslint%2fvisitor-keys set size:undefined disposed:false
2363 http fetch GET 200 https://registry.npmjs.org/@typescript-eslint%2ftypes 1097ms (cache miss)
2364 silly packumentCache full:https://registry.npmjs.org/@typescript-eslint%2ftypes set size:undefined disposed:false
2365 http fetch GET 200 https://registry.npmjs.org/@typescript-eslint%2ftypes 1158ms (cache miss)
2366 silly packumentCache full:https://registry.npmjs.org/@typescript-eslint%2ftypes set size:undefined disposed:false
2367 http fetch GET 200 https://registry.npmjs.org/@typescript-eslint%2fvisitor-keys 1299ms (cache miss)
2368 silly packumentCache full:https://registry.npmjs.org/@typescript-eslint%2fvisitor-keys set size:undefined disposed:false
2369 http fetch GET 200 https://registry.npmjs.org/@typescript-eslint%2fscope-manager 1271ms (cache miss)
2370 silly packumentCache full:https://registry.npmjs.org/@typescript-eslint%2fscope-manager set size:undefined disposed:false
2371 http fetch GET 200 https://registry.npmjs.org/@typescript-eslint%2fscope-manager 1512ms (cache miss)
2372 silly packumentCache full:https://registry.npmjs.org/@typescript-eslint%2fscope-manager set size:undefined disposed:false
2373 http fetch GET 200 https://registry.npmjs.org/@typescript-eslint%2fscope-manager 1589ms (cache miss)
2374 silly packumentCache full:https://registry.npmjs.org/@typescript-eslint%2fscope-manager set size:undefined disposed:false
2375 http fetch GET 200 https://registry.npmjs.org/@typescript-eslint%2ftypes 1682ms (cache miss)
2376 silly packumentCache full:https://registry.npmjs.org/@typescript-eslint%2ftypes set size:undefined disposed:false
2377 silly placeDep ROOT @typescript-eslint/scope-manager@8.56.1 OK for: @typescript-eslint/eslint-plugin@8.56.1 want: 8.56.1
2378 silly placeDep ROOT @typescript-eslint/type-utils@8.56.1 OK for: @typescript-eslint/eslint-plugin@8.56.1 want: 8.56.1
2379 silly placeDep ROOT @typescript-eslint/visitor-keys@8.56.1 OK for: @typescript-eslint/eslint-plugin@8.56.1 want: 8.56.1
2380 silly placeDep node_modules/@typescript-eslint/eslint-plugin ignore@7.0.5 OK for: @typescript-eslint/eslint-plugin@8.56.1 want: ^7.0.5
2381 silly placeDep ROOT ts-api-utils@2.4.0 OK for: @typescript-eslint/eslint-plugin@8.56.1 want: ^2.4.0
2382 silly fetch manifest eslint-visitor-keys@^5.0.0
2383 silly packumentCache full:https://registry.npmjs.org/eslint-visitor-keys cache-hit
2384 silly placeDep ROOT @typescript-eslint/types@8.56.1 OK for: @typescript-eslint/parser@8.56.1 want: 8.56.1
2385 silly placeDep ROOT @typescript-eslint/project-service@8.56.1 OK for: @typescript-eslint/typescript-estree@8.56.1 want: 8.56.1
2386 silly placeDep ROOT @typescript-eslint/tsconfig-utils@8.56.1 OK for: @typescript-eslint/typescript-estree@8.56.1 want: 8.56.1
2387 silly placeDep node_modules/@typescript-eslint/typescript-estree minimatch@10.2.4 OK for: @typescript-eslint/typescript-estree@8.56.1 want: ^10.2.2
2388 silly placeDep node_modules/@typescript-eslint/typescript-estree semver@7.7.4 OK for: @typescript-eslint/typescript-estree@8.56.1 want: ^7.7.3
2389 silly fetch manifest @typescript-eslint/tsconfig-utils@^8.56.1
2390 silly packumentCache full:https://registry.npmjs.org/@typescript-eslint%2ftsconfig-utils cache-miss
2391 silly fetch manifest brace-expansion@^5.0.2
2392 silly packumentCache full:https://registry.npmjs.org/brace-expansion cache-miss
2393 http cache https://registry.npmjs.org/brace-expansion 3ms (cache hit)
2394 silly packumentCache full:https://registry.npmjs.org/brace-expansion set size:55744 disposed:false
2395 http cache https://registry.npmjs.org/@typescript-eslint%2ftsconfig-utils 6ms (cache hit)
2396 silly packumentCache full:https://registry.npmjs.org/@typescript-eslint%2ftsconfig-utils set size:938388 disposed:false
2397 silly placeDep node_modules/@typescript-eslint/visitor-keys eslint-visitor-keys@5.0.1 OK for: @typescript-eslint/visitor-keys@8.56.1 want: ^5.0.0
2398 silly placeDep ROOT has-bigints@1.1.0 OK for: unbox-primitive@1.1.0 want: ^1.0.2
2399 silly placeDep ROOT which-boxed-primitive@1.1.1 OK for: unbox-primitive@1.1.0 want: ^1.1.1
2400 silly fetch manifest is-bigint@^1.1.0
2401 silly packumentCache full:https://registry.npmjs.org/is-bigint cache-miss
2402 silly fetch manifest is-boolean-object@^1.2.1
2403 silly packumentCache full:https://registry.npmjs.org/is-boolean-object cache-miss
2404 silly fetch manifest is-number-object@^1.1.1
2405 silly packumentCache full:https://registry.npmjs.org/is-number-object cache-miss
2406 http fetch GET 200 https://registry.npmjs.org/is-bigint 22ms (cache miss)
2407 silly packumentCache full:https://registry.npmjs.org/is-bigint set size:undefined disposed:false
2408 http fetch GET 200 https://registry.npmjs.org/is-boolean-object 26ms (cache miss)
2409 silly packumentCache full:https://registry.npmjs.org/is-boolean-object set size:undefined disposed:false
2410 http fetch GET 200 https://registry.npmjs.org/is-number-object 29ms (cache miss)
2411 silly packumentCache full:https://registry.npmjs.org/is-number-object set size:undefined disposed:false
2412 silly placeDep ROOT @unrs/resolver-binding-android-arm-eabi@1.11.1 OK for: unrs-resolver@1.11.1 want: 1.11.1
2413 silly placeDep ROOT @unrs/resolver-binding-android-arm64@1.11.1 OK for: unrs-resolver@1.11.1 want: 1.11.1
2414 silly placeDep ROOT @unrs/resolver-binding-darwin-arm64@1.11.1 OK for: unrs-resolver@1.11.1 want: 1.11.1
2415 silly placeDep ROOT @unrs/resolver-binding-darwin-x64@1.11.1 OK for: unrs-resolver@1.11.1 want: 1.11.1
2416 silly placeDep ROOT @unrs/resolver-binding-freebsd-x64@1.11.1 OK for: unrs-resolver@1.11.1 want: 1.11.1
2417 silly placeDep ROOT @unrs/resolver-binding-linux-arm-gnueabihf@1.11.1 OK for: unrs-resolver@1.11.1 want: 1.11.1
2418 silly placeDep ROOT @unrs/resolver-binding-linux-arm-musleabihf@1.11.1 OK for: unrs-resolver@1.11.1 want: 1.11.1
2419 silly placeDep ROOT @unrs/resolver-binding-linux-arm64-gnu@1.11.1 OK for: unrs-resolver@1.11.1 want: 1.11.1
2420 silly placeDep ROOT @unrs/resolver-binding-linux-arm64-musl@1.11.1 OK for: unrs-resolver@1.11.1 want: 1.11.1
2421 silly placeDep ROOT @unrs/resolver-binding-linux-ppc64-gnu@1.11.1 OK for: unrs-resolver@1.11.1 want: 1.11.1
2422 silly placeDep ROOT @unrs/resolver-binding-linux-riscv64-gnu@1.11.1 OK for: unrs-resolver@1.11.1 want: 1.11.1
2423 silly placeDep ROOT @unrs/resolver-binding-linux-riscv64-musl@1.11.1 OK for: unrs-resolver@1.11.1 want: 1.11.1
2424 silly placeDep ROOT @unrs/resolver-binding-linux-s390x-gnu@1.11.1 OK for: unrs-resolver@1.11.1 want: 1.11.1
2425 silly placeDep ROOT @unrs/resolver-binding-linux-x64-gnu@1.11.1 OK for: unrs-resolver@1.11.1 want: 1.11.1
2426 silly placeDep ROOT @unrs/resolver-binding-linux-x64-musl@1.11.1 OK for: unrs-resolver@1.11.1 want: 1.11.1
2427 silly placeDep ROOT @unrs/resolver-binding-wasm32-wasi@1.11.1 OK for: unrs-resolver@1.11.1 want: 1.11.1
2428 silly placeDep ROOT @unrs/resolver-binding-win32-arm64-msvc@1.11.1 OK for: unrs-resolver@1.11.1 want: 1.11.1
2429 silly placeDep ROOT @unrs/resolver-binding-win32-ia32-msvc@1.11.1 OK for: unrs-resolver@1.11.1 want: 1.11.1
2430 silly placeDep ROOT @unrs/resolver-binding-win32-x64-msvc@1.11.1 OK for: unrs-resolver@1.11.1 want: 1.11.1
2431 silly placeDep ROOT napi-postinstall@0.3.4 OK for: unrs-resolver@1.11.1 want: ^0.3.0
2432 silly fetch manifest @napi-rs/wasm-runtime@^0.2.11
2433 silly packumentCache full:https://registry.npmjs.org/@napi-rs%2fwasm-runtime cache-miss
2434 http fetch GET 200 https://registry.npmjs.org/@napi-rs%2fwasm-runtime 34ms (cache miss)
2435 silly packumentCache full:https://registry.npmjs.org/@napi-rs%2fwasm-runtime set size:undefined disposed:false
2436 silly placeDep ROOT @napi-rs/wasm-runtime@0.2.12 OK for: @unrs/resolver-binding-wasm32-wasi@1.11.1 want: ^0.2.11
2437 silly fetch manifest @emnapi/core@^1.4.3
2438 silly packumentCache full:https://registry.npmjs.org/@emnapi%2fcore cache-miss
2439 silly fetch manifest @tybys/wasm-util@^0.10.0
2440 silly packumentCache full:https://registry.npmjs.org/@tybys%2fwasm-util cache-miss
2441 http fetch GET 200 https://registry.npmjs.org/@emnapi%2fcore 42ms (cache miss)
2442 silly packumentCache full:https://registry.npmjs.org/@emnapi%2fcore set size:undefined disposed:false
2443 http fetch GET 200 https://registry.npmjs.org/@tybys%2fwasm-util 44ms (cache miss)
2444 silly packumentCache full:https://registry.npmjs.org/@tybys%2fwasm-util set size:undefined disposed:false
2445 silly placeDep ROOT @emnapi/core@1.8.1 OK for: @napi-rs/wasm-runtime@0.2.12 want: ^1.4.3
2446 silly placeDep ROOT @tybys/wasm-util@0.10.1 OK for: @napi-rs/wasm-runtime@0.2.12 want: ^0.10.0
2447 silly fetch manifest @emnapi/wasi-threads@1.1.0
2448 silly packumentCache full:https://registry.npmjs.org/@emnapi%2fwasi-threads cache-miss
2449 http fetch GET 200 https://registry.npmjs.org/@emnapi%2fwasi-threads 46ms (cache miss)
2450 silly packumentCache full:https://registry.npmjs.org/@emnapi%2fwasi-threads set size:undefined disposed:false
2451 silly placeDep ROOT @emnapi/wasi-threads@1.1.0 OK for: @emnapi/core@1.8.1 want: 1.1.0
2452 silly placeDep ROOT escalade@3.2.0 OK for: update-browserslist-db@1.2.3 want: ^3.2.0
2453 silly placeDep ROOT punycode@2.3.1 OK for: uri-js@4.4.1 want: ^2.1.0
2454 silly placeDep ROOT isexe@2.0.0 OK for: which@2.0.2 want: ^2.0.0
2455 silly placeDep ROOT is-bigint@1.1.0 OK for: which-boxed-primitive@1.1.1 want: ^1.1.0
2456 silly placeDep ROOT is-boolean-object@1.2.2 OK for: which-boxed-primitive@1.1.1 want: ^1.2.1
2457 silly placeDep ROOT is-number-object@1.1.1 OK for: which-boxed-primitive@1.1.1 want: ^1.1.1
2458 silly placeDep ROOT is-async-function@2.1.1 OK for: which-builtin-type@1.2.1 want: ^2.0.0
2459 silly placeDep ROOT is-finalizationregistry@1.1.1 OK for: which-builtin-type@1.2.1 want: ^1.1.0
2460 silly placeDep ROOT is-generator-function@1.1.2 OK for: which-builtin-type@1.2.1 want: ^1.0.10
2461 silly placeDep ROOT which-collection@1.0.2 OK for: which-builtin-type@1.2.1 want: ^1.0.2
2462 silly fetch manifest async-function@^1.0.0
2463 silly packumentCache full:https://registry.npmjs.org/async-function cache-miss
2464 silly fetch manifest generator-function@^2.0.0
2465 silly packumentCache full:https://registry.npmjs.org/generator-function cache-miss
2466 silly fetch manifest is-map@^2.0.3
2467 silly packumentCache full:https://registry.npmjs.org/is-map cache-miss
2468 silly fetch manifest is-weakmap@^2.0.2
2469 silly packumentCache full:https://registry.npmjs.org/is-weakmap cache-miss
2470 silly fetch manifest is-weakset@^2.0.3
2471 silly packumentCache full:https://registry.npmjs.org/is-weakset cache-miss
2472 http fetch GET 200 https://registry.npmjs.org/is-weakset 28ms (cache miss)
2473 silly packumentCache full:https://registry.npmjs.org/is-weakset set size:undefined disposed:false
2474 http fetch GET 200 https://registry.npmjs.org/async-function 31ms (cache miss)
2475 silly packumentCache full:https://registry.npmjs.org/async-function set size:undefined disposed:false
2476 http fetch GET 200 https://registry.npmjs.org/generator-function 32ms (cache miss)
2477 silly packumentCache full:https://registry.npmjs.org/generator-function set size:undefined disposed:false
2478 http fetch GET 200 https://registry.npmjs.org/is-weakmap 32ms (cache miss)
2479 silly packumentCache full:https://registry.npmjs.org/is-weakmap set size:undefined disposed:false
2480 http fetch GET 200 https://registry.npmjs.org/is-map 38ms (cache miss)
2481 silly packumentCache full:https://registry.npmjs.org/is-map set size:undefined disposed:false
2482 silly placeDep ROOT async-function@1.0.0 OK for: is-async-function@2.1.1 want: ^1.0.0
2483 silly placeDep ROOT generator-function@2.0.1 OK for: is-generator-function@1.1.2 want: ^2.0.0
2484 silly placeDep ROOT is-map@2.0.3 OK for: which-collection@1.0.2 want: ^2.0.3
2485 silly placeDep ROOT is-weakmap@2.0.2 OK for: which-collection@1.0.2 want: ^2.0.2
2486 silly placeDep ROOT is-weakset@2.0.4 OK for: which-collection@1.0.2 want: ^2.0.3
2487 silly placeDep node_modules/@typescript-eslint/typescript-estree brace-expansion@5.0.4 OK for: minimatch@10.2.4 want: ^5.0.2
2488 silly fetch manifest balanced-match@^4.0.2
2489 silly packumentCache full:https://registry.npmjs.org/balanced-match cache-miss
2490 http cache https://registry.npmjs.org/balanced-match 3ms (cache hit)
2491 silly packumentCache full:https://registry.npmjs.org/balanced-match set size:39082 disposed:false
2492 silly placeDep node_modules/@typescript-eslint/typescript-estree balanced-match@4.0.4 OK for: brace-expansion@5.0.4 want: ^4.0.2
2493 silly placeDep ROOT node-exports-info@1.6.0 OK for: resolve@2.0.0-next.6 want: ^1.6.0
2494 silly reify moves {}
2495 silly audit bulk request {
2495 silly audit   '@supabase/supabase-js': [ '2.98.0' ],
2495 silly audit   '@tailwindcss/postcss': [ '4.2.1' ],
2495 silly audit   '@types/node': [ '20.19.37' ],
2495 silly audit   '@types/react': [ '19.2.14' ],
2495 silly audit   '@types/react-dom': [ '19.2.3' ],
2495 silly audit   clsx: [ '2.1.1' ],
2495 silly audit   eslint: [ '9.39.4' ],
2495 silly audit   'eslint-config-next': [ '16.1.6' ],
2495 silly audit   next: [ '16.1.6' ],
2495 silly audit   react: [ '19.2.3' ],
2495 silly audit   'react-dom': [ '19.2.3' ],
2495 silly audit   'tailwind-merge': [ '3.5.0' ],
2495 silly audit   tailwindcss: [ '4.2.1' ],
2495 silly audit   typescript: [ '5.9.3' ],
2495 silly audit   '@supabase/auth-js': [ '2.98.0' ],
2495 silly audit   '@supabase/functions-js': [ '2.98.0' ],
2495 silly audit   '@supabase/postgrest-js': [ '2.98.0' ],
2495 silly audit   '@supabase/realtime-js': [ '2.98.0' ],
2495 silly audit   '@supabase/storage-js': [ '2.98.0' ],
2495 silly audit   tslib: [ '2.8.1' ],
2495 silly audit   '@types/phoenix': [ '1.6.7' ],
2495 silly audit   '@types/ws': [ '8.18.1' ],
2495 silly audit   ws: [ '8.19.0' ],
2495 silly audit   'iceberg-js': [ '0.8.1' ],
2495 silly audit   '@alloc/quick-lru': [ '5.2.0' ],
2495 silly audit   '@tailwindcss/node': [ '4.2.1' ],
2495 silly audit   '@tailwindcss/oxide': [ '4.2.1' ],
2495 silly audit   postcss: [ '8.5.8', '8.4.31' ],
2495 silly audit   '@jridgewell/remapping': [ '2.3.5' ],
2495 silly audit   'enhanced-resolve': [ '5.20.0' ],
2495 silly audit   jiti: [ '2.6.1' ],
2495 silly audit   lightningcss: [ '1.31.1' ],
2495 silly audit   'magic-string': [ '0.30.21' ],
2495 silly audit   'source-map-js': [ '1.2.1' ],
2495 silly audit   '@jridgewell/gen-mapping': [ '0.3.13' ],
2495 silly audit   '@jridgewell/trace-mapping': [ '0.3.31' ],
2495 silly audit   '@jridgewell/sourcemap-codec': [ '1.5.5' ],
2495 silly audit   '@jridgewell/resolve-uri': [ '3.1.2' ],
2495 silly audit   '@tailwindcss/oxide-android-arm64': [ '4.2.1' ],
2495 silly audit   '@tailwindcss/oxide-darwin-arm64': [ '4.2.1' ],
2495 silly audit   '@tailwindcss/oxide-darwin-x64': [ '4.2.1' ],
2495 silly audit   '@tailwindcss/oxide-freebsd-x64': [ '4.2.1' ],
2495 silly audit   '@tailwindcss/oxide-linux-arm-gnueabihf': [ '4.2.1' ],
2495 silly audit   '@tailwindcss/oxide-linux-arm64-gnu': [ '4.2.1' ],
2495 silly audit   '@tailwindcss/oxide-linux-arm64-musl': [ '4.2.1' ],
2495 silly audit   '@tailwindcss/oxide-linux-x64-gnu': [ '4.2.1' ],
2495 silly audit   '@tailwindcss/oxide-linux-x64-musl': [ '4.2.1' ],
2495 silly audit   '@tailwindcss/oxide-wasm32-wasi': [ '4.2.1' ],
2495 silly audit   '@tailwindcss/oxide-win32-arm64-msvc': [ '4.2.1' ],
2495 silly audit   '@tailwindcss/oxide-win32-x64-msvc': [ '4.2.1' ],
2495 silly audit   'undici-types': [ '6.21.0' ],
2495 silly audit   csstype: [ '3.2.3' ],
2495 silly audit   'graceful-fs': [ '4.2.11' ],
2495 silly audit   tapable: [ '2.3.0' ],
2495 silly audit   '@eslint-community/eslint-utils': [ '4.9.1' ],
2495 silly audit   '@eslint-community/regexpp': [ '4.12.2' ],
2495 silly audit   '@eslint/config-array': [ '0.21.2' ],
2495 silly audit   '@eslint/config-helpers': [ '0.4.2' ],
2495 silly audit   '@eslint/core': [ '0.17.0' ],
2495 silly audit   '@eslint/eslintrc': [ '3.3.5' ],
2495 silly audit   '@eslint/js': [ '9.39.4' ],
2495 silly audit   '@eslint/plugin-kit': [ '0.4.1' ],
2495 silly audit   '@humanfs/node': [ '0.16.7' ],
2495 silly audit   '@humanwhocodes/module-importer': [ '1.0.1' ],
2495 silly audit   '@humanwhocodes/retry': [ '0.4.3' ],
2495 silly audit   '@types/estree': [ '1.0.8' ],
2495 silly audit   ajv: [ '6.14.0' ],
2495 silly audit   chalk: [ '4.1.2' ],
2495 silly audit   'cross-spawn': [ '7.0.6' ],
2495 silly audit   debug: [ '4.4.3', '3.2.7' ],
2495 silly audit   'escape-string-regexp': [ '4.0.0' ],
2495 silly audit   'eslint-scope': [ '8.4.0' ],
2495 silly audit   'eslint-visitor-keys': [ '4.2.1', '3.4.3', '5.0.1' ],
2495 silly audit   espree: [ '10.4.0' ],
2495 silly audit   esquery: [ '1.7.0' ],
2495 silly audit   esutils: [ '2.0.3' ],
2495 silly audit   'fast-deep-equal': [ '3.1.3' ],
2495 silly audit   'file-entry-cache': [ '8.0.0' ],
2495 silly audit   'find-up': [ '5.0.0' ],
2495 silly audit   'glob-parent': [ '6.0.2', '5.1.2' ],
2495 silly audit   ignore: [ '5.3.2', '7.0.5' ],
2495 silly audit   imurmurhash: [ '0.1.4' ],
2495 silly audit   'is-glob': [ '4.0.3' ],
2495 silly audit   'json-stable-stringify-without-jsonify': [ '1.0.1' ],
2495 silly audit   'lodash.merge': [ '4.6.2' ],
2495 silly audit   minimatch: [ '3.1.5', '10.2.4' ],
2495 silly audit   'natural-compare': [ '1.4.0' ],
2495 silly audit   optionator: [ '0.9.4' ],
2495 silly audit   '@eslint/object-schema': [ '2.1.7' ],
2495 silly audit   '@types/json-schema': [ '7.0.15' ],
2495 silly audit   globals: [ '14.0.0', '16.4.0' ],
2495 silly audit   'import-fresh': [ '3.3.1' ],
2495 silly audit   'js-yaml': [ '4.1.1' ],
2495 silly audit   'strip-json-comments': [ '3.1.1' ],
2495 silly audit   levn: [ '0.4.1' ],
2495 silly audit   '@humanfs/core': [ '0.19.1' ],
2495 silly audit   'fast-json-stable-stringify': [ '2.1.0' ],
2495 silly audit   'json-schema-traverse': [ '0.4.1' ],
2495 silly audit   'uri-js': [ '4.4.1' ],
2495 silly audit   'ansi-styles': [ '4.3.0' ],
2495 silly audit   'supports-color': [ '7.2.0' ],
2495 silly audit   'color-convert': [ '2.0.1' ],
2495 silly audit   'color-name': [ '1.1.4' ],
2495 silly audit   'path-key': [ '3.1.1' ],
2495 silly audit   'shebang-command': [ '2.0.0' ],
2495 silly audit   which: [ '2.0.2' ],
2495 silly audit   ms: [ '2.1.3' ],
2495 silly audit   '@next/eslint-plugin-next': [ '16.1.6' ],
2495 silly audit   'eslint-import-resolver-node': [ '0.3.9' ],
2495 silly audit   'eslint-import-resolver-typescript': [ '3.10.1' ],
2495 silly audit   'eslint-plugin-import': [ '2.32.0' ],
2495 silly audit   'eslint-plugin-jsx-a11y': [ '6.10.2' ],
2495 silly audit   'eslint-plugin-react': [ '7.37.5' ],
2495 silly audit   'eslint-plugin-react-hooks': [ '7.0.1' ],
2495 silly audit   'typescript-eslint': [ '8.56.1' ],
2495 silly audit   'fast-glob': [ '3.3.1' ],
2495 silly audit   'is-core-module': [ '2.16.1' ],
2495 silly audit   resolve: [ '1.22.11', '2.0.0-next.6' ],
2495 silly audit   '@nolyfill/is-core-module': [ '1.0.39' ],
2495 silly audit   'get-tsconfig': [ '4.13.6' ],
2495 silly audit   'is-bun-module': [ '2.0.0' ],
2495 silly audit   'stable-hash': [ '0.0.5' ],
2495 silly audit   tinyglobby: [ '0.2.15' ],
2495 silly audit   'unrs-resolver': [ '1.11.1' ],
2495 silly audit   '@rtsao/scc': [ '1.1.0' ],
2495 silly audit   'array-includes': [ '3.1.9' ],
2495 silly audit   'array.prototype.findlastindex': [ '1.2.6' ],
2495 silly audit   'array.prototype.flat': [ '1.3.3' ],
2495 silly audit   'array.prototype.flatmap': [ '1.3.3' ],
2495 silly audit   doctrine: [ '2.1.0' ],
2495 silly audit   'eslint-module-utils': [ '2.12.1' ],
2495 silly audit   hasown: [ '2.0.2' ],
2495 silly audit   'object.fromentries': [ '2.0.8' ],
2495 silly audit   'object.groupby': [ '1.0.3' ],
2495 silly audit   'object.values': [ '1.2.1' ],
2495 silly audit   semver: [ '6.3.1', '7.7.4' ],
2495 silly audit   'string.prototype.trimend': [ '1.0.9' ],
2495 silly audit   'tsconfig-paths': [ '3.15.0' ],
2495 silly audit   'call-bind': [ '1.0.8' ],
2495 silly audit   'call-bound': [ '1.0.4' ],
2495 silly audit   'define-properties': [ '1.2.1' ],
2495 silly audit   'es-abstract': [ '1.24.1' ],
2495 silly audit   'es-object-atoms': [ '1.1.1' ],
2495 silly audit   'get-intrinsic': [ '1.3.0' ],
2495 silly audit   'is-string': [ '1.1.1' ],
2495 silly audit   'math-intrinsics': [ '1.1.0' ],
2495 silly audit   'es-errors': [ '1.3.0' ],
2495 silly audit   'es-shim-unscopables': [ '1.1.0' ],
2495 silly audit   'call-bind-apply-helpers': [ '1.0.2' ],
2495 silly audit   'es-define-property': [ '1.0.1' ],
2495 silly audit   'set-function-length': [ '1.2.2' ],
2495 silly audit   'function-bind': [ '1.1.2' ],
2495 silly audit   'define-data-property': [ '1.1.4' ],
2495 silly audit   'has-property-descriptors': [ '1.0.2' ],
2495 silly audit   'object-keys': [ '1.1.1' ],
2495 silly audit   gopd: [ '1.2.0' ],
2495 silly audit   'array-buffer-byte-length': [ '1.0.2' ],
2495 silly audit   'arraybuffer.prototype.slice': [ '1.0.4' ],
2495 silly audit   'available-typed-arrays': [ '1.0.7' ],
2495 silly audit   'data-view-buffer': [ '1.0.2' ],
2495 silly audit   'data-view-byte-length': [ '1.0.2' ],
2495 silly audit   'data-view-byte-offset': [ '1.0.1' ],
2495 silly audit   'es-set-tostringtag': [ '2.1.0' ],
2495 silly audit   'es-to-primitive': [ '1.3.0' ],
2495 silly audit   'function.prototype.name': [ '1.1.8' ],
2495 silly audit   'get-proto': [ '1.0.1' ],
2495 silly audit   'get-symbol-description': [ '1.1.0' ],
2495 silly audit   globalthis: [ '1.0.4' ],
2495 silly audit   'has-proto': [ '1.2.0' ],
2495 silly audit   'has-symbols': [ '1.1.0' ],
2495 silly audit   'internal-slot': [ '1.1.0' ],
2495 silly audit   'is-array-buffer': [ '3.0.5' ],
2495 silly audit   'is-callable': [ '1.2.7' ],
2495 silly audit   'is-data-view': [ '1.0.2' ],
2495 silly audit   'is-negative-zero': [ '2.0.3' ],
2495 silly audit   'is-regex': [ '1.2.1' ],
2495 silly audit   'is-set': [ '2.0.3' ],
2495 silly audit   'is-shared-array-buffer': [ '1.0.4' ],
2495 silly audit   'is-typed-array': [ '1.1.15' ],
2495 silly audit   'is-weakref': [ '1.1.1' ],
2495 silly audit   'object-inspect': [ '1.13.4' ],
2495 silly audit   'object.assign': [ '4.1.7' ],
2495 silly audit   'own-keys': [ '1.0.1' ],
2495 silly audit   'regexp.prototype.flags': [ '1.5.4' ],
2495 silly audit   'safe-array-concat': [ '1.1.3' ],
2495 silly audit   'safe-push-apply': [ '1.0.0' ],
2495 silly audit   'safe-regex-test': [ '1.1.0' ],
2495 silly audit   'set-proto': [ '1.0.0' ],
2495 silly audit   'stop-iteration-iterator': [ '1.1.0' ],
2495 silly audit   'string.prototype.trim': [ '1.2.10' ],
2495 silly audit   'string.prototype.trimstart': [ '1.0.8' ],
2495 silly audit   'typed-array-buffer': [ '1.0.3' ],
2495 silly audit   'typed-array-byte-length': [ '1.0.3' ],
2495 silly audit   'typed-array-byte-offset': [ '1.0.4' ],
2495 silly audit   'typed-array-length': [ '1.0.7' ],
2495 silly audit   'unbox-primitive': [ '1.1.0' ],
2495 silly audit   'which-typed-array': [ '1.1.20' ],
2495 silly audit   'possible-typed-array-names': [ '1.1.0' ],
2495 silly audit   'has-tostringtag': [ '1.0.2' ],
2495 silly audit   'is-date-object': [ '1.1.0' ],
2495 silly audit   'is-symbol': [ '1.1.1' ],
2495 silly audit   'aria-query': [ '5.3.2' ],
2495 silly audit   'ast-types-flow': [ '0.0.8' ],
2495 silly audit   'axe-core': [ '4.11.1' ],
2495 silly audit   'axobject-query': [ '4.1.0' ],
2495 silly audit   'damerau-levenshtein': [ '1.0.8' ],
2495 silly audit   'emoji-regex': [ '9.2.2' ],
2495 silly audit   'jsx-ast-utils': [ '3.3.5' ],
2495 silly audit   'language-tags': [ '1.0.9' ],
2495 silly audit   'string.prototype.includes': [ '2.0.1' ],
2495 silly audit   'array.prototype.findlast': [ '1.2.5' ],
2495 silly audit   'array.prototype.tosorted': [ '1.1.4' ],
2495 silly audit   'es-iterator-helpers': [ '1.2.2' ],
2495 silly audit   estraverse: [ '5.3.0' ],
2495 silly audit   'object.entries': [ '1.1.9' ],
2495 silly audit   'prop-types': [ '15.8.1' ],
2495 silly audit   'string.prototype.matchall': [ '4.0.12' ],
2495 silly audit   'string.prototype.repeat': [ '1.0.0' ],
2495 silly audit   'iterator.prototype': [ '1.1.5' ],
2495 silly audit   '@babel/core': [ '7.29.0' ],
2495 silly audit   '@babel/parser': [ '7.29.0' ],
2495 silly audit   'hermes-parser': [ '0.25.1' ],
2495 silly audit   zod: [ '4.3.6' ],
2495 silly audit   'zod-validation-error': [ '4.0.2' ],
2495 silly audit   '@babel/code-frame': [ '7.29.0' ],
2495 silly audit   '@babel/generator': [ '7.29.1' ],
2495 silly audit   '@babel/helper-compilation-targets': [ '7.28.6' ],
2495 silly audit   '@babel/helper-module-transforms': [ '7.28.6' ],
2495 silly audit   '@babel/helpers': [ '7.28.6' ],
2495 silly audit   '@babel/template': [ '7.28.6' ],
2495 silly audit   '@babel/traverse': [ '7.29.0' ],
2495 silly audit   '@babel/types': [ '7.29.0' ],
2495 silly audit   'convert-source-map': [ '2.0.0' ],
2495 silly audit   gensync: [ '1.0.0-beta.2' ],
2495 silly audit   json5: [ '2.2.3', '1.0.2' ],
2495 silly audit   '@babel/helper-validator-identifier': [ '7.28.5' ],
2495 silly audit   'js-tokens': [ '4.0.0' ],
2495 silly audit   picocolors: [ '1.1.1' ],
2495 silly audit   jsesc: [ '3.1.0' ],
2495 silly audit   '@babel/compat-data': [ '7.29.0' ],
2495 silly audit   '@babel/helper-validator-option': [ '7.27.1' ],
2495 silly audit   browserslist: [ '4.28.1' ],
2495 silly audit   'lru-cache': [ '5.1.1' ],
2495 silly audit   '@babel/helper-module-imports': [ '7.28.6' ],
2495 silly audit   '@babel/helper-globals': [ '7.28.0' ],
2495 silly audit   '@babel/helper-string-parser': [ '7.27.1' ],
2495 silly audit   'baseline-browser-mapping': [ '2.10.0' ],
2495 silly audit   'caniuse-lite': [ '1.0.30001777' ],
2495 silly audit   'electron-to-chromium': [ '1.5.307' ],
2495 silly audit   'node-releases': [ '2.0.36' ],
2495 silly audit   'update-browserslist-db': [ '1.2.3' ],
2495 silly audit   esrecurse: [ '4.3.0' ],
2495 silly audit   acorn: [ '8.16.0' ],
2495 silly audit   'acorn-jsx': [ '5.3.2' ],
2495 silly audit   '@nodelib/fs.stat': [ '2.0.5' ],
2495 silly audit   '@nodelib/fs.walk': [ '1.2.8' ],
2495 silly audit   merge2: [ '1.4.1' ],
2495 silly audit   micromatch: [ '4.0.8' ],
2495 silly audit   '@nodelib/fs.scandir': [ '2.1.5' ],
2495 silly audit   fastq: [ '1.20.1' ],
2495 silly audit   'run-parallel': [ '1.2.0' ],
2495 silly audit   reusify: [ '1.1.0' ],
2495 silly audit   'flat-cache': [ '4.0.1' ],
2495 silly audit   'locate-path': [ '6.0.0' ],
2495 silly audit   'path-exists': [ '4.0.0' ],
2495 silly audit   flatted: [ '3.4.0' ],
2495 silly audit   keyv: [ '4.5.4' ],
2495 silly audit   'functions-have-names': [ '1.2.3' ],
2495 silly audit   'dunder-proto': [ '1.0.1' ],
2495 silly audit   'resolve-pkg-maps': [ '1.0.0' ],
2495 silly audit   'hermes-estree': [ '0.25.1' ],
2495 silly audit   'parent-module': [ '1.0.1' ],
2495 silly audit   'resolve-from': [ '4.0.0' ],
2495 silly audit   'side-channel': [ '1.1.0' ],
2495 silly audit   'is-extglob': [ '2.1.1' ],
2495 silly audit   'set-function-name': [ '2.0.2' ],
2495 silly audit   argparse: [ '2.0.1' ],
2495 silly audit   'json-buffer': [ '3.0.1' ],
2495 silly audit   'language-subtag-registry': [ '0.3.23' ],
2495 silly audit   'prelude-ls': [ '1.2.1' ],
2495 silly audit   'type-check': [ '0.4.0' ],
2495 silly audit   'detect-libc': [ '2.1.2' ],
2495 silly audit   'lightningcss-android-arm64': [ '1.31.1' ],
2495 silly audit   'lightningcss-darwin-arm64': [ '1.31.1' ],
2495 silly audit   'lightningcss-darwin-x64': [ '1.31.1' ],
2495 silly audit   'lightningcss-freebsd-x64': [ '1.31.1' ],
2495 silly audit   'lightningcss-linux-arm-gnueabihf': [ '1.31.1' ],
2495 silly audit   'lightningcss-linux-arm64-gnu': [ '1.31.1' ],
2495 silly audit   'lightningcss-linux-arm64-musl': [ '1.31.1' ],
2495 silly audit   'lightningcss-linux-x64-gnu': [ '1.31.1' ],
2495 silly audit   'lightningcss-linux-x64-musl': [ '1.31.1' ],
2495 silly audit   'lightningcss-win32-arm64-msvc': [ '1.31.1' ],
2495 silly audit   'lightningcss-win32-x64-msvc': [ '1.31.1' ],
2495 silly audit   'p-locate': [ '5.0.0' ],
2495 silly audit   yallist: [ '3.1.1' ],
2495 silly audit   braces: [ '3.0.3' ],
2495 silly audit   picomatch: [ '2.3.1', '4.0.3' ],
2495 silly audit   'fill-range': [ '7.1.1' ],
2495 silly audit   'to-regex-range': [ '5.0.1' ],
2495 silly audit   'brace-expansion': [ '1.1.12', '5.0.4' ],
2495 silly audit   'balanced-match': [ '1.0.2', '4.0.4' ],
2495 silly audit   'concat-map': [ '0.0.1' ],
2495 silly audit   '@next/env': [ '16.1.6' ],
2495 silly audit   '@next/swc-darwin-arm64': [ '16.1.6' ],
2495 silly audit   '@next/swc-darwin-x64': [ '16.1.6' ],
2495 silly audit   '@next/swc-linux-arm64-gnu': [ '16.1.6' ],
2495 silly audit   '@next/swc-linux-arm64-musl': [ '16.1.6' ],
2495 silly audit   '@next/swc-linux-x64-gnu': [ '16.1.6' ],
2495 silly audit   '@next/swc-linux-x64-musl': [ '16.1.6' ],
2495 silly audit   '@next/swc-win32-arm64-msvc': [ '16.1.6' ],
2495 silly audit   '@next/swc-win32-x64-msvc': [ '16.1.6' ],
2495 silly audit   '@swc/helpers': [ '0.5.15' ],
2495 silly audit   sharp: [ '0.34.5' ],
2495 silly audit   'styled-jsx': [ '5.1.6' ],
2495 silly audit   'deep-is': [ '0.1.4' ],
2495 silly audit   'fast-levenshtein': [ '2.0.6' ],
2495 silly audit   'word-wrap': [ '1.2.5' ],
2495 silly audit   'p-limit': [ '3.1.0' ],
2495 silly audit   'yocto-queue': [ '0.1.0' ],
2495 silly audit   callsites: [ '3.1.0' ],
2495 silly audit   nanoid: [ '3.3.11' ],
2495 silly audit   'loose-envify': [ '1.4.0' ],
2495 silly audit   'object-assign': [ '4.1.1' ],
2495 silly audit   'react-is': [ '16.13.1' ],
2495 silly audit   scheduler: [ '0.27.0' ],
2495 silly audit   'path-parse': [ '1.0.7' ],
2495 silly audit   'supports-preserve-symlinks-flag': [ '1.0.0' ],
2495 silly audit   'queue-microtask': [ '1.2.3' ],
2495 silly audit   isarray: [ '2.0.5' ],
2495 silly audit   '@img/colour': [ '1.1.0' ],
2495 silly audit   '@img/sharp-darwin-arm64': [ '0.34.5' ],
2495 silly audit   '@img/sharp-darwin-x64': [ '0.34.5' ],
2495 silly audit   '@img/sharp-libvips-darwin-arm64': [ '1.2.4' ],
2495 silly audit   '@img/sharp-libvips-darwin-x64': [ '1.2.4' ],
2495 silly audit   '@img/sharp-libvips-linux-arm': [ '1.2.4' ],
2495 silly audit   '@img/sharp-libvips-linux-arm64': [ '1.2.4' ],
2495 silly audit   '@img/sharp-libvips-linux-ppc64': [ '1.2.4' ],
2495 silly audit   '@img/sharp-libvips-linux-riscv64': [ '1.2.4' ],
2495 silly audit   '@img/sharp-libvips-linux-s390x': [ '1.2.4' ],
2495 silly audit   '@img/sharp-libvips-linux-x64': [ '1.2.4' ],
2495 silly audit   '@img/sharp-libvips-linuxmusl-arm64': [ '1.2.4' ],
2495 silly audit   '@img/sharp-libvips-linuxmusl-x64': [ '1.2.4' ],
2495 silly audit   '@img/sharp-linux-arm': [ '0.34.5' ],
2495 silly audit   '@img/sharp-linux-arm64': [ '0.34.5' ],
2495 silly audit   '@img/sharp-linux-ppc64': [ '0.34.5' ],
2495 silly audit   '@img/sharp-linux-riscv64': [ '0.34.5' ],
2495 silly audit   '@img/sharp-linux-s390x': [ '0.34.5' ],
2495 silly audit   '@img/sharp-linux-x64': [ '0.34.5' ],
2495 silly audit   '@img/sharp-linuxmusl-arm64': [ '0.34.5' ],
2495 silly audit   '@img/sharp-linuxmusl-x64': [ '0.34.5' ],
2495 silly audit   '@img/sharp-wasm32': [ '0.34.5' ],
2495 silly audit   '@img/sharp-win32-arm64': [ '0.34.5' ],
2495 silly audit   '@img/sharp-win32-ia32': [ '0.34.5' ],
2495 silly audit   '@img/sharp-win32-x64': [ '0.34.5' ],
2495 silly audit   '@emnapi/runtime': [ '1.8.1' ],
2495 silly audit   'shebang-regex': [ '3.0.0' ],
2495 silly audit   'side-channel-list': [ '1.0.0' ],
2495 silly audit   'side-channel-map': [ '1.0.1' ],
2495 silly audit   'side-channel-weakmap': [ '1.0.2' ],
2495 silly audit   'client-only': [ '0.0.1' ],
2495 silly audit   'has-flag': [ '4.0.0' ],
2495 silly audit   fdir: [ '6.5.0' ],
2495 silly audit   'is-number': [ '7.0.0' ],
2495 silly audit   '@types/json5': [ '0.0.29' ],
2495 silly audit   minimist: [ '1.2.8' ],
2495 silly audit   'strip-bom': [ '3.0.0' ],
2495 silly audit   'for-each': [ '0.3.5' ],
2495 silly audit   'reflect.getprototypeof': [ '1.0.10' ],
2495 silly audit   'which-builtin-type': [ '1.2.1' ],
2495 silly audit   '@typescript-eslint/eslint-plugin': [ '8.56.1' ],
2495 silly audit   '@typescript-eslint/parser': [ '8.56.1' ],
2495 silly audit   '@typescript-eslint/typescript-estree': [ '8.56.1' ],
2495 silly audit   '@typescript-eslint/utils': [ '8.56.1' ],
2495 silly audit   '@typescript-eslint/scope-manager': [ '8.56.1' ],
2495 silly audit   '@typescript-eslint/type-utils': [ '8.56.1' ],
2495 silly audit   '@typescript-eslint/visitor-keys': [ '8.56.1' ],
2495 silly audit   'ts-api-utils': [ '2.4.0' ],
2495 silly audit   '@typescript-eslint/types': [ '8.56.1' ],
2495 silly audit   '@typescript-eslint/project-service': [ '8.56.1' ],
2495 silly audit   '@typescript-eslint/tsconfig-utils': [ '8.56.1' ],
2495 silly audit   'has-bigints': [ '1.1.0' ],
2495 silly audit   'which-boxed-primitive': [ '1.1.1' ],
2495 silly audit   '@unrs/resolver-binding-android-arm-eabi': [ '1.11.1' ],
2495 silly audit   '@unrs/resolver-binding-android-arm64': [ '1.11.1' ],
2495 silly audit   '@unrs/resolver-binding-darwin-arm64': [ '1.11.1' ],
2495 silly audit   '@unrs/resolver-binding-darwin-x64': [ '1.11.1' ],
2495 silly audit   '@unrs/resolver-binding-freebsd-x64': [ '1.11.1' ],
2495 silly audit   '@unrs/resolver-binding-linux-arm-gnueabihf': [ '1.11.1' ],
2495 silly audit   '@unrs/resolver-binding-linux-arm-musleabihf': [ '1.11.1' ],
2495 silly audit   '@unrs/resolver-binding-linux-arm64-gnu': [ '1.11.1' ],
2495 silly audit   '@unrs/resolver-binding-linux-arm64-musl': [ '1.11.1' ],
2495 silly audit   '@unrs/resolver-binding-linux-ppc64-gnu': [ '1.11.1' ],
2495 silly audit   '@unrs/resolver-binding-linux-riscv64-gnu': [ '1.11.1' ],
2495 silly audit   '@unrs/resolver-binding-linux-riscv64-musl': [ '1.11.1' ],
2495 silly audit   '@unrs/resolver-binding-linux-s390x-gnu': [ '1.11.1' ],
2495 silly audit   '@unrs/resolver-binding-linux-x64-gnu': [ '1.11.1' ],
2495 silly audit   '@unrs/resolver-binding-linux-x64-musl': [ '1.11.1' ],
2495 silly audit   '@unrs/resolver-binding-wasm32-wasi': [ '1.11.1' ],
2495 silly audit   '@unrs/resolver-binding-win32-arm64-msvc': [ '1.11.1' ],
2495 silly audit   '@unrs/resolver-binding-win32-ia32-msvc': [ '1.11.1' ],
2495 silly audit   '@unrs/resolver-binding-win32-x64-msvc': [ '1.11.1' ],
2495 silly audit   'napi-postinstall': [ '0.3.4' ],
2495 silly audit   '@napi-rs/wasm-runtime': [ '0.2.12' ],
2495 silly audit   '@emnapi/core': [ '1.8.1' ],
2495 silly audit   '@tybys/wasm-util': [ '0.10.1' ],
2495 silly audit   '@emnapi/wasi-threads': [ '1.1.0' ],
2495 silly audit   escalade: [ '3.2.0' ],
2495 silly audit   punycode: [ '2.3.1' ],
2495 silly audit   isexe: [ '2.0.0' ],
2495 silly audit   'is-bigint': [ '1.1.0' ],
2495 silly audit   'is-boolean-object': [ '1.2.2' ],
2495 silly audit   'is-number-object': [ '1.1.1' ],
2495 silly audit   'is-async-function': [ '2.1.1' ],
2495 silly audit   'is-finalizationregistry': [ '1.1.1' ],
2495 silly audit   'is-generator-function': [ '1.1.2' ],
2495 silly audit   'which-collection': [ '1.0.2' ],
2495 silly audit   'async-function': [ '1.0.0' ],
2495 silly audit   'generator-function': [ '2.0.1' ],
2495 silly audit   'is-map': [ '2.0.3' ],
2495 silly audit   'is-weakmap': [ '2.0.2' ],
2495 silly audit   'is-weakset': [ '2.0.4' ],
2495 silly audit   'node-exports-info': [ '1.6.0' ]
2495 silly audit }
2496 http cache is-weakset@https://registry.npmjs.org/is-weakset/-/is-weakset-2.0.4.tgz 0ms (cache hit)
2497 http cache generator-function@https://registry.npmjs.org/generator-function/-/generator-function-2.0.1.tgz 0ms (cache hit)
2498 http cache node-exports-info@https://registry.npmjs.org/node-exports-info/-/node-exports-info-1.6.0.tgz 0ms (cache hit)
2499 http cache is-weakmap@https://registry.npmjs.org/is-weakmap/-/is-weakmap-2.0.2.tgz 1ms (cache hit)
2500 http cache async-function@https://registry.npmjs.org/async-function/-/async-function-1.0.0.tgz 0ms (cache hit)
2501 http cache is-map@https://registry.npmjs.org/is-map/-/is-map-2.0.3.tgz 0ms (cache hit)
2502 http cache is-generator-function@https://registry.npmjs.org/is-generator-function/-/is-generator-function-1.1.2.tgz 0ms (cache hit)
2503 http cache which-collection@https://registry.npmjs.org/which-collection/-/which-collection-1.0.2.tgz 0ms (cache hit)
2504 http cache is-async-function@https://registry.npmjs.org/is-async-function/-/is-async-function-2.1.1.tgz 0ms (cache hit)
2505 http cache is-number-object@https://registry.npmjs.org/is-number-object/-/is-number-object-1.1.1.tgz 0ms (cache hit)
2506 http cache is-finalizationregistry@https://registry.npmjs.org/is-finalizationregistry/-/is-finalizationregistry-1.1.1.tgz 0ms (cache hit)
2507 http cache is-bigint@https://registry.npmjs.org/is-bigint/-/is-bigint-1.1.0.tgz 0ms (cache hit)
2508 http cache is-boolean-object@https://registry.npmjs.org/is-boolean-object/-/is-boolean-object-1.2.2.tgz 0ms (cache hit)
2509 http cache escalade@https://registry.npmjs.org/escalade/-/escalade-3.2.0.tgz 0ms (cache hit)
2510 http cache punycode@https://registry.npmjs.org/punycode/-/punycode-2.3.1.tgz 0ms (cache hit)
2511 http cache @emnapi/wasi-threads@https://registry.npmjs.org/@emnapi/wasi-threads/-/wasi-threads-1.1.0.tgz 0ms (cache hit)
2512 http cache @emnapi/core@https://registry.npmjs.org/@emnapi/core/-/core-1.8.1.tgz 0ms (cache hit)
2513 http cache napi-postinstall@https://registry.npmjs.org/napi-postinstall/-/napi-postinstall-0.3.4.tgz 0ms (cache hit)
2514 http cache isexe@https://registry.npmjs.org/isexe/-/isexe-2.0.0.tgz 0ms (cache hit)
2515 http cache @tybys/wasm-util@https://registry.npmjs.org/@tybys/wasm-util/-/wasm-util-0.10.1.tgz 1ms (cache hit)
2516 http cache @napi-rs/wasm-runtime@https://registry.npmjs.org/@napi-rs/wasm-runtime/-/wasm-runtime-0.2.12.tgz 0ms (cache hit)
2517 http cache @unrs/resolver-binding-darwin-x64@https://registry.npmjs.org/@unrs/resolver-binding-darwin-x64/-/resolver-binding-darwin-x64-1.11.1.tgz 0ms (cache hit)
2518 http cache has-bigints@https://registry.npmjs.org/has-bigints/-/has-bigints-1.1.0.tgz 0ms (cache hit)
2519 http cache @typescript-eslint/tsconfig-utils@https://registry.npmjs.org/@typescript-eslint/tsconfig-utils/-/tsconfig-utils-8.56.1.tgz 0ms (cache hit)
2520 http cache @typescript-eslint/project-service@https://registry.npmjs.org/@typescript-eslint/project-service/-/project-service-8.56.1.tgz 0ms (cache hit)
2521 http cache @typescript-eslint/types@https://registry.npmjs.org/@typescript-eslint/types/-/types-8.56.1.tgz 0ms (cache hit)
2522 http cache which-boxed-primitive@https://registry.npmjs.org/which-boxed-primitive/-/which-boxed-primitive-1.1.1.tgz 0ms (cache hit)
2523 http cache ts-api-utils@https://registry.npmjs.org/ts-api-utils/-/ts-api-utils-2.4.0.tgz 0ms (cache hit)
2524 http cache @typescript-eslint/type-utils@https://registry.npmjs.org/@typescript-eslint/type-utils/-/type-utils-8.56.1.tgz 0ms (cache hit)
2525 http cache @typescript-eslint/visitor-keys@https://registry.npmjs.org/@typescript-eslint/visitor-keys/-/visitor-keys-8.56.1.tgz 0ms (cache hit)
2526 http cache @typescript-eslint/utils@https://registry.npmjs.org/@typescript-eslint/utils/-/utils-8.56.1.tgz 0ms (cache hit)
2527 http cache @typescript-eslint/scope-manager@https://registry.npmjs.org/@typescript-eslint/scope-manager/-/scope-manager-8.56.1.tgz 0ms (cache hit)
2528 http cache @typescript-eslint/typescript-estree@https://registry.npmjs.org/@typescript-eslint/typescript-estree/-/typescript-estree-8.56.1.tgz 0ms (cache hit)
2529 http cache @typescript-eslint/parser@https://registry.npmjs.org/@typescript-eslint/parser/-/parser-8.56.1.tgz 0ms (cache hit)
2530 http cache which-builtin-type@https://registry.npmjs.org/which-builtin-type/-/which-builtin-type-1.2.1.tgz 0ms (cache hit)
2531 http cache @typescript-eslint/eslint-plugin@https://registry.npmjs.org/@typescript-eslint/eslint-plugin/-/eslint-plugin-8.56.1.tgz 0ms (cache hit)
2532 http cache for-each@https://registry.npmjs.org/for-each/-/for-each-0.3.5.tgz 0ms (cache hit)
2533 http cache strip-bom@https://registry.npmjs.org/strip-bom/-/strip-bom-3.0.0.tgz 0ms (cache hit)
2534 http cache reflect.getprototypeof@https://registry.npmjs.org/reflect.getprototypeof/-/reflect.getprototypeof-1.0.10.tgz 0ms (cache hit)
2535 http cache @types/json5@https://registry.npmjs.org/@types/json5/-/json5-0.0.29.tgz 0ms (cache hit)
2536 http cache is-number@https://registry.npmjs.org/is-number/-/is-number-7.0.0.tgz 0ms (cache hit)
2537 http cache minimist@https://registry.npmjs.org/minimist/-/minimist-1.2.8.tgz 0ms (cache hit)
2538 http cache fdir@https://registry.npmjs.org/fdir/-/fdir-6.5.0.tgz 0ms (cache hit)
2539 http cache side-channel-weakmap@https://registry.npmjs.org/side-channel-weakmap/-/side-channel-weakmap-1.0.2.tgz 0ms (cache hit)
2540 http cache has-flag@https://registry.npmjs.org/has-flag/-/has-flag-4.0.0.tgz 0ms (cache hit)
2541 http cache side-channel-map@https://registry.npmjs.org/side-channel-map/-/side-channel-map-1.0.1.tgz 0ms (cache hit)
2542 http cache side-channel-list@https://registry.npmjs.org/side-channel-list/-/side-channel-list-1.0.0.tgz 0ms (cache hit)
2543 http cache @emnapi/runtime@https://registry.npmjs.org/@emnapi/runtime/-/runtime-1.8.1.tgz 0ms (cache hit)
2544 http cache @img/sharp-libvips-darwin-x64@https://registry.npmjs.org/@img/sharp-libvips-darwin-x64/-/sharp-libvips-darwin-x64-1.2.4.tgz 0ms (cache hit)
2545 http cache shebang-regex@https://registry.npmjs.org/shebang-regex/-/shebang-regex-3.0.0.tgz 0ms (cache hit)
2546 http cache @img/sharp-darwin-x64@https://registry.npmjs.org/@img/sharp-darwin-x64/-/sharp-darwin-x64-0.34.5.tgz 0ms (cache hit)
2547 http cache isarray@https://registry.npmjs.org/isarray/-/isarray-2.0.5.tgz 0ms (cache hit)
2548 http cache queue-microtask@https://registry.npmjs.org/queue-microtask/-/queue-microtask-1.2.3.tgz 0ms (cache hit)
2549 http cache @img/colour@https://registry.npmjs.org/@img/colour/-/colour-1.1.0.tgz 0ms (cache hit)
2550 http cache supports-preserve-symlinks-flag@https://registry.npmjs.org/supports-preserve-symlinks-flag/-/supports-preserve-symlinks-flag-1.0.0.tgz 0ms (cache hit)
2551 http cache scheduler@https://registry.npmjs.org/scheduler/-/scheduler-0.27.0.tgz 0ms (cache hit)
2552 http cache client-only@https://registry.npmjs.org/client-only/-/client-only-0.0.1.tgz 0ms (cache hit)
2553 http cache react-is@https://registry.npmjs.org/react-is/-/react-is-16.13.1.tgz 0ms (cache hit)
2554 http cache path-parse@https://registry.npmjs.org/path-parse/-/path-parse-1.0.7.tgz 0ms (cache hit)
2555 http cache object-assign@https://registry.npmjs.org/object-assign/-/object-assign-4.1.1.tgz 0ms (cache hit)
2556 http cache loose-envify@https://registry.npmjs.org/loose-envify/-/loose-envify-1.4.0.tgz 0ms (cache hit)
2557 http cache nanoid@https://registry.npmjs.org/nanoid/-/nanoid-3.3.11.tgz 0ms (cache hit)
2558 http cache callsites@https://registry.npmjs.org/callsites/-/callsites-3.1.0.tgz 0ms (cache hit)
2559 http cache p-limit@https://registry.npmjs.org/p-limit/-/p-limit-3.1.0.tgz 0ms (cache hit)
2560 http cache yocto-queue@https://registry.npmjs.org/yocto-queue/-/yocto-queue-0.1.0.tgz 0ms (cache hit)
2561 http cache word-wrap@https://registry.npmjs.org/word-wrap/-/word-wrap-1.2.5.tgz 0ms (cache hit)
2562 http cache deep-is@https://registry.npmjs.org/deep-is/-/deep-is-0.1.4.tgz 0ms (cache hit)
2563 http cache fast-levenshtein@https://registry.npmjs.org/fast-levenshtein/-/fast-levenshtein-2.0.6.tgz 0ms (cache hit)
2564 http cache @swc/helpers@https://registry.npmjs.org/@swc/helpers/-/helpers-0.5.15.tgz 1ms (cache hit)
2565 http cache styled-jsx@https://registry.npmjs.org/styled-jsx/-/styled-jsx-5.1.6.tgz 0ms (cache hit)
2566 http cache sharp@https://registry.npmjs.org/sharp/-/sharp-0.34.5.tgz 0ms (cache hit)
2567 http cache @next/env@https://registry.npmjs.org/@next/env/-/env-16.1.6.tgz 0ms (cache hit)
2568 http cache balanced-match@https://registry.npmjs.org/balanced-match/-/balanced-match-1.0.2.tgz 0ms (cache hit)
2569 http cache concat-map@https://registry.npmjs.org/concat-map/-/concat-map-0.0.1.tgz 0ms (cache hit)
2570 http cache brace-expansion@https://registry.npmjs.org/brace-expansion/-/brace-expansion-1.1.12.tgz 0ms (cache hit)
2571 http cache @next/swc-darwin-x64@https://registry.npmjs.org/@next/swc-darwin-x64/-/swc-darwin-x64-16.1.6.tgz 0ms (cache hit)
2572 http cache fill-range@https://registry.npmjs.org/fill-range/-/fill-range-7.1.1.tgz 0ms (cache hit)
2573 http cache braces@https://registry.npmjs.org/braces/-/braces-3.0.3.tgz 0ms (cache hit)
2574 http cache to-regex-range@https://registry.npmjs.org/to-regex-range/-/to-regex-range-5.0.1.tgz 0ms (cache hit)
2575 http cache picomatch@https://registry.npmjs.org/picomatch/-/picomatch-2.3.1.tgz 0ms (cache hit)
2576 http cache yallist@https://registry.npmjs.org/yallist/-/yallist-3.1.1.tgz 0ms (cache hit)
2577 http cache p-locate@https://registry.npmjs.org/p-locate/-/p-locate-5.0.0.tgz 0ms (cache hit)
2578 http cache type-check@https://registry.npmjs.org/type-check/-/type-check-0.4.0.tgz 0ms (cache hit)
2579 http cache lightningcss-darwin-x64@https://registry.npmjs.org/lightningcss-darwin-x64/-/lightningcss-darwin-x64-1.31.1.tgz 0ms (cache hit)
2580 http cache detect-libc@https://registry.npmjs.org/detect-libc/-/detect-libc-2.1.2.tgz 0ms (cache hit)
2581 http cache prelude-ls@https://registry.npmjs.org/prelude-ls/-/prelude-ls-1.2.1.tgz 0ms (cache hit)
2582 http cache language-subtag-registry@https://registry.npmjs.org/language-subtag-registry/-/language-subtag-registry-0.3.23.tgz 0ms (cache hit)
2583 http cache json-buffer@https://registry.npmjs.org/json-buffer/-/json-buffer-3.0.1.tgz 0ms (cache hit)
2584 http cache is-extglob@https://registry.npmjs.org/is-extglob/-/is-extglob-2.1.1.tgz 0ms (cache hit)
2585 http cache argparse@https://registry.npmjs.org/argparse/-/argparse-2.0.1.tgz 0ms (cache hit)
2586 http cache resolve-from@https://registry.npmjs.org/resolve-from/-/resolve-from-4.0.0.tgz 0ms (cache hit)
2587 http cache parent-module@https://registry.npmjs.org/parent-module/-/parent-module-1.0.1.tgz 0ms (cache hit)
2588 http cache hermes-estree@https://registry.npmjs.org/hermes-estree/-/hermes-estree-0.25.1.tgz 0ms (cache hit)
2589 http cache resolve-pkg-maps@https://registry.npmjs.org/resolve-pkg-maps/-/resolve-pkg-maps-1.0.0.tgz 0ms (cache hit)
2590 http cache dunder-proto@https://registry.npmjs.org/dunder-proto/-/dunder-proto-1.0.1.tgz 0ms (cache hit)
2591 http cache keyv@https://registry.npmjs.org/keyv/-/keyv-4.5.4.tgz 0ms (cache hit)
2592 http cache functions-have-names@https://registry.npmjs.org/functions-have-names/-/functions-have-names-1.2.3.tgz 0ms (cache hit)
2593 http cache flatted@https://registry.npmjs.org/flatted/-/flatted-3.4.0.tgz 0ms (cache hit)
2594 http cache path-exists@https://registry.npmjs.org/path-exists/-/path-exists-4.0.0.tgz 0ms (cache hit)
2595 http cache locate-path@https://registry.npmjs.org/locate-path/-/locate-path-6.0.0.tgz 0ms (cache hit)
2596 http cache flat-cache@https://registry.npmjs.org/flat-cache/-/flat-cache-4.0.1.tgz 0ms (cache hit)
2597 http cache reusify@https://registry.npmjs.org/reusify/-/reusify-1.1.0.tgz 0ms (cache hit)
2598 http cache run-parallel@https://registry.npmjs.org/run-parallel/-/run-parallel-1.2.0.tgz 0ms (cache hit)
2599 http cache fastq@https://registry.npmjs.org/fastq/-/fastq-1.20.1.tgz 0ms (cache hit)
2600 http cache side-channel@https://registry.npmjs.org/side-channel/-/side-channel-1.1.0.tgz 0ms (cache hit)
2601 http cache micromatch@https://registry.npmjs.org/micromatch/-/micromatch-4.0.8.tgz 0ms (cache hit)
2602 http cache @nodelib/fs.scandir@https://registry.npmjs.org/@nodelib/fs.scandir/-/fs.scandir-2.1.5.tgz 0ms (cache hit)
2603 http cache set-function-name@https://registry.npmjs.org/set-function-name/-/set-function-name-2.0.2.tgz 0ms (cache hit)
2604 http cache merge2@https://registry.npmjs.org/merge2/-/merge2-1.4.1.tgz 0ms (cache hit)
2605 http cache @nodelib/fs.walk@https://registry.npmjs.org/@nodelib/fs.walk/-/fs.walk-1.2.8.tgz 0ms (cache hit)
2606 http cache @nodelib/fs.stat@https://registry.npmjs.org/@nodelib/fs.stat/-/fs.stat-2.0.5.tgz 0ms (cache hit)
2607 http cache acorn@https://registry.npmjs.org/acorn/-/acorn-8.16.0.tgz 0ms (cache hit)
2608 http cache acorn-jsx@https://registry.npmjs.org/acorn-jsx/-/acorn-jsx-5.3.2.tgz 0ms (cache hit)
2609 http cache esrecurse@https://registry.npmjs.org/esrecurse/-/esrecurse-4.3.0.tgz 0ms (cache hit)
2610 http cache update-browserslist-db@https://registry.npmjs.org/update-browserslist-db/-/update-browserslist-db-1.2.3.tgz 0ms (cache hit)
2611 http cache node-releases@https://registry.npmjs.org/node-releases/-/node-releases-2.0.36.tgz 0ms (cache hit)
2612 http cache caniuse-lite@https://registry.npmjs.org/caniuse-lite/-/caniuse-lite-1.0.30001777.tgz 0ms (cache hit)
2613 http cache @babel/helper-globals@https://registry.npmjs.org/@babel/helper-globals/-/helper-globals-7.28.0.tgz 0ms (cache hit)
2614 http cache electron-to-chromium@https://registry.npmjs.org/electron-to-chromium/-/electron-to-chromium-1.5.307.tgz 0ms (cache hit)
2615 http cache @babel/helper-module-imports@https://registry.npmjs.org/@babel/helper-module-imports/-/helper-module-imports-7.28.6.tgz 0ms (cache hit)
2616 http cache lru-cache@https://registry.npmjs.org/lru-cache/-/lru-cache-5.1.1.tgz 0ms (cache hit)
2617 http cache @babel/helper-string-parser@https://registry.npmjs.org/@babel/helper-string-parser/-/helper-string-parser-7.27.1.tgz 0ms (cache hit)
2618 http cache browserslist@https://registry.npmjs.org/browserslist/-/browserslist-4.28.1.tgz 0ms (cache hit)
2619 http cache @babel/helper-validator-option@https://registry.npmjs.org/@babel/helper-validator-option/-/helper-validator-option-7.27.1.tgz 0ms (cache hit)
2620 http cache baseline-browser-mapping@https://registry.npmjs.org/baseline-browser-mapping/-/baseline-browser-mapping-2.10.0.tgz 0ms (cache hit)
2621 http cache jsesc@https://registry.npmjs.org/jsesc/-/jsesc-3.1.0.tgz 0ms (cache hit)
2622 http cache picocolors@https://registry.npmjs.org/picocolors/-/picocolors-1.1.1.tgz 0ms (cache hit)
2623 http cache @babel/helper-validator-identifier@https://registry.npmjs.org/@babel/helper-validator-identifier/-/helper-validator-identifier-7.28.5.tgz 0ms (cache hit)
2624 http cache js-tokens@https://registry.npmjs.org/js-tokens/-/js-tokens-4.0.0.tgz 0ms (cache hit)
2625 http cache @babel/compat-data@https://registry.npmjs.org/@babel/compat-data/-/compat-data-7.29.0.tgz 0ms (cache hit)
2626 http cache json5@https://registry.npmjs.org/json5/-/json5-2.2.3.tgz 0ms (cache hit)
2627 http cache gensync@https://registry.npmjs.org/gensync/-/gensync-1.0.0-beta.2.tgz 0ms (cache hit)
2628 http cache @babel/types@https://registry.npmjs.org/@babel/types/-/types-7.29.0.tgz 0ms (cache hit)
2629 http cache convert-source-map@https://registry.npmjs.org/convert-source-map/-/convert-source-map-2.0.0.tgz 0ms (cache hit)
2630 http cache @babel/traverse@https://registry.npmjs.org/@babel/traverse/-/traverse-7.29.0.tgz 0ms (cache hit)
2631 http cache @babel/template@https://registry.npmjs.org/@babel/template/-/template-7.28.6.tgz 0ms (cache hit)
2632 http cache @babel/helpers@https://registry.npmjs.org/@babel/helpers/-/helpers-7.28.6.tgz 0ms (cache hit)
2633 http cache @babel/helper-compilation-targets@https://registry.npmjs.org/@babel/helper-compilation-targets/-/helper-compilation-targets-7.28.6.tgz 0ms (cache hit)
2634 http cache @babel/helper-module-transforms@https://registry.npmjs.org/@babel/helper-module-transforms/-/helper-module-transforms-7.28.6.tgz 0ms (cache hit)
2635 http cache @babel/generator@https://registry.npmjs.org/@babel/generator/-/generator-7.29.1.tgz 0ms (cache hit)
2636 http cache zod-validation-error@https://registry.npmjs.org/zod-validation-error/-/zod-validation-error-4.0.2.tgz 0ms (cache hit)
2637 http cache @babel/code-frame@https://registry.npmjs.org/@babel/code-frame/-/code-frame-7.29.0.tgz 0ms (cache hit)
2638 http cache zod@https://registry.npmjs.org/zod/-/zod-4.3.6.tgz 0ms (cache hit)
2639 http cache hermes-parser@https://registry.npmjs.org/hermes-parser/-/hermes-parser-0.25.1.tgz 0ms (cache hit)
2640 http cache @babel/core@https://registry.npmjs.org/@babel/core/-/core-7.29.0.tgz 0ms (cache hit)
2641 http cache @babel/parser@https://registry.npmjs.org/@babel/parser/-/parser-7.29.0.tgz 0ms (cache hit)
2642 http cache string.prototype.repeat@https://registry.npmjs.org/string.prototype.repeat/-/string.prototype.repeat-1.0.0.tgz 0ms (cache hit)
2643 http cache object.entries@https://registry.npmjs.org/object.entries/-/object.entries-1.1.9.tgz 0ms (cache hit)
2644 http cache string.prototype.matchall@https://registry.npmjs.org/string.prototype.matchall/-/string.prototype.matchall-4.0.12.tgz 0ms (cache hit)
2645 http cache prop-types@https://registry.npmjs.org/prop-types/-/prop-types-15.8.1.tgz 0ms (cache hit)
2646 http cache estraverse@https://registry.npmjs.org/estraverse/-/estraverse-5.3.0.tgz 0ms (cache hit)
2647 http cache es-iterator-helpers@https://registry.npmjs.org/es-iterator-helpers/-/es-iterator-helpers-1.2.2.tgz 0ms (cache hit)
2648 http cache array.prototype.findlast@https://registry.npmjs.org/array.prototype.findlast/-/array.prototype.findlast-1.2.5.tgz 0ms (cache hit)
2649 http cache array.prototype.tosorted@https://registry.npmjs.org/array.prototype.tosorted/-/array.prototype.tosorted-1.1.4.tgz 0ms (cache hit)
2650 http cache string.prototype.includes@https://registry.npmjs.org/string.prototype.includes/-/string.prototype.includes-2.0.1.tgz 0ms (cache hit)
2651 http cache jsx-ast-utils@https://registry.npmjs.org/jsx-ast-utils/-/jsx-ast-utils-3.3.5.tgz 0ms (cache hit)
2652 http cache language-tags@https://registry.npmjs.org/language-tags/-/language-tags-1.0.9.tgz 0ms (cache hit)
2653 http cache emoji-regex@https://registry.npmjs.org/emoji-regex/-/emoji-regex-9.2.2.tgz 0ms (cache hit)
2654 http cache damerau-levenshtein@https://registry.npmjs.org/damerau-levenshtein/-/damerau-levenshtein-1.0.8.tgz 0ms (cache hit)
2655 http cache axobject-query@https://registry.npmjs.org/axobject-query/-/axobject-query-4.1.0.tgz 0ms (cache hit)
2656 http cache axe-core@https://registry.npmjs.org/axe-core/-/axe-core-4.11.1.tgz 0ms (cache hit)
2657 http cache aria-query@https://registry.npmjs.org/aria-query/-/aria-query-5.3.2.tgz 0ms (cache hit)
2658 http cache is-symbol@https://registry.npmjs.org/is-symbol/-/is-symbol-1.1.1.tgz 0ms (cache hit)
2659 http cache ast-types-flow@https://registry.npmjs.org/ast-types-flow/-/ast-types-flow-0.0.8.tgz 0ms (cache hit)
2660 http cache has-tostringtag@https://registry.npmjs.org/has-tostringtag/-/has-tostringtag-1.0.2.tgz 0ms (cache hit)
2661 http cache is-date-object@https://registry.npmjs.org/is-date-object/-/is-date-object-1.1.0.tgz 0ms (cache hit)
2662 http cache possible-typed-array-names@https://registry.npmjs.org/possible-typed-array-names/-/possible-typed-array-names-1.1.0.tgz 0ms (cache hit)
2663 http cache which-typed-array@https://registry.npmjs.org/which-typed-array/-/which-typed-array-1.1.20.tgz 0ms (cache hit)
2664 http cache unbox-primitive@https://registry.npmjs.org/unbox-primitive/-/unbox-primitive-1.1.0.tgz 0ms (cache hit)
2665 http cache typed-array-length@https://registry.npmjs.org/typed-array-length/-/typed-array-length-1.0.7.tgz 0ms (cache hit)
2666 http cache typed-array-byte-offset@https://registry.npmjs.org/typed-array-byte-offset/-/typed-array-byte-offset-1.0.4.tgz 0ms (cache hit)
2667 http cache typed-array-byte-length@https://registry.npmjs.org/typed-array-byte-length/-/typed-array-byte-length-1.0.3.tgz 0ms (cache hit)
2668 http cache string.prototype.trimstart@https://registry.npmjs.org/string.prototype.trimstart/-/string.prototype.trimstart-1.0.8.tgz 0ms (cache hit)
2669 http cache typed-array-buffer@https://registry.npmjs.org/typed-array-buffer/-/typed-array-buffer-1.0.3.tgz 0ms (cache hit)
2670 http cache string.prototype.trim@https://registry.npmjs.org/string.prototype.trim/-/string.prototype.trim-1.2.10.tgz 0ms (cache hit)
2671 http cache iterator.prototype@https://registry.npmjs.org/iterator.prototype/-/iterator.prototype-1.1.5.tgz 0ms (cache hit)
2672 http cache stop-iteration-iterator@https://registry.npmjs.org/stop-iteration-iterator/-/stop-iteration-iterator-1.1.0.tgz 0ms (cache hit)
2673 http cache set-proto@https://registry.npmjs.org/set-proto/-/set-proto-1.0.0.tgz 0ms (cache hit)
2674 http cache safe-regex-test@https://registry.npmjs.org/safe-regex-test/-/safe-regex-test-1.1.0.tgz 0ms (cache hit)
2675 http cache safe-array-concat@https://registry.npmjs.org/safe-array-concat/-/safe-array-concat-1.1.3.tgz 0ms (cache hit)
2676 http cache safe-push-apply@https://registry.npmjs.org/safe-push-apply/-/safe-push-apply-1.0.0.tgz 0ms (cache hit)
2677 http cache regexp.prototype.flags@https://registry.npmjs.org/regexp.prototype.flags/-/regexp.prototype.flags-1.5.4.tgz 0ms (cache hit)
2678 http cache own-keys@https://registry.npmjs.org/own-keys/-/own-keys-1.0.1.tgz 0ms (cache hit)
2679 http cache object.assign@https://registry.npmjs.org/object.assign/-/object.assign-4.1.7.tgz 0ms (cache hit)
2680 http cache is-weakref@https://registry.npmjs.org/is-weakref/-/is-weakref-1.1.1.tgz 0ms (cache hit)
2681 http cache object-inspect@https://registry.npmjs.org/object-inspect/-/object-inspect-1.13.4.tgz 0ms (cache hit)
2682 http cache is-shared-array-buffer@https://registry.npmjs.org/is-shared-array-buffer/-/is-shared-array-buffer-1.0.4.tgz 0ms (cache hit)
2683 http cache is-typed-array@https://registry.npmjs.org/is-typed-array/-/is-typed-array-1.1.15.tgz 0ms (cache hit)
2684 http cache is-set@https://registry.npmjs.org/is-set/-/is-set-2.0.3.tgz 0ms (cache hit)
2685 http cache is-regex@https://registry.npmjs.org/is-regex/-/is-regex-1.2.1.tgz 0ms (cache hit)
2686 http cache is-callable@https://registry.npmjs.org/is-callable/-/is-callable-1.2.7.tgz 0ms (cache hit)
2687 http cache is-negative-zero@https://registry.npmjs.org/is-negative-zero/-/is-negative-zero-2.0.3.tgz 0ms (cache hit)
2688 http cache is-data-view@https://registry.npmjs.org/is-data-view/-/is-data-view-1.0.2.tgz 0ms (cache hit)
2689 http cache is-array-buffer@https://registry.npmjs.org/is-array-buffer/-/is-array-buffer-3.0.5.tgz 0ms (cache hit)
2690 http cache internal-slot@https://registry.npmjs.org/internal-slot/-/internal-slot-1.1.0.tgz 0ms (cache hit)
2691 http cache has-proto@https://registry.npmjs.org/has-proto/-/has-proto-1.2.0.tgz 0ms (cache hit)
2692 http cache has-symbols@https://registry.npmjs.org/has-symbols/-/has-symbols-1.1.0.tgz 0ms (cache hit)
2693 http cache globalthis@https://registry.npmjs.org/globalthis/-/globalthis-1.0.4.tgz 0ms (cache hit)
2694 http cache get-symbol-description@https://registry.npmjs.org/get-symbol-description/-/get-symbol-description-1.1.0.tgz 0ms (cache hit)
2695 http cache get-proto@https://registry.npmjs.org/get-proto/-/get-proto-1.0.1.tgz 0ms (cache hit)
2696 http cache function.prototype.name@https://registry.npmjs.org/function.prototype.name/-/function.prototype.name-1.1.8.tgz 0ms (cache hit)
2697 http cache es-set-tostringtag@https://registry.npmjs.org/es-set-tostringtag/-/es-set-tostringtag-2.1.0.tgz 0ms (cache hit)
2698 http cache es-to-primitive@https://registry.npmjs.org/es-to-primitive/-/es-to-primitive-1.3.0.tgz 0ms (cache hit)
2699 http cache data-view-byte-offset@https://registry.npmjs.org/data-view-byte-offset/-/data-view-byte-offset-1.0.1.tgz 0ms (cache hit)
2700 http cache data-view-byte-length@https://registry.npmjs.org/data-view-byte-length/-/data-view-byte-length-1.0.2.tgz 0ms (cache hit)
2701 http cache data-view-buffer@https://registry.npmjs.org/data-view-buffer/-/data-view-buffer-1.0.2.tgz 0ms (cache hit)
2702 http cache available-typed-arrays@https://registry.npmjs.org/available-typed-arrays/-/available-typed-arrays-1.0.7.tgz 0ms (cache hit)
2703 http cache arraybuffer.prototype.slice@https://registry.npmjs.org/arraybuffer.prototype.slice/-/arraybuffer.prototype.slice-1.0.4.tgz 0ms (cache hit)
2704 http cache array-buffer-byte-length@https://registry.npmjs.org/array-buffer-byte-length/-/array-buffer-byte-length-1.0.2.tgz 0ms (cache hit)
2705 http cache gopd@https://registry.npmjs.org/gopd/-/gopd-1.2.0.tgz 0ms (cache hit)
2706 http cache has-property-descriptors@https://registry.npmjs.org/has-property-descriptors/-/has-property-descriptors-1.0.2.tgz 0ms (cache hit)
2707 http cache function-bind@https://registry.npmjs.org/function-bind/-/function-bind-1.1.2.tgz 0ms (cache hit)
2708 http cache object-keys@https://registry.npmjs.org/object-keys/-/object-keys-1.1.1.tgz 0ms (cache hit)
2709 http cache define-data-property@https://registry.npmjs.org/define-data-property/-/define-data-property-1.1.4.tgz 0ms (cache hit)
2710 http cache set-function-length@https://registry.npmjs.org/set-function-length/-/set-function-length-1.2.2.tgz 0ms (cache hit)
2711 http cache es-define-property@https://registry.npmjs.org/es-define-property/-/es-define-property-1.0.1.tgz 0ms (cache hit)
2712 http cache es-shim-unscopables@https://registry.npmjs.org/es-shim-unscopables/-/es-shim-unscopables-1.1.0.tgz 0ms (cache hit)
2713 http cache call-bind-apply-helpers@https://registry.npmjs.org/call-bind-apply-helpers/-/call-bind-apply-helpers-1.0.2.tgz 0ms (cache hit)
2714 http cache math-intrinsics@https://registry.npmjs.org/math-intrinsics/-/math-intrinsics-1.1.0.tgz 0ms (cache hit)
2715 http cache es-errors@https://registry.npmjs.org/es-errors/-/es-errors-1.3.0.tgz 0ms (cache hit)
2716 http cache get-intrinsic@https://registry.npmjs.org/get-intrinsic/-/get-intrinsic-1.3.0.tgz 0ms (cache hit)
2717 http cache is-string@https://registry.npmjs.org/is-string/-/is-string-1.1.1.tgz 0ms (cache hit)
2718 http cache es-object-atoms@https://registry.npmjs.org/es-object-atoms/-/es-object-atoms-1.1.1.tgz 0ms (cache hit)
2719 http cache es-abstract@https://registry.npmjs.org/es-abstract/-/es-abstract-1.24.1.tgz 0ms (cache hit)
2720 http cache call-bind@https://registry.npmjs.org/call-bind/-/call-bind-1.0.8.tgz 0ms (cache hit)
2721 http cache define-properties@https://registry.npmjs.org/define-properties/-/define-properties-1.2.1.tgz 0ms (cache hit)
2722 http cache tsconfig-paths@https://registry.npmjs.org/tsconfig-paths/-/tsconfig-paths-3.15.0.tgz 0ms (cache hit)
2723 http cache call-bound@https://registry.npmjs.org/call-bound/-/call-bound-1.0.4.tgz 0ms (cache hit)
2724 http cache string.prototype.trimend@https://registry.npmjs.org/string.prototype.trimend/-/string.prototype.trimend-1.0.9.tgz 0ms (cache hit)
2725 http cache object.values@https://registry.npmjs.org/object.values/-/object.values-1.2.1.tgz 0ms (cache hit)
2726 http cache semver@https://registry.npmjs.org/semver/-/semver-6.3.1.tgz 0ms (cache hit)
2727 http cache hasown@https://registry.npmjs.org/hasown/-/hasown-2.0.2.tgz 0ms (cache hit)
2728 http cache eslint-module-utils@https://registry.npmjs.org/eslint-module-utils/-/eslint-module-utils-2.12.1.tgz 0ms (cache hit)
2729 http cache object.fromentries@https://registry.npmjs.org/object.fromentries/-/object.fromentries-2.0.8.tgz 0ms (cache hit)
2730 http cache object.groupby@https://registry.npmjs.org/object.groupby/-/object.groupby-1.0.3.tgz 0ms (cache hit)
2731 http cache doctrine@https://registry.npmjs.org/doctrine/-/doctrine-2.1.0.tgz 0ms (cache hit)
2732 http cache array.prototype.flatmap@https://registry.npmjs.org/array.prototype.flatmap/-/array.prototype.flatmap-1.3.3.tgz 0ms (cache hit)
2733 http cache array.prototype.flat@https://registry.npmjs.org/array.prototype.flat/-/array.prototype.flat-1.3.3.tgz 0ms (cache hit)
2734 http cache array-includes@https://registry.npmjs.org/array-includes/-/array-includes-3.1.9.tgz 0ms (cache hit)
2735 http cache array.prototype.findlastindex@https://registry.npmjs.org/array.prototype.findlastindex/-/array.prototype.findlastindex-1.2.6.tgz 0ms (cache hit)
2736 http cache @rtsao/scc@https://registry.npmjs.org/@rtsao/scc/-/scc-1.1.0.tgz 0ms (cache hit)
2737 http cache unrs-resolver@https://registry.npmjs.org/unrs-resolver/-/unrs-resolver-1.11.1.tgz 0ms (cache hit)
2738 http cache stable-hash@https://registry.npmjs.org/stable-hash/-/stable-hash-0.0.5.tgz 0ms (cache hit)
2739 http cache tinyglobby@https://registry.npmjs.org/tinyglobby/-/tinyglobby-0.2.15.tgz 0ms (cache hit)
2740 http cache is-bun-module@https://registry.npmjs.org/is-bun-module/-/is-bun-module-2.0.0.tgz 0ms (cache hit)
2741 http cache get-tsconfig@https://registry.npmjs.org/get-tsconfig/-/get-tsconfig-4.13.6.tgz 0ms (cache hit)
2742 http cache resolve@https://registry.npmjs.org/resolve/-/resolve-1.22.11.tgz 0ms (cache hit)
2743 http cache @nolyfill/is-core-module@https://registry.npmjs.org/@nolyfill/is-core-module/-/is-core-module-1.0.39.tgz 0ms (cache hit)
2744 http cache is-core-module@https://registry.npmjs.org/is-core-module/-/is-core-module-2.16.1.tgz 0ms (cache hit)
2745 http cache fast-glob@https://registry.npmjs.org/fast-glob/-/fast-glob-3.3.1.tgz 0ms (cache hit)
2746 http cache typescript-eslint@https://registry.npmjs.org/typescript-eslint/-/typescript-eslint-8.56.1.tgz 0ms (cache hit)
2747 http cache eslint-plugin-react@https://registry.npmjs.org/eslint-plugin-react/-/eslint-plugin-react-7.37.5.tgz 0ms (cache hit)
2748 http cache eslint-plugin-jsx-a11y@https://registry.npmjs.org/eslint-plugin-jsx-a11y/-/eslint-plugin-jsx-a11y-6.10.2.tgz 0ms (cache hit)
2749 http cache eslint-plugin-import@https://registry.npmjs.org/eslint-plugin-import/-/eslint-plugin-import-2.32.0.tgz 0ms (cache hit)
2750 http cache eslint-import-resolver-typescript@https://registry.npmjs.org/eslint-import-resolver-typescript/-/eslint-import-resolver-typescript-3.10.1.tgz 0ms (cache hit)
2751 http cache eslint-plugin-react-hooks@https://registry.npmjs.org/eslint-plugin-react-hooks/-/eslint-plugin-react-hooks-7.0.1.tgz 0ms (cache hit)
2752 http cache eslint-import-resolver-node@https://registry.npmjs.org/eslint-import-resolver-node/-/eslint-import-resolver-node-0.3.9.tgz 0ms (cache hit)
2753 http cache @next/eslint-plugin-next@https://registry.npmjs.org/@next/eslint-plugin-next/-/eslint-plugin-next-16.1.6.tgz 0ms (cache hit)
2754 http cache ms@https://registry.npmjs.org/ms/-/ms-2.1.3.tgz 0ms (cache hit)
2755 http cache shebang-command@https://registry.npmjs.org/shebang-command/-/shebang-command-2.0.0.tgz 0ms (cache hit)
2756 http cache which@https://registry.npmjs.org/which/-/which-2.0.2.tgz 0ms (cache hit)
2757 http cache path-key@https://registry.npmjs.org/path-key/-/path-key-3.1.1.tgz 0ms (cache hit)
2758 http cache color-name@https://registry.npmjs.org/color-name/-/color-name-1.1.4.tgz 0ms (cache hit)
2759 http cache supports-color@https://registry.npmjs.org/supports-color/-/supports-color-7.2.0.tgz 0ms (cache hit)
2760 http cache color-convert@https://registry.npmjs.org/color-convert/-/color-convert-2.0.1.tgz 0ms (cache hit)
2761 http cache ansi-styles@https://registry.npmjs.org/ansi-styles/-/ansi-styles-4.3.0.tgz 0ms (cache hit)
2762 http cache uri-js@https://registry.npmjs.org/uri-js/-/uri-js-4.4.1.tgz 0ms (cache hit)
2763 http cache @humanfs/core@https://registry.npmjs.org/@humanfs/core/-/core-0.19.1.tgz 0ms (cache hit)
2764 http cache levn@https://registry.npmjs.org/levn/-/levn-0.4.1.tgz 0ms (cache hit)
2765 http cache json-schema-traverse@https://registry.npmjs.org/json-schema-traverse/-/json-schema-traverse-0.4.1.tgz 0ms (cache hit)
2766 http cache strip-json-comments@https://registry.npmjs.org/strip-json-comments/-/strip-json-comments-3.1.1.tgz 0ms (cache hit)
2767 http cache import-fresh@https://registry.npmjs.org/import-fresh/-/import-fresh-3.3.1.tgz 0ms (cache hit)
2768 http cache js-yaml@https://registry.npmjs.org/js-yaml/-/js-yaml-4.1.1.tgz 0ms (cache hit)
2769 http cache globals@https://registry.npmjs.org/globals/-/globals-14.0.0.tgz 0ms (cache hit)
2770 http cache @types/json-schema@https://registry.npmjs.org/@types/json-schema/-/json-schema-7.0.15.tgz 0ms (cache hit)
2771 http cache @eslint/object-schema@https://registry.npmjs.org/@eslint/object-schema/-/object-schema-2.1.7.tgz 0ms (cache hit)
2772 http cache optionator@https://registry.npmjs.org/optionator/-/optionator-0.9.4.tgz 0ms (cache hit)
2773 http cache natural-compare@https://registry.npmjs.org/natural-compare/-/natural-compare-1.4.0.tgz 0ms (cache hit)
2774 http cache minimatch@https://registry.npmjs.org/minimatch/-/minimatch-3.1.5.tgz 0ms (cache hit)
2775 http cache lodash.merge@https://registry.npmjs.org/lodash.merge/-/lodash.merge-4.6.2.tgz 0ms (cache hit)
2776 http cache json-stable-stringify-without-jsonify@https://registry.npmjs.org/json-stable-stringify-without-jsonify/-/json-stable-stringify-without-jsonify-1.0.1.tgz 0ms (cache hit)
2777 http cache imurmurhash@https://registry.npmjs.org/imurmurhash/-/imurmurhash-0.1.4.tgz 0ms (cache hit)
2778 http cache is-glob@https://registry.npmjs.org/is-glob/-/is-glob-4.0.3.tgz 0ms (cache hit)
2779 http cache find-up@https://registry.npmjs.org/find-up/-/find-up-5.0.0.tgz 0ms (cache hit)
2780 http cache glob-parent@https://registry.npmjs.org/glob-parent/-/glob-parent-6.0.2.tgz 0ms (cache hit)
2781 http cache fast-json-stable-stringify@https://registry.npmjs.org/fast-json-stable-stringify/-/fast-json-stable-stringify-2.1.0.tgz 0ms (cache hit)
2782 http cache esutils@https://registry.npmjs.org/esutils/-/esutils-2.0.3.tgz 0ms (cache hit)
2783 http cache file-entry-cache@https://registry.npmjs.org/file-entry-cache/-/file-entry-cache-8.0.0.tgz 0ms (cache hit)
2784 http cache fast-deep-equal@https://registry.npmjs.org/fast-deep-equal/-/fast-deep-equal-3.1.3.tgz 0ms (cache hit)
2785 http cache espree@https://registry.npmjs.org/espree/-/espree-10.4.0.tgz 0ms (cache hit)
2786 http cache ignore@https://registry.npmjs.org/ignore/-/ignore-5.3.2.tgz 0ms (cache hit)
2787 http cache eslint-visitor-keys@https://registry.npmjs.org/eslint-visitor-keys/-/eslint-visitor-keys-4.2.1.tgz 0ms (cache hit)
2788 http cache esquery@https://registry.npmjs.org/esquery/-/esquery-1.7.0.tgz 0ms (cache hit)
2789 http cache escape-string-regexp@https://registry.npmjs.org/escape-string-regexp/-/escape-string-regexp-4.0.0.tgz 0ms (cache hit)
2790 http cache debug@https://registry.npmjs.org/debug/-/debug-4.4.3.tgz 0ms (cache hit)
2791 http cache cross-spawn@https://registry.npmjs.org/cross-spawn/-/cross-spawn-7.0.6.tgz 0ms (cache hit)
2792 http cache eslint-scope@https://registry.npmjs.org/eslint-scope/-/eslint-scope-8.4.0.tgz 0ms (cache hit)
2793 http cache chalk@https://registry.npmjs.org/chalk/-/chalk-4.1.2.tgz 0ms (cache hit)
2794 http cache ajv@https://registry.npmjs.org/ajv/-/ajv-6.14.0.tgz 0ms (cache hit)
2795 http cache @types/estree@https://registry.npmjs.org/@types/estree/-/estree-1.0.8.tgz 0ms (cache hit)
2796 http cache @eslint/plugin-kit@https://registry.npmjs.org/@eslint/plugin-kit/-/plugin-kit-0.4.1.tgz 0ms (cache hit)
2797 http cache @humanwhocodes/module-importer@https://registry.npmjs.org/@humanwhocodes/module-importer/-/module-importer-1.0.1.tgz 0ms (cache hit)
2798 http cache @eslint/eslintrc@https://registry.npmjs.org/@eslint/eslintrc/-/eslintrc-3.3.5.tgz 0ms (cache hit)
2799 http cache @humanwhocodes/retry@https://registry.npmjs.org/@humanwhocodes/retry/-/retry-0.4.3.tgz 0ms (cache hit)
2800 http cache @humanfs/node@https://registry.npmjs.org/@humanfs/node/-/node-0.16.7.tgz 0ms (cache hit)
2801 http cache @eslint/core@https://registry.npmjs.org/@eslint/core/-/core-0.17.0.tgz 0ms (cache hit)
2802 http cache @eslint/js@https://registry.npmjs.org/@eslint/js/-/js-9.39.4.tgz 0ms (cache hit)
2803 http cache @eslint/config-array@https://registry.npmjs.org/@eslint/config-array/-/config-array-0.21.2.tgz 0ms (cache hit)
2804 http cache @eslint/config-helpers@https://registry.npmjs.org/@eslint/config-helpers/-/config-helpers-0.4.2.tgz 0ms (cache hit)
2805 http cache @eslint-community/regexpp@https://registry.npmjs.org/@eslint-community/regexpp/-/regexpp-4.12.2.tgz 0ms (cache hit)
2806 http cache graceful-fs@https://registry.npmjs.org/graceful-fs/-/graceful-fs-4.2.11.tgz 0ms (cache hit)
2807 http cache @eslint-community/eslint-utils@https://registry.npmjs.org/@eslint-community/eslint-utils/-/eslint-utils-4.9.1.tgz 0ms (cache hit)
2808 http cache csstype@https://registry.npmjs.org/csstype/-/csstype-3.2.3.tgz 0ms (cache hit)
2809 http cache tapable@https://registry.npmjs.org/tapable/-/tapable-2.3.0.tgz 0ms (cache hit)
2810 http cache undici-types@https://registry.npmjs.org/undici-types/-/undici-types-6.21.0.tgz 0ms (cache hit)
2811 http cache @tailwindcss/oxide-darwin-x64@https://registry.npmjs.org/@tailwindcss/oxide-darwin-x64/-/oxide-darwin-x64-4.2.1.tgz 0ms (cache hit)
2812 http cache @jridgewell/resolve-uri@https://registry.npmjs.org/@jridgewell/resolve-uri/-/resolve-uri-3.1.2.tgz 0ms (cache hit)
2813 http cache source-map-js@https://registry.npmjs.org/source-map-js/-/source-map-js-1.2.1.tgz 0ms (cache hit)
2814 http cache @jridgewell/sourcemap-codec@https://registry.npmjs.org/@jridgewell/sourcemap-codec/-/sourcemap-codec-1.5.5.tgz 0ms (cache hit)
2815 http cache @jridgewell/trace-mapping@https://registry.npmjs.org/@jridgewell/trace-mapping/-/trace-mapping-0.3.31.tgz 0ms (cache hit)
2816 http cache @jridgewell/gen-mapping@https://registry.npmjs.org/@jridgewell/gen-mapping/-/gen-mapping-0.3.13.tgz 0ms (cache hit)
2817 http cache magic-string@https://registry.npmjs.org/magic-string/-/magic-string-0.30.21.tgz 0ms (cache hit)
2818 http cache jiti@https://registry.npmjs.org/jiti/-/jiti-2.6.1.tgz 0ms (cache hit)
2819 http cache lightningcss@https://registry.npmjs.org/lightningcss/-/lightningcss-1.31.1.tgz 0ms (cache hit)
2820 http cache enhanced-resolve@https://registry.npmjs.org/enhanced-resolve/-/enhanced-resolve-5.20.0.tgz 0ms (cache hit)
2821 http cache @jridgewell/remapping@https://registry.npmjs.org/@jridgewell/remapping/-/remapping-2.3.5.tgz 0ms (cache hit)
2822 http cache postcss@https://registry.npmjs.org/postcss/-/postcss-8.5.8.tgz 0ms (cache hit)
2823 http cache @tailwindcss/oxide@https://registry.npmjs.org/@tailwindcss/oxide/-/oxide-4.2.1.tgz 0ms (cache hit)
2824 http cache @tailwindcss/node@https://registry.npmjs.org/@tailwindcss/node/-/node-4.2.1.tgz 0ms (cache hit)
2825 http cache iceberg-js@https://registry.npmjs.org/iceberg-js/-/iceberg-js-0.8.1.tgz 0ms (cache hit)
2826 http cache @types/ws@https://registry.npmjs.org/@types/ws/-/ws-8.18.1.tgz 0ms (cache hit)
2827 http cache ws@https://registry.npmjs.org/ws/-/ws-8.19.0.tgz 0ms (cache hit)
2828 http cache @types/phoenix@https://registry.npmjs.org/@types/phoenix/-/phoenix-1.6.7.tgz 0ms (cache hit)
2829 http cache @alloc/quick-lru@https://registry.npmjs.org/@alloc/quick-lru/-/quick-lru-5.2.0.tgz 0ms (cache hit)
2830 http cache tslib@https://registry.npmjs.org/tslib/-/tslib-2.8.1.tgz 0ms (cache hit)
2831 http cache @supabase/storage-js@https://registry.npmjs.org/@supabase/storage-js/-/storage-js-2.98.0.tgz 0ms (cache hit)
2832 http cache @supabase/realtime-js@https://registry.npmjs.org/@supabase/realtime-js/-/realtime-js-2.98.0.tgz 0ms (cache hit)
2833 http cache @supabase/functions-js@https://registry.npmjs.org/@supabase/functions-js/-/functions-js-2.98.0.tgz 0ms (cache hit)
2834 http cache typescript@https://registry.npmjs.org/typescript/-/typescript-5.9.3.tgz 0ms (cache hit)
2835 http cache @supabase/postgrest-js@https://registry.npmjs.org/@supabase/postgrest-js/-/postgrest-js-2.98.0.tgz 0ms (cache hit)
2836 http cache @supabase/auth-js@https://registry.npmjs.org/@supabase/auth-js/-/auth-js-2.98.0.tgz 0ms (cache hit)
2837 http cache tailwindcss@https://registry.npmjs.org/tailwindcss/-/tailwindcss-4.2.1.tgz 0ms (cache hit)
2838 http cache react-dom@https://registry.npmjs.org/react-dom/-/react-dom-19.2.3.tgz 0ms (cache hit)
2839 http cache react@https://registry.npmjs.org/react/-/react-19.2.3.tgz 0ms (cache hit)
2840 http cache tailwind-merge@https://registry.npmjs.org/tailwind-merge/-/tailwind-merge-3.5.0.tgz 0ms (cache hit)
2841 http cache eslint-config-next@https://registry.npmjs.org/eslint-config-next/-/eslint-config-next-16.1.6.tgz 0ms (cache hit)
2842 http cache eslint@https://registry.npmjs.org/eslint/-/eslint-9.39.4.tgz 0ms (cache hit)
2843 http cache clsx@https://registry.npmjs.org/clsx/-/clsx-2.1.1.tgz 0ms (cache hit)
2844 http cache next@https://registry.npmjs.org/next/-/next-16.1.6.tgz 0ms (cache hit)
2845 http cache @types/react@https://registry.npmjs.org/@types/react/-/react-19.2.14.tgz 0ms (cache hit)
2846 http cache @types/react-dom@https://registry.npmjs.org/@types/react-dom/-/react-dom-19.2.3.tgz 0ms (cache hit)
2847 http cache @tailwindcss/postcss@https://registry.npmjs.org/@tailwindcss/postcss/-/postcss-4.2.1.tgz 0ms (cache hit)
2848 http cache @types/node@https://registry.npmjs.org/@types/node/-/node-20.19.37.tgz 0ms (cache hit)
2849 http cache @supabase/supabase-js@https://registry.npmjs.org/@supabase/supabase-js/-/supabase-js-2.98.0.tgz 0ms (cache hit)
2850 http cache eslint-visitor-keys@https://registry.npmjs.org/eslint-visitor-keys/-/eslint-visitor-keys-5.0.1.tgz 0ms (cache hit)
2851 http cache balanced-match@https://registry.npmjs.org/balanced-match/-/balanced-match-4.0.4.tgz 0ms (cache hit)
2852 http cache semver@https://registry.npmjs.org/semver/-/semver-7.7.4.tgz 0ms (cache hit)
2853 http cache brace-expansion@https://registry.npmjs.org/brace-expansion/-/brace-expansion-5.0.4.tgz 1ms (cache hit)
2854 http cache ignore@https://registry.npmjs.org/ignore/-/ignore-7.0.5.tgz 0ms (cache hit)
2855 http cache json5@https://registry.npmjs.org/json5/-/json5-1.0.2.tgz 0ms (cache hit)
2856 http cache minimatch@https://registry.npmjs.org/minimatch/-/minimatch-10.2.4.tgz 0ms (cache hit)
2857 http cache semver@https://registry.npmjs.org/semver/-/semver-7.7.4.tgz 0ms (cache hit)
2858 http cache debug@https://registry.npmjs.org/debug/-/debug-3.2.7.tgz 0ms (cache hit)
2859 http cache picomatch@https://registry.npmjs.org/picomatch/-/picomatch-4.0.3.tgz 0ms (cache hit)
2860 http cache semver@https://registry.npmjs.org/semver/-/semver-7.7.4.tgz 0ms (cache hit)
2861 http cache glob-parent@https://registry.npmjs.org/glob-parent/-/glob-parent-5.1.2.tgz 0ms (cache hit)
2862 http cache resolve@https://registry.npmjs.org/resolve/-/resolve-2.0.0-next.6.tgz 0ms (cache hit)
2863 http cache debug@https://registry.npmjs.org/debug/-/debug-3.2.7.tgz 0ms (cache hit)
2864 http cache eslint-visitor-keys@https://registry.npmjs.org/eslint-visitor-keys/-/eslint-visitor-keys-3.4.3.tgz 0ms (cache hit)
2865 http cache debug@https://registry.npmjs.org/debug/-/debug-3.2.7.tgz 0ms (cache hit)
2866 http cache postcss@https://registry.npmjs.org/postcss/-/postcss-8.4.31.tgz 0ms (cache hit)
2867 http cache globals@https://registry.npmjs.org/globals/-/globals-16.4.0.tgz 0ms (cache hit)
2868 silly tarball no local data for is-weakset@https://registry.npmjs.org/is-weakset/-/is-weakset-2.0.4.tgz. Extracting by manifest.
2869 silly tarball no local data for generator-function@https://registry.npmjs.org/generator-function/-/generator-function-2.0.1.tgz. Extracting by manifest.
2870 silly tarball no local data for node-exports-info@https://registry.npmjs.org/node-exports-info/-/node-exports-info-1.6.0.tgz. Extracting by manifest.
2871 silly tarball no local data for is-weakmap@https://registry.npmjs.org/is-weakmap/-/is-weakmap-2.0.2.tgz. Extracting by manifest.
2872 silly tarball no local data for async-function@https://registry.npmjs.org/async-function/-/async-function-1.0.0.tgz. Extracting by manifest.
2873 silly tarball no local data for is-map@https://registry.npmjs.org/is-map/-/is-map-2.0.3.tgz. Extracting by manifest.
2874 silly tarball no local data for is-generator-function@https://registry.npmjs.org/is-generator-function/-/is-generator-function-1.1.2.tgz. Extracting by manifest.
2875 silly tarball no local data for which-collection@https://registry.npmjs.org/which-collection/-/which-collection-1.0.2.tgz. Extracting by manifest.
2876 silly tarball no local data for is-async-function@https://registry.npmjs.org/is-async-function/-/is-async-function-2.1.1.tgz. Extracting by manifest.
2877 silly tarball no local data for is-number-object@https://registry.npmjs.org/is-number-object/-/is-number-object-1.1.1.tgz. Extracting by manifest.
2878 silly tarball no local data for is-finalizationregistry@https://registry.npmjs.org/is-finalizationregistry/-/is-finalizationregistry-1.1.1.tgz. Extracting by manifest.
2879 silly tarball no local data for is-bigint@https://registry.npmjs.org/is-bigint/-/is-bigint-1.1.0.tgz. Extracting by manifest.
2880 silly tarball no local data for is-boolean-object@https://registry.npmjs.org/is-boolean-object/-/is-boolean-object-1.2.2.tgz. Extracting by manifest.
2881 silly tarball no local data for escalade@https://registry.npmjs.org/escalade/-/escalade-3.2.0.tgz. Extracting by manifest.
2882 silly tarball no local data for punycode@https://registry.npmjs.org/punycode/-/punycode-2.3.1.tgz. Extracting by manifest.
2883 silly tarball no local data for @emnapi/wasi-threads@https://registry.npmjs.org/@emnapi/wasi-threads/-/wasi-threads-1.1.0.tgz. Extracting by manifest.
2884 silly tarball no local data for @emnapi/core@https://registry.npmjs.org/@emnapi/core/-/core-1.8.1.tgz. Extracting by manifest.
2885 silly tarball no local data for napi-postinstall@https://registry.npmjs.org/napi-postinstall/-/napi-postinstall-0.3.4.tgz. Extracting by manifest.
2886 silly tarball no local data for isexe@https://registry.npmjs.org/isexe/-/isexe-2.0.0.tgz. Extracting by manifest.
2887 silly tarball no local data for @tybys/wasm-util@https://registry.npmjs.org/@tybys/wasm-util/-/wasm-util-0.10.1.tgz. Extracting by manifest.
2888 silly tarball no local data for @napi-rs/wasm-runtime@https://registry.npmjs.org/@napi-rs/wasm-runtime/-/wasm-runtime-0.2.12.tgz. Extracting by manifest.
2889 silly tarball no local data for @unrs/resolver-binding-darwin-x64@https://registry.npmjs.org/@unrs/resolver-binding-darwin-x64/-/resolver-binding-darwin-x64-1.11.1.tgz. Extracting by manifest.
2890 silly tarball no local data for has-bigints@https://registry.npmjs.org/has-bigints/-/has-bigints-1.1.0.tgz. Extracting by manifest.
2891 silly tarball no local data for @typescript-eslint/tsconfig-utils@https://registry.npmjs.org/@typescript-eslint/tsconfig-utils/-/tsconfig-utils-8.56.1.tgz. Extracting by manifest.
2892 silly tarball no local data for @typescript-eslint/project-service@https://registry.npmjs.org/@typescript-eslint/project-service/-/project-service-8.56.1.tgz. Extracting by manifest.
2893 silly tarball no local data for @typescript-eslint/types@https://registry.npmjs.org/@typescript-eslint/types/-/types-8.56.1.tgz. Extracting by manifest.
2894 silly tarball no local data for which-boxed-primitive@https://registry.npmjs.org/which-boxed-primitive/-/which-boxed-primitive-1.1.1.tgz. Extracting by manifest.
2895 silly tarball no local data for ts-api-utils@https://registry.npmjs.org/ts-api-utils/-/ts-api-utils-2.4.0.tgz. Extracting by manifest.
2896 silly tarball no local data for @typescript-eslint/type-utils@https://registry.npmjs.org/@typescript-eslint/type-utils/-/type-utils-8.56.1.tgz. Extracting by manifest.
2897 silly tarball no local data for @typescript-eslint/visitor-keys@https://registry.npmjs.org/@typescript-eslint/visitor-keys/-/visitor-keys-8.56.1.tgz. Extracting by manifest.
2898 silly tarball no local data for @typescript-eslint/utils@https://registry.npmjs.org/@typescript-eslint/utils/-/utils-8.56.1.tgz. Extracting by manifest.
2899 silly tarball no local data for @typescript-eslint/scope-manager@https://registry.npmjs.org/@typescript-eslint/scope-manager/-/scope-manager-8.56.1.tgz. Extracting by manifest.
2900 silly tarball no local data for @typescript-eslint/typescript-estree@https://registry.npmjs.org/@typescript-eslint/typescript-estree/-/typescript-estree-8.56.1.tgz. Extracting by manifest.
2901 silly tarball no local data for @typescript-eslint/parser@https://registry.npmjs.org/@typescript-eslint/parser/-/parser-8.56.1.tgz. Extracting by manifest.
2902 silly tarball no local data for which-builtin-type@https://registry.npmjs.org/which-builtin-type/-/which-builtin-type-1.2.1.tgz. Extracting by manifest.
2903 silly tarball no local data for @typescript-eslint/eslint-plugin@https://registry.npmjs.org/@typescript-eslint/eslint-plugin/-/eslint-plugin-8.56.1.tgz. Extracting by manifest.
2904 silly tarball no local data for for-each@https://registry.npmjs.org/for-each/-/for-each-0.3.5.tgz. Extracting by manifest.
2905 silly tarball no local data for strip-bom@https://registry.npmjs.org/strip-bom/-/strip-bom-3.0.0.tgz. Extracting by manifest.
2906 silly tarball no local data for reflect.getprototypeof@https://registry.npmjs.org/reflect.getprototypeof/-/reflect.getprototypeof-1.0.10.tgz. Extracting by manifest.
2907 silly tarball no local data for @types/json5@https://registry.npmjs.org/@types/json5/-/json5-0.0.29.tgz. Extracting by manifest.
2908 silly tarball no local data for is-number@https://registry.npmjs.org/is-number/-/is-number-7.0.0.tgz. Extracting by manifest.
2909 silly tarball no local data for minimist@https://registry.npmjs.org/minimist/-/minimist-1.2.8.tgz. Extracting by manifest.
2910 silly tarball no local data for fdir@https://registry.npmjs.org/fdir/-/fdir-6.5.0.tgz. Extracting by manifest.
2911 silly tarball no local data for side-channel-weakmap@https://registry.npmjs.org/side-channel-weakmap/-/side-channel-weakmap-1.0.2.tgz. Extracting by manifest.
2912 silly tarball no local data for has-flag@https://registry.npmjs.org/has-flag/-/has-flag-4.0.0.tgz. Extracting by manifest.
2913 silly tarball no local data for side-channel-map@https://registry.npmjs.org/side-channel-map/-/side-channel-map-1.0.1.tgz. Extracting by manifest.
2914 silly tarball no local data for side-channel-list@https://registry.npmjs.org/side-channel-list/-/side-channel-list-1.0.0.tgz. Extracting by manifest.
2915 silly tarball no local data for @emnapi/runtime@https://registry.npmjs.org/@emnapi/runtime/-/runtime-1.8.1.tgz. Extracting by manifest.
2916 silly tarball no local data for @img/sharp-libvips-darwin-x64@https://registry.npmjs.org/@img/sharp-libvips-darwin-x64/-/sharp-libvips-darwin-x64-1.2.4.tgz. Extracting by manifest.
2917 silly tarball no local data for shebang-regex@https://registry.npmjs.org/shebang-regex/-/shebang-regex-3.0.0.tgz. Extracting by manifest.
2918 silly tarball no local data for @img/sharp-darwin-x64@https://registry.npmjs.org/@img/sharp-darwin-x64/-/sharp-darwin-x64-0.34.5.tgz. Extracting by manifest.
2919 silly tarball no local data for isarray@https://registry.npmjs.org/isarray/-/isarray-2.0.5.tgz. Extracting by manifest.
2920 silly tarball no local data for queue-microtask@https://registry.npmjs.org/queue-microtask/-/queue-microtask-1.2.3.tgz. Extracting by manifest.
2921 silly tarball no local data for @img/colour@https://registry.npmjs.org/@img/colour/-/colour-1.1.0.tgz. Extracting by manifest.
2922 silly tarball no local data for supports-preserve-symlinks-flag@https://registry.npmjs.org/supports-preserve-symlinks-flag/-/supports-preserve-symlinks-flag-1.0.0.tgz. Extracting by manifest.
2923 silly tarball no local data for scheduler@https://registry.npmjs.org/scheduler/-/scheduler-0.27.0.tgz. Extracting by manifest.
2924 silly tarball no local data for client-only@https://registry.npmjs.org/client-only/-/client-only-0.0.1.tgz. Extracting by manifest.
2925 silly tarball no local data for react-is@https://registry.npmjs.org/react-is/-/react-is-16.13.1.tgz. Extracting by manifest.
2926 silly tarball no local data for path-parse@https://registry.npmjs.org/path-parse/-/path-parse-1.0.7.tgz. Extracting by manifest.
2927 silly tarball no local data for object-assign@https://registry.npmjs.org/object-assign/-/object-assign-4.1.1.tgz. Extracting by manifest.
2928 silly tarball no local data for loose-envify@https://registry.npmjs.org/loose-envify/-/loose-envify-1.4.0.tgz. Extracting by manifest.
2929 silly tarball no local data for nanoid@https://registry.npmjs.org/nanoid/-/nanoid-3.3.11.tgz. Extracting by manifest.
2930 silly tarball no local data for callsites@https://registry.npmjs.org/callsites/-/callsites-3.1.0.tgz. Extracting by manifest.
2931 silly tarball no local data for p-limit@https://registry.npmjs.org/p-limit/-/p-limit-3.1.0.tgz. Extracting by manifest.
2932 silly tarball no local data for yocto-queue@https://registry.npmjs.org/yocto-queue/-/yocto-queue-0.1.0.tgz. Extracting by manifest.
2933 silly tarball no local data for word-wrap@https://registry.npmjs.org/word-wrap/-/word-wrap-1.2.5.tgz. Extracting by manifest.
2934 silly tarball no local data for deep-is@https://registry.npmjs.org/deep-is/-/deep-is-0.1.4.tgz. Extracting by manifest.
2935 silly tarball no local data for fast-levenshtein@https://registry.npmjs.org/fast-levenshtein/-/fast-levenshtein-2.0.6.tgz. Extracting by manifest.
2936 silly tarball no local data for @swc/helpers@https://registry.npmjs.org/@swc/helpers/-/helpers-0.5.15.tgz. Extracting by manifest.
2937 silly tarball no local data for styled-jsx@https://registry.npmjs.org/styled-jsx/-/styled-jsx-5.1.6.tgz. Extracting by manifest.
2938 silly tarball no local data for sharp@https://registry.npmjs.org/sharp/-/sharp-0.34.5.tgz. Extracting by manifest.
2939 silly tarball no local data for @next/env@https://registry.npmjs.org/@next/env/-/env-16.1.6.tgz. Extracting by manifest.
2940 silly tarball no local data for balanced-match@https://registry.npmjs.org/balanced-match/-/balanced-match-1.0.2.tgz. Extracting by manifest.
2941 silly tarball no local data for concat-map@https://registry.npmjs.org/concat-map/-/concat-map-0.0.1.tgz. Extracting by manifest.
2942 silly tarball no local data for brace-expansion@https://registry.npmjs.org/brace-expansion/-/brace-expansion-1.1.12.tgz. Extracting by manifest.
2943 silly tarball no local data for @next/swc-darwin-x64@https://registry.npmjs.org/@next/swc-darwin-x64/-/swc-darwin-x64-16.1.6.tgz. Extracting by manifest.
2944 silly tarball no local data for fill-range@https://registry.npmjs.org/fill-range/-/fill-range-7.1.1.tgz. Extracting by manifest.
2945 silly tarball no local data for braces@https://registry.npmjs.org/braces/-/braces-3.0.3.tgz. Extracting by manifest.
2946 silly tarball no local data for to-regex-range@https://registry.npmjs.org/to-regex-range/-/to-regex-range-5.0.1.tgz. Extracting by manifest.
2947 silly tarball no local data for picomatch@https://registry.npmjs.org/picomatch/-/picomatch-2.3.1.tgz. Extracting by manifest.
2948 silly tarball no local data for yallist@https://registry.npmjs.org/yallist/-/yallist-3.1.1.tgz. Extracting by manifest.
2949 silly tarball no local data for p-locate@https://registry.npmjs.org/p-locate/-/p-locate-5.0.0.tgz. Extracting by manifest.
2950 silly tarball no local data for type-check@https://registry.npmjs.org/type-check/-/type-check-0.4.0.tgz. Extracting by manifest.
2951 silly tarball no local data for lightningcss-darwin-x64@https://registry.npmjs.org/lightningcss-darwin-x64/-/lightningcss-darwin-x64-1.31.1.tgz. Extracting by manifest.
2952 silly tarball no local data for detect-libc@https://registry.npmjs.org/detect-libc/-/detect-libc-2.1.2.tgz. Extracting by manifest.
2953 silly tarball no local data for prelude-ls@https://registry.npmjs.org/prelude-ls/-/prelude-ls-1.2.1.tgz. Extracting by manifest.
2954 silly tarball no local data for language-subtag-registry@https://registry.npmjs.org/language-subtag-registry/-/language-subtag-registry-0.3.23.tgz. Extracting by manifest.
2955 silly tarball no local data for json-buffer@https://registry.npmjs.org/json-buffer/-/json-buffer-3.0.1.tgz. Extracting by manifest.
2956 silly tarball no local data for is-extglob@https://registry.npmjs.org/is-extglob/-/is-extglob-2.1.1.tgz. Extracting by manifest.
2957 silly tarball no local data for argparse@https://registry.npmjs.org/argparse/-/argparse-2.0.1.tgz. Extracting by manifest.
2958 silly tarball no local data for resolve-from@https://registry.npmjs.org/resolve-from/-/resolve-from-4.0.0.tgz. Extracting by manifest.
2959 silly tarball no local data for parent-module@https://registry.npmjs.org/parent-module/-/parent-module-1.0.1.tgz. Extracting by manifest.
2960 silly tarball no local data for hermes-estree@https://registry.npmjs.org/hermes-estree/-/hermes-estree-0.25.1.tgz. Extracting by manifest.
2961 silly tarball no local data for resolve-pkg-maps@https://registry.npmjs.org/resolve-pkg-maps/-/resolve-pkg-maps-1.0.0.tgz. Extracting by manifest.
2962 silly tarball no local data for dunder-proto@https://registry.npmjs.org/dunder-proto/-/dunder-proto-1.0.1.tgz. Extracting by manifest.
2963 silly tarball no local data for keyv@https://registry.npmjs.org/keyv/-/keyv-4.5.4.tgz. Extracting by manifest.
2964 silly tarball no local data for functions-have-names@https://registry.npmjs.org/functions-have-names/-/functions-have-names-1.2.3.tgz. Extracting by manifest.
2965 silly tarball no local data for flatted@https://registry.npmjs.org/flatted/-/flatted-3.4.0.tgz. Extracting by manifest.
2966 silly tarball no local data for path-exists@https://registry.npmjs.org/path-exists/-/path-exists-4.0.0.tgz. Extracting by manifest.
2967 silly tarball no local data for locate-path@https://registry.npmjs.org/locate-path/-/locate-path-6.0.0.tgz. Extracting by manifest.
2968 silly tarball no local data for flat-cache@https://registry.npmjs.org/flat-cache/-/flat-cache-4.0.1.tgz. Extracting by manifest.
2969 silly tarball no local data for reusify@https://registry.npmjs.org/reusify/-/reusify-1.1.0.tgz. Extracting by manifest.
2970 silly tarball no local data for run-parallel@https://registry.npmjs.org/run-parallel/-/run-parallel-1.2.0.tgz. Extracting by manifest.
2971 silly tarball no local data for fastq@https://registry.npmjs.org/fastq/-/fastq-1.20.1.tgz. Extracting by manifest.
2972 silly tarball no local data for side-channel@https://registry.npmjs.org/side-channel/-/side-channel-1.1.0.tgz. Extracting by manifest.
2973 silly tarball no local data for micromatch@https://registry.npmjs.org/micromatch/-/micromatch-4.0.8.tgz. Extracting by manifest.
2974 silly tarball no local data for @nodelib/fs.scandir@https://registry.npmjs.org/@nodelib/fs.scandir/-/fs.scandir-2.1.5.tgz. Extracting by manifest.
2975 silly tarball no local data for set-function-name@https://registry.npmjs.org/set-function-name/-/set-function-name-2.0.2.tgz. Extracting by manifest.
2976 silly tarball no local data for merge2@https://registry.npmjs.org/merge2/-/merge2-1.4.1.tgz. Extracting by manifest.
2977 silly tarball no local data for @nodelib/fs.walk@https://registry.npmjs.org/@nodelib/fs.walk/-/fs.walk-1.2.8.tgz. Extracting by manifest.
2978 silly tarball no local data for @nodelib/fs.stat@https://registry.npmjs.org/@nodelib/fs.stat/-/fs.stat-2.0.5.tgz. Extracting by manifest.
2979 silly tarball no local data for acorn@https://registry.npmjs.org/acorn/-/acorn-8.16.0.tgz. Extracting by manifest.
2980 silly tarball no local data for acorn-jsx@https://registry.npmjs.org/acorn-jsx/-/acorn-jsx-5.3.2.tgz. Extracting by manifest.
2981 silly tarball no local data for esrecurse@https://registry.npmjs.org/esrecurse/-/esrecurse-4.3.0.tgz. Extracting by manifest.
2982 silly tarball no local data for update-browserslist-db@https://registry.npmjs.org/update-browserslist-db/-/update-browserslist-db-1.2.3.tgz. Extracting by manifest.
2983 silly tarball no local data for node-releases@https://registry.npmjs.org/node-releases/-/node-releases-2.0.36.tgz. Extracting by manifest.
2984 silly tarball no local data for caniuse-lite@https://registry.npmjs.org/caniuse-lite/-/caniuse-lite-1.0.30001777.tgz. Extracting by manifest.
2985 silly tarball no local data for @babel/helper-globals@https://registry.npmjs.org/@babel/helper-globals/-/helper-globals-7.28.0.tgz. Extracting by manifest.
2986 silly tarball no local data for electron-to-chromium@https://registry.npmjs.org/electron-to-chromium/-/electron-to-chromium-1.5.307.tgz. Extracting by manifest.
2987 silly tarball no local data for @babel/helper-module-imports@https://registry.npmjs.org/@babel/helper-module-imports/-/helper-module-imports-7.28.6.tgz. Extracting by manifest.
2988 silly tarball no local data for lru-cache@https://registry.npmjs.org/lru-cache/-/lru-cache-5.1.1.tgz. Extracting by manifest.
2989 silly tarball no local data for @babel/helper-string-parser@https://registry.npmjs.org/@babel/helper-string-parser/-/helper-string-parser-7.27.1.tgz. Extracting by manifest.
2990 silly tarball no local data for browserslist@https://registry.npmjs.org/browserslist/-/browserslist-4.28.1.tgz. Extracting by manifest.
2991 silly tarball no local data for @babel/helper-validator-option@https://registry.npmjs.org/@babel/helper-validator-option/-/helper-validator-option-7.27.1.tgz. Extracting by manifest.
2992 silly tarball no local data for baseline-browser-mapping@https://registry.npmjs.org/baseline-browser-mapping/-/baseline-browser-mapping-2.10.0.tgz. Extracting by manifest.
2993 silly tarball no local data for jsesc@https://registry.npmjs.org/jsesc/-/jsesc-3.1.0.tgz. Extracting by manifest.
2994 silly tarball no local data for picocolors@https://registry.npmjs.org/picocolors/-/picocolors-1.1.1.tgz. Extracting by manifest.
2995 silly tarball no local data for @babel/helper-validator-identifier@https://registry.npmjs.org/@babel/helper-validator-identifier/-/helper-validator-identifier-7.28.5.tgz. Extracting by manifest.
2996 silly tarball no local data for js-tokens@https://registry.npmjs.org/js-tokens/-/js-tokens-4.0.0.tgz. Extracting by manifest.
2997 silly tarball no local data for @babel/compat-data@https://registry.npmjs.org/@babel/compat-data/-/compat-data-7.29.0.tgz. Extracting by manifest.
2998 silly tarball no local data for json5@https://registry.npmjs.org/json5/-/json5-2.2.3.tgz. Extracting by manifest.
2999 silly tarball no local data for gensync@https://registry.npmjs.org/gensync/-/gensync-1.0.0-beta.2.tgz. Extracting by manifest.
3000 silly tarball no local data for @babel/types@https://registry.npmjs.org/@babel/types/-/types-7.29.0.tgz. Extracting by manifest.
3001 silly tarball no local data for convert-source-map@https://registry.npmjs.org/convert-source-map/-/convert-source-map-2.0.0.tgz. Extracting by manifest.
3002 silly tarball no local data for @babel/traverse@https://registry.npmjs.org/@babel/traverse/-/traverse-7.29.0.tgz. Extracting by manifest.
3003 silly tarball no local data for @babel/template@https://registry.npmjs.org/@babel/template/-/template-7.28.6.tgz. Extracting by manifest.
3004 silly tarball no local data for @babel/helpers@https://registry.npmjs.org/@babel/helpers/-/helpers-7.28.6.tgz. Extracting by manifest.
3005 silly tarball no local data for @babel/helper-compilation-targets@https://registry.npmjs.org/@babel/helper-compilation-targets/-/helper-compilation-targets-7.28.6.tgz. Extracting by manifest.
3006 silly tarball no local data for @babel/helper-module-transforms@https://registry.npmjs.org/@babel/helper-module-transforms/-/helper-module-transforms-7.28.6.tgz. Extracting by manifest.
3007 silly tarball no local data for @babel/generator@https://registry.npmjs.org/@babel/generator/-/generator-7.29.1.tgz. Extracting by manifest.
3008 silly tarball no local data for zod-validation-error@https://registry.npmjs.org/zod-validation-error/-/zod-validation-error-4.0.2.tgz. Extracting by manifest.
3009 silly tarball no local data for @babel/code-frame@https://registry.npmjs.org/@babel/code-frame/-/code-frame-7.29.0.tgz. Extracting by manifest.
3010 silly tarball no local data for zod@https://registry.npmjs.org/zod/-/zod-4.3.6.tgz. Extracting by manifest.
3011 silly tarball no local data for hermes-parser@https://registry.npmjs.org/hermes-parser/-/hermes-parser-0.25.1.tgz. Extracting by manifest.
3012 silly tarball no local data for @babel/core@https://registry.npmjs.org/@babel/core/-/core-7.29.0.tgz. Extracting by manifest.
3013 silly tarball no local data for @babel/parser@https://registry.npmjs.org/@babel/parser/-/parser-7.29.0.tgz. Extracting by manifest.
3014 silly tarball no local data for string.prototype.repeat@https://registry.npmjs.org/string.prototype.repeat/-/string.prototype.repeat-1.0.0.tgz. Extracting by manifest.
3015 silly tarball no local data for object.entries@https://registry.npmjs.org/object.entries/-/object.entries-1.1.9.tgz. Extracting by manifest.
3016 silly tarball no local data for string.prototype.matchall@https://registry.npmjs.org/string.prototype.matchall/-/string.prototype.matchall-4.0.12.tgz. Extracting by manifest.
3017 silly tarball no local data for prop-types@https://registry.npmjs.org/prop-types/-/prop-types-15.8.1.tgz. Extracting by manifest.
3018 silly tarball no local data for estraverse@https://registry.npmjs.org/estraverse/-/estraverse-5.3.0.tgz. Extracting by manifest.
3019 silly tarball no local data for es-iterator-helpers@https://registry.npmjs.org/es-iterator-helpers/-/es-iterator-helpers-1.2.2.tgz. Extracting by manifest.
3020 silly tarball no local data for array.prototype.findlast@https://registry.npmjs.org/array.prototype.findlast/-/array.prototype.findlast-1.2.5.tgz. Extracting by manifest.
3021 silly tarball no local data for array.prototype.tosorted@https://registry.npmjs.org/array.prototype.tosorted/-/array.prototype.tosorted-1.1.4.tgz. Extracting by manifest.
3022 silly tarball no local data for string.prototype.includes@https://registry.npmjs.org/string.prototype.includes/-/string.prototype.includes-2.0.1.tgz. Extracting by manifest.
3023 silly tarball no local data for jsx-ast-utils@https://registry.npmjs.org/jsx-ast-utils/-/jsx-ast-utils-3.3.5.tgz. Extracting by manifest.
3024 silly tarball no local data for language-tags@https://registry.npmjs.org/language-tags/-/language-tags-1.0.9.tgz. Extracting by manifest.
3025 silly tarball no local data for emoji-regex@https://registry.npmjs.org/emoji-regex/-/emoji-regex-9.2.2.tgz. Extracting by manifest.
3026 silly tarball no local data for damerau-levenshtein@https://registry.npmjs.org/damerau-levenshtein/-/damerau-levenshtein-1.0.8.tgz. Extracting by manifest.
3027 silly tarball no local data for axobject-query@https://registry.npmjs.org/axobject-query/-/axobject-query-4.1.0.tgz. Extracting by manifest.
3028 silly tarball no local data for axe-core@https://registry.npmjs.org/axe-core/-/axe-core-4.11.1.tgz. Extracting by manifest.
3029 silly tarball no local data for aria-query@https://registry.npmjs.org/aria-query/-/aria-query-5.3.2.tgz. Extracting by manifest.
3030 silly tarball no local data for is-symbol@https://registry.npmjs.org/is-symbol/-/is-symbol-1.1.1.tgz. Extracting by manifest.
3031 silly tarball no local data for ast-types-flow@https://registry.npmjs.org/ast-types-flow/-/ast-types-flow-0.0.8.tgz. Extracting by manifest.
3032 silly tarball no local data for has-tostringtag@https://registry.npmjs.org/has-tostringtag/-/has-tostringtag-1.0.2.tgz. Extracting by manifest.
3033 silly tarball no local data for is-date-object@https://registry.npmjs.org/is-date-object/-/is-date-object-1.1.0.tgz. Extracting by manifest.
3034 silly tarball no local data for possible-typed-array-names@https://registry.npmjs.org/possible-typed-array-names/-/possible-typed-array-names-1.1.0.tgz. Extracting by manifest.
3035 silly tarball no local data for which-typed-array@https://registry.npmjs.org/which-typed-array/-/which-typed-array-1.1.20.tgz. Extracting by manifest.
3036 silly tarball no local data for unbox-primitive@https://registry.npmjs.org/unbox-primitive/-/unbox-primitive-1.1.0.tgz. Extracting by manifest.
3037 silly tarball no local data for typed-array-length@https://registry.npmjs.org/typed-array-length/-/typed-array-length-1.0.7.tgz. Extracting by manifest.
3038 silly tarball no local data for typed-array-byte-offset@https://registry.npmjs.org/typed-array-byte-offset/-/typed-array-byte-offset-1.0.4.tgz. Extracting by manifest.
3039 silly tarball no local data for typed-array-byte-length@https://registry.npmjs.org/typed-array-byte-length/-/typed-array-byte-length-1.0.3.tgz. Extracting by manifest.
3040 silly tarball no local data for string.prototype.trimstart@https://registry.npmjs.org/string.prototype.trimstart/-/string.prototype.trimstart-1.0.8.tgz. Extracting by manifest.
3041 silly tarball no local data for typed-array-buffer@https://registry.npmjs.org/typed-array-buffer/-/typed-array-buffer-1.0.3.tgz. Extracting by manifest.
3042 silly tarball no local data for string.prototype.trim@https://registry.npmjs.org/string.prototype.trim/-/string.prototype.trim-1.2.10.tgz. Extracting by manifest.
3043 silly tarball no local data for iterator.prototype@https://registry.npmjs.org/iterator.prototype/-/iterator.prototype-1.1.5.tgz. Extracting by manifest.
3044 silly tarball no local data for stop-iteration-iterator@https://registry.npmjs.org/stop-iteration-iterator/-/stop-iteration-iterator-1.1.0.tgz. Extracting by manifest.
3045 silly tarball no local data for set-proto@https://registry.npmjs.org/set-proto/-/set-proto-1.0.0.tgz. Extracting by manifest.
3046 silly tarball no local data for safe-regex-test@https://registry.npmjs.org/safe-regex-test/-/safe-regex-test-1.1.0.tgz. Extracting by manifest.
3047 silly tarball no local data for safe-array-concat@https://registry.npmjs.org/safe-array-concat/-/safe-array-concat-1.1.3.tgz. Extracting by manifest.
3048 silly tarball no local data for safe-push-apply@https://registry.npmjs.org/safe-push-apply/-/safe-push-apply-1.0.0.tgz. Extracting by manifest.
3049 silly tarball no local data for regexp.prototype.flags@https://registry.npmjs.org/regexp.prototype.flags/-/regexp.prototype.flags-1.5.4.tgz. Extracting by manifest.
3050 silly tarball no local data for own-keys@https://registry.npmjs.org/own-keys/-/own-keys-1.0.1.tgz. Extracting by manifest.
3051 silly tarball no local data for object.assign@https://registry.npmjs.org/object.assign/-/object.assign-4.1.7.tgz. Extracting by manifest.
3052 silly tarball no local data for is-weakref@https://registry.npmjs.org/is-weakref/-/is-weakref-1.1.1.tgz. Extracting by manifest.
3053 silly tarball no local data for object-inspect@https://registry.npmjs.org/object-inspect/-/object-inspect-1.13.4.tgz. Extracting by manifest.
3054 silly tarball no local data for is-shared-array-buffer@https://registry.npmjs.org/is-shared-array-buffer/-/is-shared-array-buffer-1.0.4.tgz. Extracting by manifest.
3055 silly tarball no local data for is-typed-array@https://registry.npmjs.org/is-typed-array/-/is-typed-array-1.1.15.tgz. Extracting by manifest.
3056 silly tarball no local data for is-set@https://registry.npmjs.org/is-set/-/is-set-2.0.3.tgz. Extracting by manifest.
3057 silly tarball no local data for is-regex@https://registry.npmjs.org/is-regex/-/is-regex-1.2.1.tgz. Extracting by manifest.
3058 silly tarball no local data for is-callable@https://registry.npmjs.org/is-callable/-/is-callable-1.2.7.tgz. Extracting by manifest.
3059 silly tarball no local data for is-negative-zero@https://registry.npmjs.org/is-negative-zero/-/is-negative-zero-2.0.3.tgz. Extracting by manifest.
3060 silly tarball no local data for is-data-view@https://registry.npmjs.org/is-data-view/-/is-data-view-1.0.2.tgz. Extracting by manifest.
3061 silly tarball no local data for is-array-buffer@https://registry.npmjs.org/is-array-buffer/-/is-array-buffer-3.0.5.tgz. Extracting by manifest.
3062 silly tarball no local data for internal-slot@https://registry.npmjs.org/internal-slot/-/internal-slot-1.1.0.tgz. Extracting by manifest.
3063 silly tarball no local data for has-proto@https://registry.npmjs.org/has-proto/-/has-proto-1.2.0.tgz. Extracting by manifest.
3064 silly tarball no local data for has-symbols@https://registry.npmjs.org/has-symbols/-/has-symbols-1.1.0.tgz. Extracting by manifest.
3065 silly tarball no local data for globalthis@https://registry.npmjs.org/globalthis/-/globalthis-1.0.4.tgz. Extracting by manifest.
3066 silly tarball no local data for get-symbol-description@https://registry.npmjs.org/get-symbol-description/-/get-symbol-description-1.1.0.tgz. Extracting by manifest.
3067 silly tarball no local data for get-proto@https://registry.npmjs.org/get-proto/-/get-proto-1.0.1.tgz. Extracting by manifest.
3068 silly tarball no local data for function.prototype.name@https://registry.npmjs.org/function.prototype.name/-/function.prototype.name-1.1.8.tgz. Extracting by manifest.
3069 silly tarball no local data for es-set-tostringtag@https://registry.npmjs.org/es-set-tostringtag/-/es-set-tostringtag-2.1.0.tgz. Extracting by manifest.
3070 silly tarball no local data for es-to-primitive@https://registry.npmjs.org/es-to-primitive/-/es-to-primitive-1.3.0.tgz. Extracting by manifest.
3071 silly tarball no local data for data-view-byte-offset@https://registry.npmjs.org/data-view-byte-offset/-/data-view-byte-offset-1.0.1.tgz. Extracting by manifest.
3072 silly tarball no local data for data-view-byte-length@https://registry.npmjs.org/data-view-byte-length/-/data-view-byte-length-1.0.2.tgz. Extracting by manifest.
3073 silly tarball no local data for data-view-buffer@https://registry.npmjs.org/data-view-buffer/-/data-view-buffer-1.0.2.tgz. Extracting by manifest.
3074 silly tarball no local data for available-typed-arrays@https://registry.npmjs.org/available-typed-arrays/-/available-typed-arrays-1.0.7.tgz. Extracting by manifest.
3075 silly tarball no local data for arraybuffer.prototype.slice@https://registry.npmjs.org/arraybuffer.prototype.slice/-/arraybuffer.prototype.slice-1.0.4.tgz. Extracting by manifest.
3076 silly tarball no local data for array-buffer-byte-length@https://registry.npmjs.org/array-buffer-byte-length/-/array-buffer-byte-length-1.0.2.tgz. Extracting by manifest.
3077 silly tarball no local data for gopd@https://registry.npmjs.org/gopd/-/gopd-1.2.0.tgz. Extracting by manifest.
3078 silly tarball no local data for has-property-descriptors@https://registry.npmjs.org/has-property-descriptors/-/has-property-descriptors-1.0.2.tgz. Extracting by manifest.
3079 silly tarball no local data for function-bind@https://registry.npmjs.org/function-bind/-/function-bind-1.1.2.tgz. Extracting by manifest.
3080 silly tarball no local data for object-keys@https://registry.npmjs.org/object-keys/-/object-keys-1.1.1.tgz. Extracting by manifest.
3081 silly tarball no local data for define-data-property@https://registry.npmjs.org/define-data-property/-/define-data-property-1.1.4.tgz. Extracting by manifest.
3082 silly tarball no local data for set-function-length@https://registry.npmjs.org/set-function-length/-/set-function-length-1.2.2.tgz. Extracting by manifest.
3083 silly tarball no local data for es-define-property@https://registry.npmjs.org/es-define-property/-/es-define-property-1.0.1.tgz. Extracting by manifest.
3084 silly tarball no local data for es-shim-unscopables@https://registry.npmjs.org/es-shim-unscopables/-/es-shim-unscopables-1.1.0.tgz. Extracting by manifest.
3085 silly tarball no local data for call-bind-apply-helpers@https://registry.npmjs.org/call-bind-apply-helpers/-/call-bind-apply-helpers-1.0.2.tgz. Extracting by manifest.
3086 silly tarball no local data for math-intrinsics@https://registry.npmjs.org/math-intrinsics/-/math-intrinsics-1.1.0.tgz. Extracting by manifest.
3087 silly tarball no local data for es-errors@https://registry.npmjs.org/es-errors/-/es-errors-1.3.0.tgz. Extracting by manifest.
3088 silly tarball no local data for get-intrinsic@https://registry.npmjs.org/get-intrinsic/-/get-intrinsic-1.3.0.tgz. Extracting by manifest.
3089 silly tarball no local data for is-string@https://registry.npmjs.org/is-string/-/is-string-1.1.1.tgz. Extracting by manifest.
3090 silly tarball no local data for es-object-atoms@https://registry.npmjs.org/es-object-atoms/-/es-object-atoms-1.1.1.tgz. Extracting by manifest.
3091 silly tarball no local data for es-abstract@https://registry.npmjs.org/es-abstract/-/es-abstract-1.24.1.tgz. Extracting by manifest.
3092 silly tarball no local data for call-bind@https://registry.npmjs.org/call-bind/-/call-bind-1.0.8.tgz. Extracting by manifest.
3093 silly tarball no local data for define-properties@https://registry.npmjs.org/define-properties/-/define-properties-1.2.1.tgz. Extracting by manifest.
3094 silly tarball no local data for tsconfig-paths@https://registry.npmjs.org/tsconfig-paths/-/tsconfig-paths-3.15.0.tgz. Extracting by manifest.
3095 silly tarball no local data for call-bound@https://registry.npmjs.org/call-bound/-/call-bound-1.0.4.tgz. Extracting by manifest.
3096 silly tarball no local data for string.prototype.trimend@https://registry.npmjs.org/string.prototype.trimend/-/string.prototype.trimend-1.0.9.tgz. Extracting by manifest.
3097 silly tarball no local data for object.values@https://registry.npmjs.org/object.values/-/object.values-1.2.1.tgz. Extracting by manifest.
3098 silly tarball no local data for semver@https://registry.npmjs.org/semver/-/semver-6.3.1.tgz. Extracting by manifest.
3099 silly tarball no local data for hasown@https://registry.npmjs.org/hasown/-/hasown-2.0.2.tgz. Extracting by manifest.
3100 silly tarball no local data for eslint-module-utils@https://registry.npmjs.org/eslint-module-utils/-/eslint-module-utils-2.12.1.tgz. Extracting by manifest.
3101 silly tarball no local data for object.fromentries@https://registry.npmjs.org/object.fromentries/-/object.fromentries-2.0.8.tgz. Extracting by manifest.
3102 silly tarball no local data for object.groupby@https://registry.npmjs.org/object.groupby/-/object.groupby-1.0.3.tgz. Extracting by manifest.
3103 silly tarball no local data for doctrine@https://registry.npmjs.org/doctrine/-/doctrine-2.1.0.tgz. Extracting by manifest.
3104 silly tarball no local data for array.prototype.flatmap@https://registry.npmjs.org/array.prototype.flatmap/-/array.prototype.flatmap-1.3.3.tgz. Extracting by manifest.
3105 silly tarball no local data for array.prototype.flat@https://registry.npmjs.org/array.prototype.flat/-/array.prototype.flat-1.3.3.tgz. Extracting by manifest.
3106 silly tarball no local data for array-includes@https://registry.npmjs.org/array-includes/-/array-includes-3.1.9.tgz. Extracting by manifest.
3107 silly tarball no local data for array.prototype.findlastindex@https://registry.npmjs.org/array.prototype.findlastindex/-/array.prototype.findlastindex-1.2.6.tgz. Extracting by manifest.
3108 silly tarball no local data for @rtsao/scc@https://registry.npmjs.org/@rtsao/scc/-/scc-1.1.0.tgz. Extracting by manifest.
3109 silly tarball no local data for unrs-resolver@https://registry.npmjs.org/unrs-resolver/-/unrs-resolver-1.11.1.tgz. Extracting by manifest.
3110 silly tarball no local data for stable-hash@https://registry.npmjs.org/stable-hash/-/stable-hash-0.0.5.tgz. Extracting by manifest.
3111 silly tarball no local data for tinyglobby@https://registry.npmjs.org/tinyglobby/-/tinyglobby-0.2.15.tgz. Extracting by manifest.
3112 silly tarball no local data for is-bun-module@https://registry.npmjs.org/is-bun-module/-/is-bun-module-2.0.0.tgz. Extracting by manifest.
3113 silly tarball no local data for get-tsconfig@https://registry.npmjs.org/get-tsconfig/-/get-tsconfig-4.13.6.tgz. Extracting by manifest.
3114 silly tarball no local data for resolve@https://registry.npmjs.org/resolve/-/resolve-1.22.11.tgz. Extracting by manifest.
3115 silly tarball no local data for @nolyfill/is-core-module@https://registry.npmjs.org/@nolyfill/is-core-module/-/is-core-module-1.0.39.tgz. Extracting by manifest.
3116 silly tarball no local data for is-core-module@https://registry.npmjs.org/is-core-module/-/is-core-module-2.16.1.tgz. Extracting by manifest.
3117 silly tarball no local data for fast-glob@https://registry.npmjs.org/fast-glob/-/fast-glob-3.3.1.tgz. Extracting by manifest.
3118 silly tarball no local data for typescript-eslint@https://registry.npmjs.org/typescript-eslint/-/typescript-eslint-8.56.1.tgz. Extracting by manifest.
3119 silly tarball no local data for eslint-plugin-react@https://registry.npmjs.org/eslint-plugin-react/-/eslint-plugin-react-7.37.5.tgz. Extracting by manifest.
3120 silly tarball no local data for eslint-plugin-jsx-a11y@https://registry.npmjs.org/eslint-plugin-jsx-a11y/-/eslint-plugin-jsx-a11y-6.10.2.tgz. Extracting by manifest.
3121 silly tarball no local data for eslint-plugin-import@https://registry.npmjs.org/eslint-plugin-import/-/eslint-plugin-import-2.32.0.tgz. Extracting by manifest.
3122 silly tarball no local data for eslint-import-resolver-typescript@https://registry.npmjs.org/eslint-import-resolver-typescript/-/eslint-import-resolver-typescript-3.10.1.tgz. Extracting by manifest.
3123 silly tarball no local data for eslint-plugin-react-hooks@https://registry.npmjs.org/eslint-plugin-react-hooks/-/eslint-plugin-react-hooks-7.0.1.tgz. Extracting by manifest.
3124 silly tarball no local data for eslint-import-resolver-node@https://registry.npmjs.org/eslint-import-resolver-node/-/eslint-import-resolver-node-0.3.9.tgz. Extracting by manifest.
3125 silly tarball no local data for @next/eslint-plugin-next@https://registry.npmjs.org/@next/eslint-plugin-next/-/eslint-plugin-next-16.1.6.tgz. Extracting by manifest.
3126 silly tarball no local data for ms@https://registry.npmjs.org/ms/-/ms-2.1.3.tgz. Extracting by manifest.
3127 silly tarball no local data for shebang-command@https://registry.npmjs.org/shebang-command/-/shebang-command-2.0.0.tgz. Extracting by manifest.
3128 silly tarball no local data for which@https://registry.npmjs.org/which/-/which-2.0.2.tgz. Extracting by manifest.
3129 silly tarball no local data for path-key@https://registry.npmjs.org/path-key/-/path-key-3.1.1.tgz. Extracting by manifest.
3130 silly tarball no local data for color-name@https://registry.npmjs.org/color-name/-/color-name-1.1.4.tgz. Extracting by manifest.
3131 silly tarball no local data for supports-color@https://registry.npmjs.org/supports-color/-/supports-color-7.2.0.tgz. Extracting by manifest.
3132 silly tarball no local data for color-convert@https://registry.npmjs.org/color-convert/-/color-convert-2.0.1.tgz. Extracting by manifest.
3133 silly tarball no local data for ansi-styles@https://registry.npmjs.org/ansi-styles/-/ansi-styles-4.3.0.tgz. Extracting by manifest.
3134 silly tarball no local data for uri-js@https://registry.npmjs.org/uri-js/-/uri-js-4.4.1.tgz. Extracting by manifest.
3135 silly tarball no local data for @humanfs/core@https://registry.npmjs.org/@humanfs/core/-/core-0.19.1.tgz. Extracting by manifest.
3136 silly tarball no local data for levn@https://registry.npmjs.org/levn/-/levn-0.4.1.tgz. Extracting by manifest.
3137 silly tarball no local data for json-schema-traverse@https://registry.npmjs.org/json-schema-traverse/-/json-schema-traverse-0.4.1.tgz. Extracting by manifest.
3138 silly tarball no local data for strip-json-comments@https://registry.npmjs.org/strip-json-comments/-/strip-json-comments-3.1.1.tgz. Extracting by manifest.
3139 silly tarball no local data for import-fresh@https://registry.npmjs.org/import-fresh/-/import-fresh-3.3.1.tgz. Extracting by manifest.
3140 silly tarball no local data for js-yaml@https://registry.npmjs.org/js-yaml/-/js-yaml-4.1.1.tgz. Extracting by manifest.
3141 silly tarball no local data for globals@https://registry.npmjs.org/globals/-/globals-14.0.0.tgz. Extracting by manifest.
3142 silly tarball no local data for @types/json-schema@https://registry.npmjs.org/@types/json-schema/-/json-schema-7.0.15.tgz. Extracting by manifest.
3143 silly tarball no local data for @eslint/object-schema@https://registry.npmjs.org/@eslint/object-schema/-/object-schema-2.1.7.tgz. Extracting by manifest.
3144 silly tarball no local data for optionator@https://registry.npmjs.org/optionator/-/optionator-0.9.4.tgz. Extracting by manifest.
3145 silly tarball no local data for natural-compare@https://registry.npmjs.org/natural-compare/-/natural-compare-1.4.0.tgz. Extracting by manifest.
3146 silly tarball no local data for minimatch@https://registry.npmjs.org/minimatch/-/minimatch-3.1.5.tgz. Extracting by manifest.
3147 silly tarball no local data for lodash.merge@https://registry.npmjs.org/lodash.merge/-/lodash.merge-4.6.2.tgz. Extracting by manifest.
3148 silly tarball no local data for json-stable-stringify-without-jsonify@https://registry.npmjs.org/json-stable-stringify-without-jsonify/-/json-stable-stringify-without-jsonify-1.0.1.tgz. Extracting by manifest.
3149 silly tarball no local data for imurmurhash@https://registry.npmjs.org/imurmurhash/-/imurmurhash-0.1.4.tgz. Extracting by manifest.
3150 silly tarball no local data for is-glob@https://registry.npmjs.org/is-glob/-/is-glob-4.0.3.tgz. Extracting by manifest.
3151 silly tarball no local data for find-up@https://registry.npmjs.org/find-up/-/find-up-5.0.0.tgz. Extracting by manifest.
3152 silly tarball no local data for glob-parent@https://registry.npmjs.org/glob-parent/-/glob-parent-6.0.2.tgz. Extracting by manifest.
3153 silly tarball no local data for fast-json-stable-stringify@https://registry.npmjs.org/fast-json-stable-stringify/-/fast-json-stable-stringify-2.1.0.tgz. Extracting by manifest.
3154 silly tarball no local data for esutils@https://registry.npmjs.org/esutils/-/esutils-2.0.3.tgz. Extracting by manifest.
3155 silly tarball no local data for file-entry-cache@https://registry.npmjs.org/file-entry-cache/-/file-entry-cache-8.0.0.tgz. Extracting by manifest.
3156 silly tarball no local data for fast-deep-equal@https://registry.npmjs.org/fast-deep-equal/-/fast-deep-equal-3.1.3.tgz. Extracting by manifest.
3157 silly tarball no local data for espree@https://registry.npmjs.org/espree/-/espree-10.4.0.tgz. Extracting by manifest.
3158 silly tarball no local data for ignore@https://registry.npmjs.org/ignore/-/ignore-5.3.2.tgz. Extracting by manifest.
3159 silly tarball no local data for eslint-visitor-keys@https://registry.npmjs.org/eslint-visitor-keys/-/eslint-visitor-keys-4.2.1.tgz. Extracting by manifest.
3160 silly tarball no local data for esquery@https://registry.npmjs.org/esquery/-/esquery-1.7.0.tgz. Extracting by manifest.
3161 silly tarball no local data for escape-string-regexp@https://registry.npmjs.org/escape-string-regexp/-/escape-string-regexp-4.0.0.tgz. Extracting by manifest.
3162 silly tarball no local data for debug@https://registry.npmjs.org/debug/-/debug-4.4.3.tgz. Extracting by manifest.
3163 silly tarball no local data for cross-spawn@https://registry.npmjs.org/cross-spawn/-/cross-spawn-7.0.6.tgz. Extracting by manifest.
3164 silly tarball no local data for eslint-scope@https://registry.npmjs.org/eslint-scope/-/eslint-scope-8.4.0.tgz. Extracting by manifest.
3165 silly tarball no local data for chalk@https://registry.npmjs.org/chalk/-/chalk-4.1.2.tgz. Extracting by manifest.
3166 silly tarball no local data for ajv@https://registry.npmjs.org/ajv/-/ajv-6.14.0.tgz. Extracting by manifest.
3167 silly tarball no local data for @types/estree@https://registry.npmjs.org/@types/estree/-/estree-1.0.8.tgz. Extracting by manifest.
3168 silly tarball no local data for @eslint/plugin-kit@https://registry.npmjs.org/@eslint/plugin-kit/-/plugin-kit-0.4.1.tgz. Extracting by manifest.
3169 silly tarball no local data for @humanwhocodes/module-importer@https://registry.npmjs.org/@humanwhocodes/module-importer/-/module-importer-1.0.1.tgz. Extracting by manifest.
3170 silly tarball no local data for @eslint/eslintrc@https://registry.npmjs.org/@eslint/eslintrc/-/eslintrc-3.3.5.tgz. Extracting by manifest.
3171 silly tarball no local data for @humanwhocodes/retry@https://registry.npmjs.org/@humanwhocodes/retry/-/retry-0.4.3.tgz. Extracting by manifest.
3172 silly tarball no local data for @humanfs/node@https://registry.npmjs.org/@humanfs/node/-/node-0.16.7.tgz. Extracting by manifest.
3173 silly tarball no local data for @eslint/core@https://registry.npmjs.org/@eslint/core/-/core-0.17.0.tgz. Extracting by manifest.
3174 silly tarball no local data for @eslint/js@https://registry.npmjs.org/@eslint/js/-/js-9.39.4.tgz. Extracting by manifest.
3175 silly tarball no local data for @eslint/config-array@https://registry.npmjs.org/@eslint/config-array/-/config-array-0.21.2.tgz. Extracting by manifest.
3176 silly tarball no local data for @eslint/config-helpers@https://registry.npmjs.org/@eslint/config-helpers/-/config-helpers-0.4.2.tgz. Extracting by manifest.
3177 silly tarball no local data for @eslint-community/regexpp@https://registry.npmjs.org/@eslint-community/regexpp/-/regexpp-4.12.2.tgz. Extracting by manifest.
3178 silly tarball no local data for graceful-fs@https://registry.npmjs.org/graceful-fs/-/graceful-fs-4.2.11.tgz. Extracting by manifest.
3179 silly tarball no local data for @eslint-community/eslint-utils@https://registry.npmjs.org/@eslint-community/eslint-utils/-/eslint-utils-4.9.1.tgz. Extracting by manifest.
3180 silly tarball no local data for csstype@https://registry.npmjs.org/csstype/-/csstype-3.2.3.tgz. Extracting by manifest.
3181 silly tarball no local data for tapable@https://registry.npmjs.org/tapable/-/tapable-2.3.0.tgz. Extracting by manifest.
3182 silly tarball no local data for undici-types@https://registry.npmjs.org/undici-types/-/undici-types-6.21.0.tgz. Extracting by manifest.
3183 silly tarball no local data for @tailwindcss/oxide-darwin-x64@https://registry.npmjs.org/@tailwindcss/oxide-darwin-x64/-/oxide-darwin-x64-4.2.1.tgz. Extracting by manifest.
3184 silly tarball no local data for @jridgewell/resolve-uri@https://registry.npmjs.org/@jridgewell/resolve-uri/-/resolve-uri-3.1.2.tgz. Extracting by manifest.
3185 silly tarball no local data for source-map-js@https://registry.npmjs.org/source-map-js/-/source-map-js-1.2.1.tgz. Extracting by manifest.
3186 silly tarball no local data for @jridgewell/sourcemap-codec@https://registry.npmjs.org/@jridgewell/sourcemap-codec/-/sourcemap-codec-1.5.5.tgz. Extracting by manifest.
3187 silly tarball no local data for @jridgewell/trace-mapping@https://registry.npmjs.org/@jridgewell/trace-mapping/-/trace-mapping-0.3.31.tgz. Extracting by manifest.
3188 silly tarball no local data for @jridgewell/gen-mapping@https://registry.npmjs.org/@jridgewell/gen-mapping/-/gen-mapping-0.3.13.tgz. Extracting by manifest.
3189 silly tarball no local data for magic-string@https://registry.npmjs.org/magic-string/-/magic-string-0.30.21.tgz. Extracting by manifest.
3190 silly tarball no local data for jiti@https://registry.npmjs.org/jiti/-/jiti-2.6.1.tgz. Extracting by manifest.
3191 silly tarball no local data for lightningcss@https://registry.npmjs.org/lightningcss/-/lightningcss-1.31.1.tgz. Extracting by manifest.
3192 silly tarball no local data for enhanced-resolve@https://registry.npmjs.org/enhanced-resolve/-/enhanced-resolve-5.20.0.tgz. Extracting by manifest.
3193 silly tarball no local data for @jridgewell/remapping@https://registry.npmjs.org/@jridgewell/remapping/-/remapping-2.3.5.tgz. Extracting by manifest.
3194 silly tarball no local data for postcss@https://registry.npmjs.org/postcss/-/postcss-8.5.8.tgz. Extracting by manifest.
3195 silly tarball no local data for @tailwindcss/oxide@https://registry.npmjs.org/@tailwindcss/oxide/-/oxide-4.2.1.tgz. Extracting by manifest.
3196 silly tarball no local data for @tailwindcss/node@https://registry.npmjs.org/@tailwindcss/node/-/node-4.2.1.tgz. Extracting by manifest.
3197 silly tarball no local data for iceberg-js@https://registry.npmjs.org/iceberg-js/-/iceberg-js-0.8.1.tgz. Extracting by manifest.
3198 silly tarball no local data for @types/ws@https://registry.npmjs.org/@types/ws/-/ws-8.18.1.tgz. Extracting by manifest.
3199 silly tarball no local data for ws@https://registry.npmjs.org/ws/-/ws-8.19.0.tgz. Extracting by manifest.
3200 silly tarball no local data for @types/phoenix@https://registry.npmjs.org/@types/phoenix/-/phoenix-1.6.7.tgz. Extracting by manifest.
3201 silly tarball no local data for @alloc/quick-lru@https://registry.npmjs.org/@alloc/quick-lru/-/quick-lru-5.2.0.tgz. Extracting by manifest.
3202 silly tarball no local data for tslib@https://registry.npmjs.org/tslib/-/tslib-2.8.1.tgz. Extracting by manifest.
3203 silly tarball no local data for @supabase/storage-js@https://registry.npmjs.org/@supabase/storage-js/-/storage-js-2.98.0.tgz. Extracting by manifest.
3204 silly tarball no local data for @supabase/realtime-js@https://registry.npmjs.org/@supabase/realtime-js/-/realtime-js-2.98.0.tgz. Extracting by manifest.
3205 silly tarball no local data for @supabase/functions-js@https://registry.npmjs.org/@supabase/functions-js/-/functions-js-2.98.0.tgz. Extracting by manifest.
3206 silly tarball no local data for typescript@https://registry.npmjs.org/typescript/-/typescript-5.9.3.tgz. Extracting by manifest.
3207 silly tarball no local data for @supabase/postgrest-js@https://registry.npmjs.org/@supabase/postgrest-js/-/postgrest-js-2.98.0.tgz. Extracting by manifest.
3208 silly tarball no local data for @supabase/auth-js@https://registry.npmjs.org/@supabase/auth-js/-/auth-js-2.98.0.tgz. Extracting by manifest.
3209 silly tarball no local data for tailwindcss@https://registry.npmjs.org/tailwindcss/-/tailwindcss-4.2.1.tgz. Extracting by manifest.
3210 silly tarball no local data for react-dom@https://registry.npmjs.org/react-dom/-/react-dom-19.2.3.tgz. Extracting by manifest.
3211 silly tarball no local data for react@https://registry.npmjs.org/react/-/react-19.2.3.tgz. Extracting by manifest.
3212 silly tarball no local data for tailwind-merge@https://registry.npmjs.org/tailwind-merge/-/tailwind-merge-3.5.0.tgz. Extracting by manifest.
3213 silly tarball no local data for eslint-config-next@https://registry.npmjs.org/eslint-config-next/-/eslint-config-next-16.1.6.tgz. Extracting by manifest.
3214 silly tarball no local data for eslint@https://registry.npmjs.org/eslint/-/eslint-9.39.4.tgz. Extracting by manifest.
3215 silly tarball no local data for clsx@https://registry.npmjs.org/clsx/-/clsx-2.1.1.tgz. Extracting by manifest.
3216 silly tarball no local data for next@https://registry.npmjs.org/next/-/next-16.1.6.tgz. Extracting by manifest.
3217 silly tarball no local data for @types/react@https://registry.npmjs.org/@types/react/-/react-19.2.14.tgz. Extracting by manifest.
3218 silly tarball no local data for @types/react-dom@https://registry.npmjs.org/@types/react-dom/-/react-dom-19.2.3.tgz. Extracting by manifest.
3219 silly tarball no local data for @tailwindcss/postcss@https://registry.npmjs.org/@tailwindcss/postcss/-/postcss-4.2.1.tgz. Extracting by manifest.
3220 silly tarball no local data for @types/node@https://registry.npmjs.org/@types/node/-/node-20.19.37.tgz. Extracting by manifest.
3221 silly tarball no local data for @supabase/supabase-js@https://registry.npmjs.org/@supabase/supabase-js/-/supabase-js-2.98.0.tgz. Extracting by manifest.
3222 silly tarball no local data for eslint-visitor-keys@https://registry.npmjs.org/eslint-visitor-keys/-/eslint-visitor-keys-5.0.1.tgz. Extracting by manifest.
3223 silly tarball no local data for balanced-match@https://registry.npmjs.org/balanced-match/-/balanced-match-4.0.4.tgz. Extracting by manifest.
3224 silly tarball no local data for semver@https://registry.npmjs.org/semver/-/semver-7.7.4.tgz. Extracting by manifest.
3225 silly tarball no local data for brace-expansion@https://registry.npmjs.org/brace-expansion/-/brace-expansion-5.0.4.tgz. Extracting by manifest.
3226 silly tarball no local data for ignore@https://registry.npmjs.org/ignore/-/ignore-7.0.5.tgz. Extracting by manifest.
3227 silly tarball no local data for json5@https://registry.npmjs.org/json5/-/json5-1.0.2.tgz. Extracting by manifest.
3228 silly tarball no local data for minimatch@https://registry.npmjs.org/minimatch/-/minimatch-10.2.4.tgz. Extracting by manifest.
3229 silly tarball no local data for semver@https://registry.npmjs.org/semver/-/semver-7.7.4.tgz. Extracting by manifest.
3230 silly tarball no local data for debug@https://registry.npmjs.org/debug/-/debug-3.2.7.tgz. Extracting by manifest.
3231 silly tarball no local data for picomatch@https://registry.npmjs.org/picomatch/-/picomatch-4.0.3.tgz. Extracting by manifest.
3232 silly tarball no local data for semver@https://registry.npmjs.org/semver/-/semver-7.7.4.tgz. Extracting by manifest.
3233 silly tarball no local data for glob-parent@https://registry.npmjs.org/glob-parent/-/glob-parent-5.1.2.tgz. Extracting by manifest.
3234 silly tarball no local data for resolve@https://registry.npmjs.org/resolve/-/resolve-2.0.0-next.6.tgz. Extracting by manifest.
3235 silly tarball no local data for debug@https://registry.npmjs.org/debug/-/debug-3.2.7.tgz. Extracting by manifest.
3236 silly tarball no local data for eslint-visitor-keys@https://registry.npmjs.org/eslint-visitor-keys/-/eslint-visitor-keys-3.4.3.tgz. Extracting by manifest.
3237 silly tarball no local data for debug@https://registry.npmjs.org/debug/-/debug-3.2.7.tgz. Extracting by manifest.
3238 silly tarball no local data for postcss@https://registry.npmjs.org/postcss/-/postcss-8.4.31.tgz. Extracting by manifest.
3239 silly tarball no local data for globals@https://registry.npmjs.org/globals/-/globals-16.4.0.tgz. Extracting by manifest.
3240 http fetch POST 200 https://registry.npmjs.org/-/npm/v1/security/advisories/bulk 469ms
3241 silly audit report {}
3242 http fetch GET 200 https://registry.npmjs.org/is-map/-/is-map-2.0.3.tgz 414ms (cache miss)
3243 http fetch GET 200 https://registry.npmjs.org/node-exports-info/-/node-exports-info-1.6.0.tgz 416ms (cache miss)
3244 http fetch GET 200 https://registry.npmjs.org/is-async-function/-/is-async-function-2.1.1.tgz 412ms (cache miss)
3245 http fetch GET 200 https://registry.npmjs.org/async-function/-/async-function-1.0.0.tgz 416ms (cache miss)
3246 http fetch GET 200 https://registry.npmjs.org/punycode/-/punycode-2.3.1.tgz 417ms (cache miss)
3247 http fetch GET 200 https://registry.npmjs.org/is-weakset/-/is-weakset-2.0.4.tgz 437ms (cache miss)
3248 http fetch GET 200 https://registry.npmjs.org/is-weakmap/-/is-weakmap-2.0.2.tgz 436ms (cache miss)
3249 http fetch GET 200 https://registry.npmjs.org/which-collection/-/which-collection-1.0.2.tgz 441ms (cache miss)
3250 http fetch GET 200 https://registry.npmjs.org/generator-function/-/generator-function-2.0.1.tgz 452ms (cache miss)
3251 http fetch GET 200 https://registry.npmjs.org/is-number-object/-/is-number-object-1.1.1.tgz 446ms (cache miss)
3252 http fetch GET 200 https://registry.npmjs.org/isexe/-/isexe-2.0.0.tgz 443ms (cache miss)
3253 http fetch GET 200 https://registry.npmjs.org/has-bigints/-/has-bigints-1.1.0.tgz 441ms (cache miss)
3254 http fetch GET 200 https://registry.npmjs.org/is-generator-function/-/is-generator-function-1.1.2.tgz 462ms (cache miss)
3255 http fetch GET 200 https://registry.npmjs.org/napi-postinstall/-/napi-postinstall-0.3.4.tgz 457ms (cache miss)
3256 http fetch GET 200 https://registry.npmjs.org/which-boxed-primitive/-/which-boxed-primitive-1.1.1.tgz 485ms (cache miss)
3257 http fetch GET 200 https://registry.npmjs.org/which-builtin-type/-/which-builtin-type-1.2.1.tgz 482ms (cache miss)
3258 http fetch GET 200 https://registry.npmjs.org/strip-bom/-/strip-bom-3.0.0.tgz 492ms (cache miss)
3259 http fetch GET 200 https://registry.npmjs.org/is-number/-/is-number-7.0.0.tgz 497ms (cache miss)
3260 http fetch GET 200 https://registry.npmjs.org/fdir/-/fdir-6.5.0.tgz 506ms (cache miss)
3261 http fetch GET 200 https://registry.npmjs.org/has-flag/-/has-flag-4.0.0.tgz 512ms (cache miss)
3262 http fetch GET 200 https://registry.npmjs.org/for-each/-/for-each-0.3.5.tgz 524ms (cache miss)
3263 http fetch GET 200 https://registry.npmjs.org/side-channel-map/-/side-channel-map-1.0.1.tgz 521ms (cache miss)
3264 http fetch GET 200 https://registry.npmjs.org/side-channel-list/-/side-channel-list-1.0.0.tgz 521ms (cache miss)
3265 http fetch GET 200 https://registry.npmjs.org/@types/json5/-/json5-0.0.29.tgz 530ms (cache miss)
3266 http fetch GET 200 https://registry.npmjs.org/isarray/-/isarray-2.0.5.tgz 530ms (cache miss)
3267 http fetch GET 200 https://registry.npmjs.org/shebang-regex/-/shebang-regex-3.0.0.tgz 531ms (cache miss)
3268 http fetch GET 200 https://registry.npmjs.org/queue-microtask/-/queue-microtask-1.2.3.tgz 530ms (cache miss)
3269 http fetch GET 200 https://registry.npmjs.org/client-only/-/client-only-0.0.1.tgz 529ms (cache miss)
3270 http fetch GET 200 https://registry.npmjs.org/@typescript-eslint/tsconfig-utils/-/tsconfig-utils-8.56.1.tgz 552ms (cache miss)
3271 http fetch GET 200 https://registry.npmjs.org/is-finalizationregistry/-/is-finalizationregistry-1.1.1.tgz 560ms (cache miss)
3272 http fetch GET 200 https://registry.npmjs.org/@typescript-eslint/project-service/-/project-service-8.56.1.tgz 559ms (cache miss)
3273 http fetch GET 200 https://registry.npmjs.org/is-bigint/-/is-bigint-1.1.0.tgz 566ms (cache miss)
3274 http fetch GET 200 https://registry.npmjs.org/@img/colour/-/colour-1.1.0.tgz 547ms (cache miss)
3275 http fetch GET 200 https://registry.npmjs.org/react-is/-/react-is-16.13.1.tgz 547ms (cache miss)
3276 http fetch GET 200 https://registry.npmjs.org/object-assign/-/object-assign-4.1.1.tgz 544ms (cache miss)
3277 http fetch GET 200 https://registry.npmjs.org/callsites/-/callsites-3.1.0.tgz 542ms (cache miss)
3278 http fetch GET 200 https://registry.npmjs.org/path-parse/-/path-parse-1.0.7.tgz 554ms (cache miss)
3279 http fetch GET 200 https://registry.npmjs.org/escalade/-/escalade-3.2.0.tgz 582ms (cache miss)
3280 http fetch GET 200 https://registry.npmjs.org/is-boolean-object/-/is-boolean-object-1.2.2.tgz 583ms (cache miss)
3281 http fetch GET 200 https://registry.npmjs.org/@typescript-eslint/parser/-/parser-8.56.1.tgz 574ms (cache miss)
3282 http fetch GET 200 https://registry.npmjs.org/supports-preserve-symlinks-flag/-/supports-preserve-symlinks-flag-1.0.0.tgz 564ms (cache miss)
3283 http fetch GET 200 https://registry.npmjs.org/side-channel-weakmap/-/side-channel-weakmap-1.0.2.tgz 576ms (cache miss)
3284 http fetch GET 200 https://registry.npmjs.org/loose-envify/-/loose-envify-1.4.0.tgz 567ms (cache miss)
3285 http fetch GET 200 https://registry.npmjs.org/yocto-queue/-/yocto-queue-0.1.0.tgz 565ms (cache miss)
3286 http fetch GET 200 https://registry.npmjs.org/word-wrap/-/word-wrap-1.2.5.tgz 575ms (cache miss)
3287 http fetch GET 200 https://registry.npmjs.org/balanced-match/-/balanced-match-1.0.2.tgz 580ms (cache miss)
3288 http fetch GET 200 https://registry.npmjs.org/p-limit/-/p-limit-3.1.0.tgz 593ms (cache miss)
3289 http fetch GET 200 https://registry.npmjs.org/@typescript-eslint/visitor-keys/-/visitor-keys-8.56.1.tgz 616ms (cache miss)
3290 http fetch GET 200 https://registry.npmjs.org/fast-levenshtein/-/fast-levenshtein-2.0.6.tgz 598ms (cache miss)
3291 http fetch GET 200 https://registry.npmjs.org/concat-map/-/concat-map-0.0.1.tgz 595ms (cache miss)
3292 http fetch GET 200 https://registry.npmjs.org/deep-is/-/deep-is-0.1.4.tgz 607ms (cache miss)
3293 http fetch GET 200 https://registry.npmjs.org/braces/-/braces-3.0.3.tgz 604ms (cache miss)
3294 http fetch GET 200 https://registry.npmjs.org/@next/env/-/env-16.1.6.tgz 606ms (cache miss)
3295 http fetch GET 200 https://registry.npmjs.org/brace-expansion/-/brace-expansion-1.1.12.tgz 613ms (cache miss)
3296 http fetch GET 200 https://registry.npmjs.org/yallist/-/yallist-3.1.1.tgz 621ms (cache miss)
3297 http fetch GET 200 https://registry.npmjs.org/ts-api-utils/-/ts-api-utils-2.4.0.tgz 652ms (cache miss)
3298 http fetch GET 200 https://registry.npmjs.org/p-locate/-/p-locate-5.0.0.tgz 627ms (cache miss)
3299 http fetch GET 200 https://registry.npmjs.org/detect-libc/-/detect-libc-2.1.2.tgz 626ms (cache miss)
3300 http fetch GET 200 https://registry.npmjs.org/type-check/-/type-check-0.4.0.tgz 633ms (cache miss)
3301 http fetch GET 200 https://registry.npmjs.org/json-buffer/-/json-buffer-3.0.1.tgz 632ms (cache miss)
3302 http fetch GET 200 https://registry.npmjs.org/fill-range/-/fill-range-7.1.1.tgz 644ms (cache miss)
3303 http fetch GET 200 https://registry.npmjs.org/parent-module/-/parent-module-1.0.1.tgz 643ms (cache miss)
3304 http fetch GET 200 https://registry.npmjs.org/is-extglob/-/is-extglob-2.1.1.tgz 646ms (cache miss)
3305 http fetch GET 200 https://registry.npmjs.org/reflect.getprototypeof/-/reflect.getprototypeof-1.0.10.tgz 677ms (cache miss)
3306 http fetch GET 200 https://registry.npmjs.org/dunder-proto/-/dunder-proto-1.0.1.tgz 651ms (cache miss)
3307 http fetch GET 200 https://registry.npmjs.org/to-regex-range/-/to-regex-range-5.0.1.tgz 665ms (cache miss)
3308 http fetch GET 200 https://registry.npmjs.org/resolve-pkg-maps/-/resolve-pkg-maps-1.0.0.tgz 659ms (cache miss)
3309 http fetch GET 200 https://registry.npmjs.org/path-exists/-/path-exists-4.0.0.tgz 657ms (cache miss)
3310 http fetch GET 200 https://registry.npmjs.org/keyv/-/keyv-4.5.4.tgz 659ms (cache miss)
3311 http fetch GET 200 https://registry.npmjs.org/functions-have-names/-/functions-have-names-1.2.3.tgz 664ms (cache miss)
3312 http fetch GET 200 https://registry.npmjs.org/flat-cache/-/flat-cache-4.0.1.tgz 664ms (cache miss)
3313 http fetch GET 200 https://registry.npmjs.org/resolve-from/-/resolve-from-4.0.0.tgz 675ms (cache miss)
3314 http fetch GET 200 https://registry.npmjs.org/run-parallel/-/run-parallel-1.2.0.tgz 671ms (cache miss)
3315 http fetch GET 200 https://registry.npmjs.org/picomatch/-/picomatch-2.3.1.tgz 685ms (cache miss)
3316 http fetch GET 200 https://registry.npmjs.org/micromatch/-/micromatch-4.0.8.tgz 674ms (cache miss)
3317 http fetch GET 200 https://registry.npmjs.org/set-function-name/-/set-function-name-2.0.2.tgz 674ms (cache miss)
3318 http fetch GET 200 https://registry.npmjs.org/locate-path/-/locate-path-6.0.0.tgz 685ms (cache miss)
3319 http fetch GET 200 https://registry.npmjs.org/argparse/-/argparse-2.0.1.tgz 692ms (cache miss)
3320 http fetch GET 200 https://registry.npmjs.org/side-channel/-/side-channel-1.1.0.tgz 687ms (cache miss)
3321 http fetch GET 200 https://registry.npmjs.org/merge2/-/merge2-1.4.1.tgz 685ms (cache miss)
3322 http fetch GET 200 https://registry.npmjs.org/@nodelib/fs.walk/-/fs.walk-1.2.8.tgz 686ms (cache miss)
3323 http fetch GET 200 https://registry.npmjs.org/prelude-ls/-/prelude-ls-1.2.1.tgz 702ms (cache miss)
3324 http fetch GET 200 https://registry.npmjs.org/@typescript-eslint/types/-/types-8.56.1.tgz 736ms (cache miss)
3325 http fetch GET 200 https://registry.npmjs.org/@nodelib/fs.stat/-/fs.stat-2.0.5.tgz 698ms (cache miss)
3326 http fetch GET 200 https://registry.npmjs.org/esrecurse/-/esrecurse-4.3.0.tgz 702ms (cache miss)
3327 http fetch GET 200 https://registry.npmjs.org/acorn-jsx/-/acorn-jsx-5.3.2.tgz 702ms (cache miss)
3328 http fetch GET 200 https://registry.npmjs.org/node-releases/-/node-releases-2.0.36.tgz 705ms (cache miss)
3329 http fetch GET 200 https://registry.npmjs.org/@nodelib/fs.scandir/-/fs.scandir-2.1.5.tgz 709ms (cache miss)
3330 http fetch GET 200 https://registry.npmjs.org/scheduler/-/scheduler-0.27.0.tgz 739ms (cache miss)
3331 http fetch GET 200 https://registry.npmjs.org/@emnapi/wasi-threads/-/wasi-threads-1.1.0.tgz 767ms (cache miss)
3332 http fetch GET 200 https://registry.npmjs.org/update-browserslist-db/-/update-browserslist-db-1.2.3.tgz 729ms (cache miss)
3333 http fetch GET 200 https://registry.npmjs.org/lru-cache/-/lru-cache-5.1.1.tgz 726ms (cache miss)
3334 http fetch GET 200 https://registry.npmjs.org/@babel/helper-module-imports/-/helper-module-imports-7.28.6.tgz 728ms (cache miss)
3335 http fetch GET 200 https://registry.npmjs.org/@babel/helper-globals/-/helper-globals-7.28.0.tgz 746ms (cache miss)
3336 http fetch GET 200 https://registry.npmjs.org/@babel/helper-validator-option/-/helper-validator-option-7.27.1.tgz 744ms (cache miss)
3337 http fetch GET 200 https://registry.npmjs.org/@babel/helper-string-parser/-/helper-string-parser-7.27.1.tgz 745ms (cache miss)
3338 http fetch GET 200 https://registry.npmjs.org/picocolors/-/picocolors-1.1.1.tgz 743ms (cache miss)
3339 http fetch GET 200 https://registry.npmjs.org/fastq/-/fastq-1.20.1.tgz 761ms (cache miss)
3340 http fetch GET 200 https://registry.npmjs.org/flatted/-/flatted-3.4.0.tgz 764ms (cache miss)
3341 http fetch GET 200 https://registry.npmjs.org/reusify/-/reusify-1.1.0.tgz 763ms (cache miss)
3342 http fetch GET 200 https://registry.npmjs.org/js-tokens/-/js-tokens-4.0.0.tgz 752ms (cache miss)
3343 http fetch GET 200 https://registry.npmjs.org/jsesc/-/jsesc-3.1.0.tgz 758ms (cache miss)
3344 http fetch GET 200 https://registry.npmjs.org/gensync/-/gensync-1.0.0-beta.2.tgz 755ms (cache miss)
3345 http fetch GET 200 https://registry.npmjs.org/@img/sharp-darwin-x64/-/sharp-darwin-x64-0.34.5.tgz 802ms (cache miss)
3346 http fetch GET 200 https://registry.npmjs.org/@babel/compat-data/-/compat-data-7.29.0.tgz 766ms (cache miss)
3347 http fetch GET 200 https://registry.npmjs.org/electron-to-chromium/-/electron-to-chromium-1.5.307.tgz 775ms (cache miss)
3348 http fetch GET 200 https://registry.npmjs.org/convert-source-map/-/convert-source-map-2.0.0.tgz 770ms (cache miss)
3349 http fetch GET 200 https://registry.npmjs.org/minimist/-/minimist-1.2.8.tgz 814ms (cache miss)
3350 http fetch GET 200 https://registry.npmjs.org/nanoid/-/nanoid-3.3.11.tgz 810ms (cache miss)
3351 http fetch GET 200 https://registry.npmjs.org/@babel/helper-validator-identifier/-/helper-validator-identifier-7.28.5.tgz 783ms (cache miss)
3352 http fetch GET 200 https://registry.npmjs.org/@babel/helper-compilation-targets/-/helper-compilation-targets-7.28.6.tgz 789ms (cache miss)
3353 http fetch GET 200 https://registry.npmjs.org/baseline-browser-mapping/-/baseline-browser-mapping-2.10.0.tgz 823ms (cache miss)
3354 http fetch GET 200 https://registry.npmjs.org/browserslist/-/browserslist-4.28.1.tgz 824ms (cache miss)
3355 http fetch GET 200 https://registry.npmjs.org/string.prototype.repeat/-/string.prototype.repeat-1.0.0.tgz 834ms (cache miss)
3356 http fetch GET 200 https://registry.npmjs.org/@babel/code-frame/-/code-frame-7.29.0.tgz 846ms (cache miss)
3357 http fetch GET 200 https://registry.npmjs.org/estraverse/-/estraverse-5.3.0.tgz 845ms (cache miss)
3358 http fetch GET 200 https://registry.npmjs.org/@emnapi/runtime/-/runtime-1.8.1.tgz 893ms (cache miss)
3359 http fetch GET 200 https://registry.npmjs.org/hermes-estree/-/hermes-estree-0.25.1.tgz 888ms (cache miss)
3360 http fetch GET 200 https://registry.npmjs.org/array.prototype.findlast/-/array.prototype.findlast-1.2.5.tgz 870ms (cache miss)
3361 http fetch GET 200 https://registry.npmjs.org/prop-types/-/prop-types-15.8.1.tgz 892ms (cache miss)
3362 http fetch GET 200 https://registry.npmjs.org/acorn/-/acorn-8.16.0.tgz 910ms (cache miss)
3363 http fetch GET 200 https://registry.npmjs.org/array.prototype.tosorted/-/array.prototype.tosorted-1.1.4.tgz 898ms (cache miss)
3364 http fetch GET 200 https://registry.npmjs.org/language-tags/-/language-tags-1.0.9.tgz 909ms (cache miss)
3365 http fetch GET 200 https://registry.npmjs.org/emoji-regex/-/emoji-regex-9.2.2.tgz 912ms (cache miss)
3366 http fetch GET 200 https://registry.npmjs.org/damerau-levenshtein/-/damerau-levenshtein-1.0.8.tgz 915ms (cache miss)
3367 http fetch GET 200 https://registry.npmjs.org/string.prototype.matchall/-/string.prototype.matchall-4.0.12.tgz 922ms (cache miss)
3368 http fetch GET 200 https://registry.npmjs.org/ast-types-flow/-/ast-types-flow-0.0.8.tgz 950ms (cache miss)
3369 http fetch GET 200 https://registry.npmjs.org/object.entries/-/object.entries-1.1.9.tgz 961ms (cache miss)
3370 http fetch GET 200 https://registry.npmjs.org/is-date-object/-/is-date-object-1.1.0.tgz 954ms (cache miss)
3371 http fetch GET 200 https://registry.npmjs.org/is-symbol/-/is-symbol-1.1.1.tgz 961ms (cache miss)
3372 http fetch GET 200 https://registry.npmjs.org/has-tostringtag/-/has-tostringtag-1.0.2.tgz 961ms (cache miss)
3373 http fetch GET 200 https://registry.npmjs.org/possible-typed-array-names/-/possible-typed-array-names-1.1.0.tgz 985ms (cache miss)
3374 http fetch GET 200 https://registry.npmjs.org/@babel/template/-/template-7.28.6.tgz 1005ms (cache miss)
3375 http fetch GET 200 https://registry.npmjs.org/zod-validation-error/-/zod-validation-error-4.0.2.tgz 1004ms (cache miss)
3376 http fetch GET 200 https://registry.npmjs.org/typed-array-byte-offset/-/typed-array-byte-offset-1.0.4.tgz 1006ms (cache miss)
3377 http fetch GET 200 https://registry.npmjs.org/@babel/helper-module-transforms/-/helper-module-transforms-7.28.6.tgz 1027ms (cache miss)
3378 http fetch GET 200 https://registry.npmjs.org/which-typed-array/-/which-typed-array-1.1.20.tgz 1021ms (cache miss)
3379 http fetch GET 200 https://registry.npmjs.org/typed-array-byte-length/-/typed-array-byte-length-1.0.3.tgz 1021ms (cache miss)
3380 http fetch GET 200 https://registry.npmjs.org/typed-array-length/-/typed-array-length-1.0.7.tgz 1021ms (cache miss)
3381 http fetch GET 200 https://registry.npmjs.org/iterator.prototype/-/iterator.prototype-1.1.5.tgz 1019ms (cache miss)
3382 http fetch GET 200 https://registry.npmjs.org/stop-iteration-iterator/-/stop-iteration-iterator-1.1.0.tgz 1019ms (cache miss)
3383 http fetch GET 200 https://registry.npmjs.org/string.prototype.trimstart/-/string.prototype.trimstart-1.0.8.tgz 1025ms (cache miss)
3384 http fetch GET 200 https://registry.npmjs.org/typed-array-buffer/-/typed-array-buffer-1.0.3.tgz 1025ms (cache miss)
3385 http fetch GET 200 https://registry.npmjs.org/unbox-primitive/-/unbox-primitive-1.1.0.tgz 1035ms (cache miss)
3386 http fetch GET 200 https://registry.npmjs.org/set-proto/-/set-proto-1.0.0.tgz 1032ms (cache miss)
3387 http fetch GET 200 https://registry.npmjs.org/json5/-/json5-2.2.3.tgz 1061ms (cache miss)
3388 http fetch GET 200 https://registry.npmjs.org/safe-regex-test/-/safe-regex-test-1.1.0.tgz 1051ms (cache miss)
3389 http fetch GET 200 https://registry.npmjs.org/safe-array-concat/-/safe-array-concat-1.1.3.tgz 1051ms (cache miss)
3390 http fetch GET 200 https://registry.npmjs.org/own-keys/-/own-keys-1.0.1.tgz 1069ms (cache miss)
3391 http fetch GET 200 https://registry.npmjs.org/is-weakref/-/is-weakref-1.1.1.tgz 1080ms (cache miss)
3392 http fetch GET 200 https://registry.npmjs.org/styled-jsx/-/styled-jsx-5.1.6.tgz 1161ms (cache miss)
3393 http fetch GET 200 https://registry.npmjs.org/safe-push-apply/-/safe-push-apply-1.0.0.tgz 1114ms (cache miss)
3394 http fetch GET 200 https://registry.npmjs.org/is-shared-array-buffer/-/is-shared-array-buffer-1.0.4.tgz 1112ms (cache miss)
3395 http fetch GET 200 https://registry.npmjs.org/is-set/-/is-set-2.0.3.tgz 1112ms (cache miss)
3396 http fetch GET 200 https://registry.npmjs.org/string.prototype.trim/-/string.prototype.trim-1.2.10.tgz 1130ms (cache miss)
3397 http fetch GET 200 https://registry.npmjs.org/is-callable/-/is-callable-1.2.7.tgz 1124ms (cache miss)
3398 http fetch GET 200 https://registry.npmjs.org/string.prototype.includes/-/string.prototype.includes-2.0.1.tgz 1153ms (cache miss)
3399 http fetch GET 200 https://registry.npmjs.org/is-typed-array/-/is-typed-array-1.1.15.tgz 1140ms (cache miss)
3400 http fetch GET 200 https://registry.npmjs.org/is-regex/-/is-regex-1.2.1.tgz 1139ms (cache miss)
3401 http fetch GET 200 https://registry.npmjs.org/internal-slot/-/internal-slot-1.1.0.tgz 1137ms (cache miss)
3402 http fetch GET 200 https://registry.npmjs.org/is-array-buffer/-/is-array-buffer-3.0.5.tgz 1138ms (cache miss)
3403 http fetch GET 200 https://registry.npmjs.org/is-data-view/-/is-data-view-1.0.2.tgz 1148ms (cache miss)
3404 http fetch GET 200 https://registry.npmjs.org/globalthis/-/globalthis-1.0.4.tgz 1166ms (cache miss)
3405 http fetch GET 200 https://registry.npmjs.org/is-negative-zero/-/is-negative-zero-2.0.3.tgz 1170ms (cache miss)
3406 http fetch GET 200 https://registry.npmjs.org/has-symbols/-/has-symbols-1.1.0.tgz 1167ms (cache miss)
3407 http fetch GET 200 https://registry.npmjs.org/es-set-tostringtag/-/es-set-tostringtag-2.1.0.tgz 1173ms (cache miss)
3408 http fetch GET 200 https://registry.npmjs.org/data-view-byte-offset/-/data-view-byte-offset-1.0.1.tgz 1169ms (cache miss)
3409 http fetch GET 200 https://registry.npmjs.org/get-symbol-description/-/get-symbol-description-1.1.0.tgz 1195ms (cache miss)
3410 http fetch GET 200 https://registry.npmjs.org/data-view-buffer/-/data-view-buffer-1.0.2.tgz 1188ms (cache miss)
3411 http fetch GET 200 https://registry.npmjs.org/es-to-primitive/-/es-to-primitive-1.3.0.tgz 1194ms (cache miss)
3412 http fetch GET 200 https://registry.npmjs.org/arraybuffer.prototype.slice/-/arraybuffer.prototype.slice-1.0.4.tgz 1196ms (cache miss)
3413 http fetch GET 200 https://registry.npmjs.org/available-typed-arrays/-/available-typed-arrays-1.0.7.tgz 1198ms (cache miss)
3414 http fetch GET 200 https://registry.npmjs.org/get-proto/-/get-proto-1.0.1.tgz 1208ms (cache miss)
3415 http fetch GET 200 https://registry.npmjs.org/data-view-byte-length/-/data-view-byte-length-1.0.2.tgz 1207ms (cache miss)
3416 http fetch GET 200 https://registry.npmjs.org/gopd/-/gopd-1.2.0.tgz 1204ms (cache miss)
3417 http fetch GET 200 https://registry.npmjs.org/has-property-descriptors/-/has-property-descriptors-1.0.2.tgz 1205ms (cache miss)
3418 http fetch GET 200 https://registry.npmjs.org/object-keys/-/object-keys-1.1.1.tgz 1204ms (cache miss)
3419 http fetch GET 200 https://registry.npmjs.org/set-function-length/-/set-function-length-1.2.2.tgz 1205ms (cache miss)
3420 http fetch GET 200 https://registry.npmjs.org/define-data-property/-/define-data-property-1.1.4.tgz 1205ms (cache miss)
3421 http fetch GET 200 https://registry.npmjs.org/es-shim-unscopables/-/es-shim-unscopables-1.1.0.tgz 1204ms (cache miss)
3422 http fetch GET 200 https://registry.npmjs.org/call-bind-apply-helpers/-/call-bind-apply-helpers-1.0.2.tgz 1205ms (cache miss)
3423 http fetch GET 200 https://registry.npmjs.org/es-define-property/-/es-define-property-1.0.1.tgz 1205ms (cache miss)
3424 http fetch GET 200 https://registry.npmjs.org/math-intrinsics/-/math-intrinsics-1.1.0.tgz 1204ms (cache miss)
3425 http fetch GET 200 https://registry.npmjs.org/es-errors/-/es-errors-1.3.0.tgz 1211ms (cache miss)
3426 http fetch GET 200 https://registry.npmjs.org/array-buffer-byte-length/-/array-buffer-byte-length-1.0.2.tgz 1292ms (cache miss)
3427 http fetch GET 200 https://registry.npmjs.org/es-object-atoms/-/es-object-atoms-1.1.1.tgz 1288ms (cache miss)
3428 http fetch GET 200 https://registry.npmjs.org/is-string/-/is-string-1.1.1.tgz 1322ms (cache miss)
3429 http fetch GET 200 https://registry.npmjs.org/get-intrinsic/-/get-intrinsic-1.3.0.tgz 1323ms (cache miss)
3430 http fetch GET 200 https://registry.npmjs.org/has-proto/-/has-proto-1.2.0.tgz 1352ms (cache miss)
3431 http fetch GET 200 https://registry.npmjs.org/call-bound/-/call-bound-1.0.4.tgz 1333ms (cache miss)
3432 http fetch GET 200 https://registry.npmjs.org/string.prototype.trimend/-/string.prototype.trimend-1.0.9.tgz 1333ms (cache miss)
3433 http fetch GET 200 https://registry.npmjs.org/call-bind/-/call-bind-1.0.8.tgz 1335ms (cache miss)
3434 http fetch GET 200 https://registry.npmjs.org/semver/-/semver-6.3.1.tgz 1346ms (cache miss)
3435 http fetch GET 200 https://registry.npmjs.org/hasown/-/hasown-2.0.2.tgz 1346ms (cache miss)
3436 http fetch GET 200 https://registry.npmjs.org/object.values/-/object.values-1.2.1.tgz 1367ms (cache miss)
3437 http fetch GET 200 https://registry.npmjs.org/array.prototype.flatmap/-/array.prototype.flatmap-1.3.3.tgz 1364ms (cache miss)
3438 http fetch GET 200 https://registry.npmjs.org/regexp.prototype.flags/-/regexp.prototype.flags-1.5.4.tgz 1408ms (cache miss)
3439 http fetch GET 200 https://registry.npmjs.org/stable-hash/-/stable-hash-0.0.5.tgz 1377ms (cache miss)
3440 http fetch GET 200 https://registry.npmjs.org/array.prototype.findlastindex/-/array.prototype.findlastindex-1.2.6.tgz 1380ms (cache miss)
3441 http fetch GET 200 https://registry.npmjs.org/function-bind/-/function-bind-1.1.2.tgz 1404ms (cache miss)
3442 http fetch GET 200 https://registry.npmjs.org/define-properties/-/define-properties-1.2.1.tgz 1399ms (cache miss)
3443 http fetch GET 200 https://registry.npmjs.org/array-includes/-/array-includes-3.1.9.tgz 1394ms (cache miss)
3444 http fetch GET 200 https://registry.npmjs.org/@unrs/resolver-binding-darwin-x64/-/resolver-binding-darwin-x64-1.11.1.tgz 1506ms (cache miss)
3445 http fetch GET 200 https://registry.npmjs.org/unrs-resolver/-/unrs-resolver-1.11.1.tgz 1403ms (cache miss)
3446 http fetch GET 200 https://registry.npmjs.org/is-core-module/-/is-core-module-2.16.1.tgz 1401ms (cache miss)
3447 http fetch GET 200 https://registry.npmjs.org/@rtsao/scc/-/scc-1.1.0.tgz 1405ms (cache miss)
3448 http fetch GET 200 https://registry.npmjs.org/tinyglobby/-/tinyglobby-0.2.15.tgz 1426ms (cache miss)
3449 http fetch GET 200 https://registry.npmjs.org/object.assign/-/object.assign-4.1.7.tgz 1486ms (cache miss)
3450 http fetch GET 200 https://registry.npmjs.org/eslint-import-resolver-node/-/eslint-import-resolver-node-0.3.9.tgz 1448ms (cache miss)
3451 http fetch GET 200 https://registry.npmjs.org/ms/-/ms-2.1.3.tgz 1447ms (cache miss)
3452 http fetch GET 200 https://registry.npmjs.org/is-bun-module/-/is-bun-module-2.0.0.tgz 1473ms (cache miss)
3453 http fetch GET 200 https://registry.npmjs.org/path-key/-/path-key-3.1.1.tgz 1467ms (cache miss)
3454 http fetch GET 200 https://registry.npmjs.org/shebang-command/-/shebang-command-2.0.0.tgz 1469ms (cache miss)
3455 http fetch GET 200 https://registry.npmjs.org/which/-/which-2.0.2.tgz 1468ms (cache miss)
3456 http fetch GET 200 https://registry.npmjs.org/object.fromentries/-/object.fromentries-2.0.8.tgz 1507ms (cache miss)
3457 http fetch GET 200 https://registry.npmjs.org/doctrine/-/doctrine-2.1.0.tgz 1507ms (cache miss)
3458 http fetch GET 200 https://registry.npmjs.org/color-name/-/color-name-1.1.4.tgz 1515ms (cache miss)
3459 http fetch GET 200 https://registry.npmjs.org/function.prototype.name/-/function.prototype.name-1.1.8.tgz 1555ms (cache miss)
3460 http fetch GET 200 https://registry.npmjs.org/supports-color/-/supports-color-7.2.0.tgz 1523ms (cache miss)
3461 http fetch GET 200 https://registry.npmjs.org/color-convert/-/color-convert-2.0.1.tgz 1524ms (cache miss)
3462 http fetch GET 200 https://registry.npmjs.org/ansi-styles/-/ansi-styles-4.3.0.tgz 1523ms (cache miss)
3463 http fetch GET 200 https://registry.npmjs.org/object.groupby/-/object.groupby-1.0.3.tgz 1547ms (cache miss)
3464 http fetch GET 200 https://registry.npmjs.org/levn/-/levn-0.4.1.tgz 1533ms (cache miss)
3465 http fetch GET 200 https://registry.npmjs.org/json-schema-traverse/-/json-schema-traverse-0.4.1.tgz 1533ms (cache miss)
3466 http fetch GET 200 https://registry.npmjs.org/strip-json-comments/-/strip-json-comments-3.1.1.tgz 1532ms (cache miss)
3467 http fetch GET 200 https://registry.npmjs.org/import-fresh/-/import-fresh-3.3.1.tgz 1533ms (cache miss)
3468 http fetch GET 200 https://registry.npmjs.org/@emnapi/core/-/core-1.8.1.tgz 1670ms (cache miss)
3469 http fetch GET 200 https://registry.npmjs.org/array.prototype.flat/-/array.prototype.flat-1.3.3.tgz 1564ms (cache miss)
3470 http fetch GET 200 https://registry.npmjs.org/@types/json-schema/-/json-schema-7.0.15.tgz 1548ms (cache miss)
3471 http fetch GET 200 https://registry.npmjs.org/@nolyfill/is-core-module/-/is-core-module-1.0.39.tgz 1560ms (cache miss)
3472 http fetch GET 200 https://registry.npmjs.org/is-glob/-/is-glob-4.0.3.tgz 1545ms (cache miss)
3473 http fetch GET 200 https://registry.npmjs.org/lodash.merge/-/lodash.merge-4.6.2.tgz 1547ms (cache miss)
3474 http fetch GET 200 https://registry.npmjs.org/natural-compare/-/natural-compare-1.4.0.tgz 1548ms (cache miss)
3475 http fetch GET 200 https://registry.npmjs.org/eslint-import-resolver-typescript/-/eslint-import-resolver-typescript-3.10.1.tgz 1566ms (cache miss)
3476 http fetch GET 200 https://registry.npmjs.org/optionator/-/optionator-0.9.4.tgz 1557ms (cache miss)
3477 http fetch GET 200 https://registry.npmjs.org/minimatch/-/minimatch-3.1.5.tgz 1557ms (cache miss)
3478 http fetch GET 200 https://registry.npmjs.org/globals/-/globals-14.0.0.tgz 1560ms (cache miss)
3479 http fetch GET 200 https://registry.npmjs.org/fast-json-stable-stringify/-/fast-json-stable-stringify-2.1.0.tgz 1555ms (cache miss)
3480 http fetch GET 200 https://registry.npmjs.org/json-stable-stringify-without-jsonify/-/json-stable-stringify-without-jsonify-1.0.1.tgz 1558ms (cache miss)
3481 http fetch GET 200 https://registry.npmjs.org/find-up/-/find-up-5.0.0.tgz 1557ms (cache miss)
3482 http fetch GET 200 https://registry.npmjs.org/imurmurhash/-/imurmurhash-0.1.4.tgz 1565ms (cache miss)
3483 http fetch GET 200 https://registry.npmjs.org/glob-parent/-/glob-parent-6.0.2.tgz 1564ms (cache miss)
3484 http fetch GET 200 https://registry.npmjs.org/file-entry-cache/-/file-entry-cache-8.0.0.tgz 1563ms (cache miss)
3485 http fetch GET 200 https://registry.npmjs.org/fast-deep-equal/-/fast-deep-equal-3.1.3.tgz 1563ms (cache miss)
3486 http fetch GET 200 https://registry.npmjs.org/debug/-/debug-4.4.3.tgz 1561ms (cache miss)
3487 http fetch GET 200 https://registry.npmjs.org/escape-string-regexp/-/escape-string-regexp-4.0.0.tgz 1569ms (cache miss)
3488 http fetch GET 200 https://registry.npmjs.org/get-tsconfig/-/get-tsconfig-4.13.6.tgz 1595ms (cache miss)
3489 http fetch GET 200 https://registry.npmjs.org/esutils/-/esutils-2.0.3.tgz 1578ms (cache miss)
3490 http fetch GET 200 https://registry.npmjs.org/ignore/-/ignore-5.3.2.tgz 1577ms (cache miss)
3491 http fetch GET 200 https://registry.npmjs.org/chalk/-/chalk-4.1.2.tgz 1580ms (cache miss)
3492 http fetch GET 200 https://registry.npmjs.org/cross-spawn/-/cross-spawn-7.0.6.tgz 1581ms (cache miss)
3493 http fetch GET 200 https://registry.npmjs.org/@types/estree/-/estree-1.0.8.tgz 1580ms (cache miss)
3494 http fetch GET 200 https://registry.npmjs.org/eslint-visitor-keys/-/eslint-visitor-keys-4.2.1.tgz 1593ms (cache miss)
3495 http fetch GET 200 https://registry.npmjs.org/@humanwhocodes/module-importer/-/module-importer-1.0.1.tgz 1590ms (cache miss)
3496 http fetch GET 200 https://registry.npmjs.org/@eslint/js/-/js-9.39.4.tgz 1588ms (cache miss)
3497 http fetch GET 200 https://registry.npmjs.org/graceful-fs/-/graceful-fs-4.2.11.tgz 1588ms (cache miss)
3498 http fetch GET 200 https://registry.npmjs.org/@typescript-eslint/type-utils/-/type-utils-8.56.1.tgz 1725ms (cache miss)
3499 http fetch GET 200 https://registry.npmjs.org/tapable/-/tapable-2.3.0.tgz 1594ms (cache miss)
3500 http fetch GET 200 https://registry.npmjs.org/@humanfs/node/-/node-0.16.7.tgz 1603ms (cache miss)
3501 http fetch GET 200 https://registry.npmjs.org/@eslint/core/-/core-0.17.0.tgz 1617ms (cache miss)
3502 http fetch GET 200 https://registry.npmjs.org/@jridgewell/resolve-uri/-/resolve-uri-3.1.2.tgz 1613ms (cache miss)
3503 http fetch GET 200 https://registry.npmjs.org/eslint-module-utils/-/eslint-module-utils-2.12.1.tgz 1652ms (cache miss)
3504 http fetch GET 200 https://registry.npmjs.org/typescript-eslint/-/typescript-eslint-8.56.1.tgz 1662ms (cache miss)
3505 http fetch GET 200 https://registry.npmjs.org/@alloc/quick-lru/-/quick-lru-5.2.0.tgz 1628ms (cache miss)
3506 http fetch GET 200 https://registry.npmjs.org/espree/-/espree-10.4.0.tgz 1650ms (cache miss)
3507 http fetch GET 200 https://registry.npmjs.org/@humanfs/core/-/core-0.19.1.tgz 1669ms (cache miss)
3508 http fetch GET 200 https://registry.npmjs.org/@humanwhocodes/retry/-/retry-0.4.3.tgz 1654ms (cache miss)
3509 http fetch GET 200 https://registry.npmjs.org/@tailwindcss/oxide/-/oxide-4.2.1.tgz 1647ms (cache miss)
3510 http fetch GET 200 https://registry.npmjs.org/eslint-config-next/-/eslint-config-next-16.1.6.tgz 1667ms (cache miss)
3511 http fetch GET 200 https://registry.npmjs.org/@eslint/object-schema/-/object-schema-2.1.7.tgz 1706ms (cache miss)
3512 http fetch GET 200 https://registry.npmjs.org/tslib/-/tslib-2.8.1.tgz 1689ms (cache miss)
3513 http fetch GET 200 https://registry.npmjs.org/sharp/-/sharp-0.34.5.tgz 1840ms (cache miss)
3514 http fetch GET 200 https://registry.npmjs.org/clsx/-/clsx-2.1.1.tgz 1715ms (cache miss)
3515 http fetch GET 200 https://registry.npmjs.org/@eslint/config-helpers/-/config-helpers-0.4.2.tgz 1733ms (cache miss)
3516 http fetch GET 200 https://registry.npmjs.org/@eslint-community/regexpp/-/regexpp-4.12.2.tgz 1740ms (cache miss)
3517 http fetch GET 200 https://registry.npmjs.org/@tailwindcss/node/-/node-4.2.1.tgz 1739ms (cache miss)
3518 http fetch GET 200 https://registry.npmjs.org/iceberg-js/-/iceberg-js-0.8.1.tgz 1745ms (cache miss)
3519 http fetch GET 200 https://registry.npmjs.org/eslint-scope/-/eslint-scope-8.4.0.tgz 1763ms (cache miss)
3520 http fetch GET 200 https://registry.npmjs.org/@eslint/plugin-kit/-/plugin-kit-0.4.1.tgz 1761ms (cache miss)
3521 http fetch GET 200 https://registry.npmjs.org/@eslint-community/eslint-utils/-/eslint-utils-4.9.1.tgz 1769ms (cache miss)
3522 http fetch GET 200 https://registry.npmjs.org/language-subtag-registry/-/language-subtag-registry-0.3.23.tgz 1884ms (cache miss)
3523 http fetch GET 200 https://registry.npmjs.org/@types/ws/-/ws-8.18.1.tgz 1774ms (cache miss)
3524 http fetch GET 200 https://registry.npmjs.org/@types/phoenix/-/phoenix-1.6.7.tgz 1775ms (cache miss)
3525 http fetch GET 200 https://registry.npmjs.org/undici-types/-/undici-types-6.21.0.tgz 1797ms (cache miss)
3526 http fetch GET 200 https://registry.npmjs.org/@types/react-dom/-/react-dom-19.2.3.tgz 1784ms (cache miss)
3527 http fetch GET 200 https://registry.npmjs.org/object-inspect/-/object-inspect-1.13.4.tgz 1865ms (cache miss)
3528 http fetch GET 200 https://registry.npmjs.org/source-map-js/-/source-map-js-1.2.1.tgz 1824ms (cache miss)
3529 http fetch GET 200 https://registry.npmjs.org/magic-string/-/magic-string-0.30.21.tgz 1846ms (cache miss)
3530 http fetch GET 200 https://registry.npmjs.org/balanced-match/-/balanced-match-4.0.4.tgz 1855ms (cache miss)
3531 http fetch GET 200 https://registry.npmjs.org/eslint-visitor-keys/-/eslint-visitor-keys-5.0.1.tgz 1867ms (cache miss)
3532 http fetch GET 200 https://registry.npmjs.org/brace-expansion/-/brace-expansion-5.0.4.tgz 1881ms (cache miss)
3533 http fetch GET 200 https://registry.npmjs.org/ws/-/ws-8.19.0.tgz 1902ms (cache miss)
3534 http fetch GET 200 https://registry.npmjs.org/lightningcss/-/lightningcss-1.31.1.tgz 1922ms (cache miss)
3535 http fetch GET 200 https://registry.npmjs.org/ignore/-/ignore-7.0.5.tgz 1912ms (cache miss)
3536 http fetch GET 200 https://registry.npmjs.org/@babel/parser/-/parser-7.29.0.tgz 2021ms (cache miss)
3537 http fetch GET 200 https://registry.npmjs.org/@tailwindcss/postcss/-/postcss-4.2.1.tgz 1941ms (cache miss)
3538 http fetch GET 200 https://registry.npmjs.org/@jridgewell/sourcemap-codec/-/sourcemap-codec-1.5.5.tgz 1964ms (cache miss)
3539 http fetch GET 200 https://registry.npmjs.org/csstype/-/csstype-3.2.3.tgz 1984ms (cache miss)
3540 http fetch GET 200 https://registry.npmjs.org/glob-parent/-/glob-parent-5.1.2.tgz 1990ms (cache miss)
3541 http fetch GET 200 https://registry.npmjs.org/@eslint/config-array/-/config-array-0.21.2.tgz 2017ms (cache miss)
3542 http fetch GET 200 https://registry.npmjs.org/@types/react/-/react-19.2.14.tgz 2003ms (cache miss)
3543 http fetch GET 200 https://registry.npmjs.org/react/-/react-19.2.3.tgz 2012ms (cache miss)
3544 http fetch GET 200 https://registry.npmjs.org/@jridgewell/remapping/-/remapping-2.3.5.tgz 2025ms (cache miss)
3545 http fetch GET 200 https://registry.npmjs.org/json5/-/json5-1.0.2.tgz 2010ms (cache miss)
3546 http fetch GET 200 https://registry.npmjs.org/eslint-visitor-keys/-/eslint-visitor-keys-3.4.3.tgz 2022ms (cache miss)
3547 http fetch GET 200 https://registry.npmjs.org/picomatch/-/picomatch-4.0.3.tgz 2024ms (cache miss)
3548 http fetch GET 200 https://registry.npmjs.org/esquery/-/esquery-1.7.0.tgz 2068ms (cache miss)
3549 http fetch GET 200 https://registry.npmjs.org/debug/-/debug-3.2.7.tgz 2037ms (cache miss)
3550 http fetch GET 200 https://registry.npmjs.org/@jridgewell/gen-mapping/-/gen-mapping-0.3.13.tgz 2059ms (cache miss)
3551 http fetch GET 200 https://registry.npmjs.org/debug/-/debug-3.2.7.tgz 2049ms (cache miss)
3552 http fetch GET 200 https://registry.npmjs.org/debug/-/debug-3.2.7.tgz 2054ms (cache miss)
3553 http fetch GET 200 https://registry.npmjs.org/globals/-/globals-16.4.0.tgz 2051ms (cache miss)
3554 http fetch GET 200 https://registry.npmjs.org/@tybys/wasm-util/-/wasm-util-0.10.1.tgz 2223ms (cache miss)
3555 http fetch GET 200 https://registry.npmjs.org/js-yaml/-/js-yaml-4.1.1.tgz 2182ms (cache miss)
3556 http fetch GET 200 https://registry.npmjs.org/@babel/generator/-/generator-7.29.1.tgz 2266ms (cache miss)
3557 http fetch GET 200 https://registry.npmjs.org/jiti/-/jiti-2.6.1.tgz 2214ms (cache miss)
3558 http fetch GET 200 https://registry.npmjs.org/tailwindcss/-/tailwindcss-4.2.1.tgz 2217ms (cache miss)
3559 http fetch GET 200 https://registry.npmjs.org/@eslint/eslintrc/-/eslintrc-3.3.5.tgz 2241ms (cache miss)
3560 http fetch GET 200 https://registry.npmjs.org/@jridgewell/trace-mapping/-/trace-mapping-0.3.31.tgz 2236ms (cache miss)
3561 http fetch GET 200 https://registry.npmjs.org/hermes-parser/-/hermes-parser-0.25.1.tgz 2366ms (cache miss)
3562 http fetch GET 200 https://registry.npmjs.org/postcss/-/postcss-8.5.8.tgz 2281ms (cache miss)
3563 http fetch GET 200 https://registry.npmjs.org/@supabase/postgrest-js/-/postgrest-js-2.98.0.tgz 2299ms (cache miss)
3564 http fetch GET 200 https://registry.npmjs.org/enhanced-resolve/-/enhanced-resolve-5.20.0.tgz 2307ms (cache miss)
3565 http fetch GET 200 https://registry.npmjs.org/tailwind-merge/-/tailwind-merge-3.5.0.tgz 2311ms (cache miss)
3566 http fetch GET 200 https://registry.npmjs.org/semver/-/semver-7.7.4.tgz 2375ms (cache miss)
3567 http fetch GET 200 https://registry.npmjs.org/axe-core/-/axe-core-4.11.1.tgz 2489ms (cache miss)
3568 http fetch GET 200 https://registry.npmjs.org/semver/-/semver-7.7.4.tgz 2398ms (cache miss)
3569 http fetch GET 200 https://registry.npmjs.org/semver/-/semver-7.7.4.tgz 2408ms (cache miss)
3570 http fetch GET 200 https://registry.npmjs.org/@supabase/storage-js/-/storage-js-2.98.0.tgz 2426ms (cache miss)
3571 http fetch GET 200 https://registry.npmjs.org/@supabase/supabase-js/-/supabase-js-2.98.0.tgz 2423ms (cache miss)
3572 http fetch GET 200 https://registry.npmjs.org/@tailwindcss/oxide-darwin-x64/-/oxide-darwin-x64-4.2.1.tgz 2445ms (cache miss)
3573 http fetch GET 200 https://registry.npmjs.org/@next/eslint-plugin-next/-/eslint-plugin-next-16.1.6.tgz 2513ms (cache miss)
3574 http fetch GET 200 https://registry.npmjs.org/fast-glob/-/fast-glob-3.3.1.tgz 2535ms (cache miss)
3575 http fetch GET 200 https://registry.npmjs.org/postcss/-/postcss-8.4.31.tgz 2502ms (cache miss)
3576 http fetch GET 200 https://registry.npmjs.org/@babel/traverse/-/traverse-7.29.0.tgz 2628ms (cache miss)
3577 http fetch GET 200 https://registry.npmjs.org/uri-js/-/uri-js-4.4.1.tgz 2564ms (cache miss)
3578 http fetch GET 200 https://registry.npmjs.org/@typescript-eslint/typescript-estree/-/typescript-estree-8.56.1.tgz 2678ms (cache miss)
3579 http fetch GET 200 https://registry.npmjs.org/eslint-plugin-react-hooks/-/eslint-plugin-react-hooks-7.0.1.tgz 2576ms (cache miss)
3580 http fetch GET 200 https://registry.npmjs.org/@supabase/functions-js/-/functions-js-2.98.0.tgz 2545ms (cache miss)
3581 http fetch GET 200 https://registry.npmjs.org/tsconfig-paths/-/tsconfig-paths-3.15.0.tgz 2606ms (cache miss)
3582 http fetch GET 200 https://registry.npmjs.org/@typescript-eslint/utils/-/utils-8.56.1.tgz 2704ms (cache miss)
3583 http fetch GET 200 https://registry.npmjs.org/es-iterator-helpers/-/es-iterator-helpers-1.2.2.tgz 2668ms (cache miss)
3584 http fetch GET 200 https://registry.npmjs.org/@types/node/-/node-20.19.37.tgz 2621ms (cache miss)
3585 http fetch GET 200 https://registry.npmjs.org/minimatch/-/minimatch-10.2.4.tgz 2642ms (cache miss)
3586 http fetch GET 200 https://registry.npmjs.org/@napi-rs/wasm-runtime/-/wasm-runtime-0.2.12.tgz 2814ms (cache miss)
3587 http fetch GET 200 https://registry.npmjs.org/jsx-ast-utils/-/jsx-ast-utils-3.3.5.tgz 2870ms (cache miss)
3588 http fetch GET 200 https://registry.npmjs.org/ajv/-/ajv-6.14.0.tgz 2837ms (cache miss)
3589 http fetch GET 200 https://registry.npmjs.org/resolve/-/resolve-1.22.11.tgz 2867ms (cache miss)
3590 http fetch GET 200 https://registry.npmjs.org/lightningcss-darwin-x64/-/lightningcss-darwin-x64-1.31.1.tgz 3124ms (cache miss)
3591 http fetch GET 200 https://registry.npmjs.org/react-dom/-/react-dom-19.2.3.tgz 3006ms (cache miss)
3592 http fetch GET 200 https://registry.npmjs.org/@babel/core/-/core-7.29.0.tgz 3114ms (cache miss)
3593 http fetch GET 200 https://registry.npmjs.org/resolve/-/resolve-2.0.0-next.6.tgz 3048ms (cache miss)
3594 http fetch GET 200 https://registry.npmjs.org/@supabase/realtime-js/-/realtime-js-2.98.0.tgz 3102ms (cache miss)
3595 http fetch GET 200 https://registry.npmjs.org/eslint-plugin-import/-/eslint-plugin-import-2.32.0.tgz 3140ms (cache miss)
3596 http fetch GET 200 https://registry.npmjs.org/axobject-query/-/axobject-query-4.1.0.tgz 3283ms (cache miss)
3597 http fetch GET 200 https://registry.npmjs.org/@babel/types/-/types-7.29.0.tgz 3413ms (cache miss)
3598 http fetch GET 200 https://registry.npmjs.org/@babel/helpers/-/helpers-7.28.6.tgz 3531ms (cache miss)
3599 http fetch GET 200 https://registry.npmjs.org/@img/sharp-libvips-darwin-x64/-/sharp-libvips-darwin-x64-1.2.4.tgz 3576ms (cache miss)
3600 http fetch GET 200 https://registry.npmjs.org/@swc/helpers/-/helpers-0.5.15.tgz 3592ms (cache miss)
3601 http fetch GET 200 https://registry.npmjs.org/aria-query/-/aria-query-5.3.2.tgz 3554ms (cache miss)
3602 http fetch GET 200 https://registry.npmjs.org/eslint-plugin-jsx-a11y/-/eslint-plugin-jsx-a11y-6.10.2.tgz 3547ms (cache miss)
3603 http fetch GET 200 https://registry.npmjs.org/@typescript-eslint/scope-manager/-/scope-manager-8.56.1.tgz 3724ms (cache miss)
3604 http fetch GET 200 https://registry.npmjs.org/@supabase/auth-js/-/auth-js-2.98.0.tgz 3603ms (cache miss)
3605 http fetch GET 200 https://registry.npmjs.org/eslint-plugin-react/-/eslint-plugin-react-7.37.5.tgz 3873ms (cache miss)
3606 http fetch GET 200 https://registry.npmjs.org/typescript/-/typescript-5.9.3.tgz 3854ms (cache miss)
3607 http fetch GET 200 https://registry.npmjs.org/@typescript-eslint/eslint-plugin/-/eslint-plugin-8.56.1.tgz 4113ms (cache miss)
3608 http fetch GET 200 https://registry.npmjs.org/eslint/-/eslint-9.39.4.tgz 3987ms (cache miss)
3609 http fetch GET 200 https://registry.npmjs.org/caniuse-lite/-/caniuse-lite-1.0.30001777.tgz 4439ms (cache miss)
3610 http fetch GET 200 https://registry.npmjs.org/zod/-/zod-4.3.6.tgz 4445ms (cache miss)
3611 http fetch GET 200 https://registry.npmjs.org/@next/swc-darwin-x64/-/swc-darwin-x64-16.1.6.tgz 4973ms (cache miss)
3612 http fetch GET 200 https://registry.npmjs.org/es-abstract/-/es-abstract-1.24.1.tgz 4910ms (cache miss)
3613 http fetch GET 200 https://registry.npmjs.org/next/-/next-16.1.6.tgz 8367ms (cache miss)
3614 info run sharp@0.34.5 install node_modules/sharp node install/check.js || npm run build
3615 info run sharp@0.34.5 install { code: 0, signal: null }
3616 info run unrs-resolver@1.11.1 postinstall node_modules/unrs-resolver napi-postinstall unrs-resolver 1.11.1 check
3617 info run unrs-resolver@1.11.1 postinstall { code: 0, signal: null }
3618 silly ADD node_modules/node-exports-info
3619 silly ADD node_modules/is-weakset
3620 silly ADD node_modules/is-weakmap
3621 silly ADD node_modules/is-map
3622 silly ADD node_modules/generator-function
3623 silly ADD node_modules/async-function
3624 silly ADD node_modules/which-collection
3625 silly ADD node_modules/is-generator-function
3626 silly ADD node_modules/is-finalizationregistry
3627 silly ADD node_modules/is-async-function
3628 silly ADD node_modules/is-number-object
3629 silly ADD node_modules/is-boolean-object
3630 silly ADD node_modules/is-bigint
3631 silly ADD node_modules/isexe
3632 silly ADD node_modules/punycode
3633 silly ADD node_modules/escalade
3634 silly ADD node_modules/@emnapi/wasi-threads
3635 silly ADD node_modules/@tybys/wasm-util
3636 silly ADD node_modules/@emnapi/core
3637 silly ADD node_modules/@napi-rs/wasm-runtime
3638 silly ADD node_modules/napi-postinstall
3639 silly ADD node_modules/@unrs/resolver-binding-darwin-x64
3640 silly ADD node_modules/which-boxed-primitive
3641 silly ADD node_modules/has-bigints
3642 silly ADD node_modules/@typescript-eslint/tsconfig-utils
3643 silly ADD node_modules/@typescript-eslint/project-service
3644 silly ADD node_modules/@typescript-eslint/types
3645 silly ADD node_modules/ts-api-utils
3646 silly ADD node_modules/@typescript-eslint/visitor-keys
3647 silly ADD node_modules/@typescript-eslint/visitor-keys/node_modules/eslint-visitor-keys
3648 silly ADD node_modules/@typescript-eslint/type-utils
3649 silly ADD node_modules/@typescript-eslint/scope-manager
3650 silly ADD node_modules/@typescript-eslint/utils
3651 silly ADD node_modules/@typescript-eslint/typescript-estree
3652 silly ADD node_modules/@typescript-eslint/typescript-estree/node_modules/balanced-match
3653 silly ADD node_modules/@typescript-eslint/typescript-estree/node_modules/brace-expansion
3654 silly ADD node_modules/@typescript-eslint/typescript-estree/node_modules/semver
3655 silly ADD node_modules/@typescript-eslint/typescript-estree/node_modules/minimatch
3656 silly ADD node_modules/@typescript-eslint/parser
3657 silly ADD node_modules/@typescript-eslint/eslint-plugin
3658 silly ADD node_modules/@typescript-eslint/eslint-plugin/node_modules/ignore
3659 silly ADD node_modules/which-builtin-type
3660 silly ADD node_modules/reflect.getprototypeof
3661 silly ADD node_modules/for-each
3662 silly ADD node_modules/strip-bom
3663 silly ADD node_modules/minimist
3664 silly ADD node_modules/@types/json5
3665 silly ADD node_modules/is-number
3666 silly ADD node_modules/fdir
3667 silly ADD node_modules/has-flag
3668 silly ADD node_modules/client-only
3669 silly ADD node_modules/side-channel-weakmap
3670 silly ADD node_modules/side-channel-map
3671 silly ADD node_modules/side-channel-list
3672 silly ADD node_modules/shebang-regex
3673 silly ADD node_modules/@emnapi/runtime
3674 silly ADD node_modules/@img/sharp-libvips-darwin-x64
3675 silly ADD node_modules/@img/sharp-darwin-x64
3676 silly ADD node_modules/@img/colour
3677 silly ADD node_modules/isarray
3678 silly ADD node_modules/queue-microtask
3679 silly ADD node_modules/supports-preserve-symlinks-flag
3680 silly ADD node_modules/path-parse
3681 silly ADD node_modules/scheduler
3682 silly ADD node_modules/react-is
3683 silly ADD node_modules/object-assign
3684 silly ADD node_modules/loose-envify
3685 silly ADD node_modules/nanoid
3686 silly ADD node_modules/callsites
3687 silly ADD node_modules/yocto-queue
3688 silly ADD node_modules/p-limit
3689 silly ADD node_modules/word-wrap
3690 silly ADD node_modules/fast-levenshtein
3691 silly ADD node_modules/deep-is
3692 silly ADD node_modules/styled-jsx
3693 silly ADD node_modules/sharp
3694 silly ADD node_modules/sharp/node_modules/semver
3695 silly ADD node_modules/@swc/helpers
3696 silly ADD node_modules/@next/swc-darwin-x64
3697 silly ADD node_modules/@next/env
3698 silly ADD node_modules/concat-map
3699 silly ADD node_modules/balanced-match
3700 silly ADD node_modules/brace-expansion
3701 silly ADD node_modules/to-regex-range
3702 silly ADD node_modules/fill-range
3703 silly ADD node_modules/picomatch
3704 silly ADD node_modules/braces
3705 silly ADD node_modules/yallist
3706 silly ADD node_modules/p-locate
3707 silly ADD node_modules/lightningcss-darwin-x64
3708 silly ADD node_modules/detect-libc
3709 silly ADD node_modules/type-check
3710 silly ADD node_modules/prelude-ls
3711 silly ADD node_modules/language-subtag-registry
3712 silly ADD node_modules/json-buffer
3713 silly ADD node_modules/argparse
3714 silly ADD node_modules/set-function-name
3715 silly ADD node_modules/is-extglob
3716 silly ADD node_modules/side-channel
3717 silly ADD node_modules/resolve-from
3718 silly ADD node_modules/parent-module
3719 silly ADD node_modules/hermes-estree
3720 silly ADD node_modules/resolve-pkg-maps
3721 silly ADD node_modules/dunder-proto
3722 silly ADD node_modules/functions-have-names
3723 silly ADD node_modules/keyv
3724 silly ADD node_modules/flatted
3725 silly ADD node_modules/path-exists
3726 silly ADD node_modules/locate-path
3727 silly ADD node_modules/flat-cache
3728 silly ADD node_modules/reusify
3729 silly ADD node_modules/run-parallel
3730 silly ADD node_modules/fastq
3731 silly ADD node_modules/@nodelib/fs.scandir
3732 silly ADD node_modules/micromatch
3733 silly ADD node_modules/merge2
3734 silly ADD node_modules/@nodelib/fs.walk
3735 silly ADD node_modules/@nodelib/fs.stat
3736 silly ADD node_modules/acorn-jsx
3737 silly ADD node_modules/acorn
3738 silly ADD node_modules/esrecurse
3739 silly ADD node_modules/update-browserslist-db
3740 silly ADD node_modules/node-releases
3741 silly ADD node_modules/electron-to-chromium
3742 silly ADD node_modules/caniuse-lite
3743 silly ADD node_modules/baseline-browser-mapping
3744 silly ADD node_modules/@babel/helper-string-parser
3745 silly ADD node_modules/@babel/helper-globals
3746 silly ADD node_modules/@babel/helper-module-imports
3747 silly ADD node_modules/lru-cache
3748 silly ADD node_modules/browserslist
3749 silly ADD node_modules/@babel/helper-validator-option
3750 silly ADD node_modules/@babel/compat-data
3751 silly ADD node_modules/jsesc
3752 silly ADD node_modules/picocolors
3753 silly ADD node_modules/js-tokens
3754 silly ADD node_modules/@babel/helper-validator-identifier
3755 silly ADD node_modules/json5
3756 silly ADD node_modules/gensync
3757 silly ADD node_modules/convert-source-map
3758 silly ADD node_modules/@babel/types
3759 silly ADD node_modules/@babel/traverse
3760 silly ADD node_modules/@babel/template
3761 silly ADD node_modules/@babel/helpers
3762 silly ADD node_modules/@babel/helper-module-transforms
3763 silly ADD node_modules/@babel/helper-compilation-targets
3764 silly ADD node_modules/@babel/generator
3765 silly ADD node_modules/@babel/code-frame
3766 silly ADD node_modules/zod-validation-error
3767 silly ADD node_modules/zod
3768 silly ADD node_modules/hermes-parser
3769 silly ADD node_modules/@babel/parser
3770 silly ADD node_modules/@babel/core
3771 silly ADD node_modules/iterator.prototype
3772 silly ADD node_modules/string.prototype.repeat
3773 silly ADD node_modules/string.prototype.matchall
3774 silly ADD node_modules/prop-types
3775 silly ADD node_modules/object.entries
3776 silly ADD node_modules/estraverse
3777 silly ADD node_modules/es-iterator-helpers
3778 silly ADD node_modules/array.prototype.tosorted
3779 silly ADD node_modules/array.prototype.findlast
3780 silly ADD node_modules/string.prototype.includes
3781 silly ADD node_modules/language-tags
3782 silly ADD node_modules/jsx-ast-utils
3783 silly ADD node_modules/emoji-regex
3784 silly ADD node_modules/damerau-levenshtein
3785 silly ADD node_modules/axobject-query
3786 silly ADD node_modules/axe-core
3787 silly ADD node_modules/ast-types-flow
3788 silly ADD node_modules/aria-query
3789 silly ADD node_modules/is-symbol
3790 silly ADD node_modules/is-date-object
3791 silly ADD node_modules/has-tostringtag
3792 silly ADD node_modules/possible-typed-array-names
3793 silly ADD node_modules/which-typed-array
3794 silly ADD node_modules/unbox-primitive
3795 silly ADD node_modules/typed-array-length
3796 silly ADD node_modules/typed-array-byte-offset
3797 silly ADD node_modules/typed-array-byte-length
3798 silly ADD node_modules/typed-array-buffer
3799 silly ADD node_modules/string.prototype.trimstart
3800 silly ADD node_modules/string.prototype.trim
3801 silly ADD node_modules/stop-iteration-iterator
3802 silly ADD node_modules/set-proto
3803 silly ADD node_modules/safe-regex-test
3804 silly ADD node_modules/safe-push-apply
3805 silly ADD node_modules/safe-array-concat
3806 silly ADD node_modules/regexp.prototype.flags
3807 silly ADD node_modules/own-keys
3808 silly ADD node_modules/object.assign
3809 silly ADD node_modules/object-inspect
3810 silly ADD node_modules/is-weakref
3811 silly ADD node_modules/is-typed-array
3812 silly ADD node_modules/is-shared-array-buffer
3813 silly ADD node_modules/is-set
3814 silly ADD node_modules/is-regex
3815 silly ADD node_modules/is-negative-zero
3816 silly ADD node_modules/is-data-view
3817 silly ADD node_modules/is-callable
3818 silly ADD node_modules/is-array-buffer
3819 silly ADD node_modules/internal-slot
3820 silly ADD node_modules/has-symbols
3821 silly ADD node_modules/has-proto
3822 silly ADD node_modules/globalthis
3823 silly ADD node_modules/get-symbol-description
3824 silly ADD node_modules/get-proto
3825 silly ADD node_modules/function.prototype.name
3826 silly ADD node_modules/es-to-primitive
3827 silly ADD node_modules/es-set-tostringtag
3828 silly ADD node_modules/data-view-byte-offset
3829 silly ADD node_modules/data-view-byte-length
3830 silly ADD node_modules/data-view-buffer
3831 silly ADD node_modules/available-typed-arrays
3832 silly ADD node_modules/arraybuffer.prototype.slice
3833 silly ADD node_modules/array-buffer-byte-length
3834 silly ADD node_modules/gopd
3835 silly ADD node_modules/object-keys
3836 silly ADD node_modules/has-property-descriptors
3837 silly ADD node_modules/define-data-property
3838 silly ADD node_modules/function-bind
3839 silly ADD node_modules/set-function-length
3840 silly ADD node_modules/es-define-property
3841 silly ADD node_modules/call-bind-apply-helpers
3842 silly ADD node_modules/es-shim-unscopables
3843 silly ADD node_modules/es-errors
3844 silly ADD node_modules/math-intrinsics
3845 silly ADD node_modules/is-string
3846 silly ADD node_modules/get-intrinsic
3847 silly ADD node_modules/es-object-atoms
3848 silly ADD node_modules/es-abstract
3849 silly ADD node_modules/define-properties
3850 silly ADD node_modules/call-bound
3851 silly ADD node_modules/call-bind
3852 silly ADD node_modules/tsconfig-paths
3853 silly ADD node_modules/tsconfig-paths/node_modules/json5
3854 silly ADD node_modules/string.prototype.trimend
3855 silly ADD node_modules/semver
3856 silly ADD node_modules/object.values
3857 silly ADD node_modules/object.groupby
3858 silly ADD node_modules/object.fromentries
3859 silly ADD node_modules/hasown
3860 silly ADD node_modules/eslint-module-utils
3861 silly ADD node_modules/eslint-module-utils/node_modules/debug
3862 silly ADD node_modules/doctrine
3863 silly ADD node_modules/array.prototype.flatmap
3864 silly ADD node_modules/array.prototype.flat
3865 silly ADD node_modules/array.prototype.findlastindex
3866 silly ADD node_modules/array-includes
3867 silly ADD node_modules/@rtsao/scc
3868 silly ADD node_modules/unrs-resolver
3869 silly ADD node_modules/tinyglobby
3870 silly ADD node_modules/tinyglobby/node_modules/picomatch
3871 silly ADD node_modules/stable-hash
3872 silly ADD node_modules/is-bun-module
3873 silly ADD node_modules/is-bun-module/node_modules/semver
3874 silly ADD node_modules/get-tsconfig
3875 silly ADD node_modules/@nolyfill/is-core-module
3876 silly ADD node_modules/resolve
3877 silly ADD node_modules/is-core-module
3878 silly ADD node_modules/fast-glob
3879 silly ADD node_modules/fast-glob/node_modules/glob-parent
3880 silly ADD node_modules/typescript-eslint
3881 silly ADD node_modules/eslint-plugin-react-hooks
3882 silly ADD node_modules/eslint-plugin-react
3883 silly ADD node_modules/eslint-plugin-react/node_modules/resolve
3884 silly ADD node_modules/eslint-plugin-jsx-a11y
3885 silly ADD node_modules/eslint-plugin-import
3886 silly ADD node_modules/eslint-plugin-import/node_modules/debug
3887 silly ADD node_modules/eslint-import-resolver-typescript
3888 silly ADD node_modules/eslint-import-resolver-node
3889 silly ADD node_modules/eslint-import-resolver-node/node_modules/debug
3890 silly ADD node_modules/@next/eslint-plugin-next
3891 silly ADD node_modules/ms
3892 silly ADD node_modules/which
3893 silly ADD node_modules/shebang-command
3894 silly ADD node_modules/path-key
3895 silly ADD node_modules/color-name
3896 silly ADD node_modules/color-convert
3897 silly ADD node_modules/supports-color
3898 silly ADD node_modules/ansi-styles
3899 silly ADD node_modules/uri-js
3900 silly ADD node_modules/json-schema-traverse
3901 silly ADD node_modules/fast-json-stable-stringify
3902 silly ADD node_modules/@humanfs/core
3903 silly ADD node_modules/levn
3904 silly ADD node_modules/strip-json-comments
3905 silly ADD node_modules/js-yaml
3906 silly ADD node_modules/import-fresh
3907 silly ADD node_modules/globals
3908 silly ADD node_modules/@types/json-schema
3909 silly ADD node_modules/@eslint/object-schema
3910 silly ADD node_modules/optionator
3911 silly ADD node_modules/natural-compare
3912 silly ADD node_modules/minimatch
3913 silly ADD node_modules/lodash.merge
3914 silly ADD node_modules/json-stable-stringify-without-jsonify
3915 silly ADD node_modules/is-glob
3916 silly ADD node_modules/imurmurhash
3917 silly ADD node_modules/ignore
3918 silly ADD node_modules/glob-parent
3919 silly ADD node_modules/find-up
3920 silly ADD node_modules/file-entry-cache
3921 silly ADD node_modules/fast-deep-equal
3922 silly ADD node_modules/esutils
3923 silly ADD node_modules/esquery
3924 silly ADD node_modules/espree
3925 silly ADD node_modules/eslint-visitor-keys
3926 silly ADD node_modules/eslint-scope
3927 silly ADD node_modules/escape-string-regexp
3928 silly ADD node_modules/debug
3929 silly ADD node_modules/cross-spawn
3930 silly ADD node_modules/chalk
3931 silly ADD node_modules/ajv
3932 silly ADD node_modules/@types/estree
3933 silly ADD node_modules/@humanwhocodes/retry
3934 silly ADD node_modules/@humanwhocodes/module-importer
3935 silly ADD node_modules/@humanfs/node
3936 silly ADD node_modules/@eslint/plugin-kit
3937 silly ADD node_modules/@eslint/js
3938 silly ADD node_modules/@eslint/eslintrc
3939 silly ADD node_modules/@eslint/core
3940 silly ADD node_modules/@eslint/config-helpers
3941 silly ADD node_modules/@eslint/config-array
3942 silly ADD node_modules/@eslint-community/regexpp
3943 silly ADD node_modules/@eslint-community/eslint-utils
3944 silly ADD node_modules/@eslint-community/eslint-utils/node_modules/eslint-visitor-keys
3945 silly ADD node_modules/tapable
3946 silly ADD node_modules/graceful-fs
3947 silly ADD node_modules/csstype
3948 silly ADD node_modules/undici-types
3949 silly ADD node_modules/@tailwindcss/oxide-darwin-x64
3950 silly ADD node_modules/@jridgewell/resolve-uri
3951 silly ADD node_modules/@jridgewell/sourcemap-codec
3952 silly ADD node_modules/@jridgewell/trace-mapping
3953 silly ADD node_modules/@jridgewell/gen-mapping
3954 silly ADD node_modules/source-map-js
3955 silly ADD node_modules/magic-string
3956 silly ADD node_modules/lightningcss
3957 silly ADD node_modules/jiti
3958 silly ADD node_modules/enhanced-resolve
3959 silly ADD node_modules/@jridgewell/remapping
3960 silly ADD node_modules/postcss
3961 silly ADD node_modules/@tailwindcss/oxide
3962 silly ADD node_modules/@tailwindcss/node
3963 silly ADD node_modules/@alloc/quick-lru
3964 silly ADD node_modules/iceberg-js
3965 silly ADD node_modules/ws
3966 silly ADD node_modules/@types/ws
3967 silly ADD node_modules/@types/phoenix
3968 silly ADD node_modules/tslib
3969 silly ADD node_modules/@supabase/storage-js
3970 silly ADD node_modules/@supabase/realtime-js
3971 silly ADD node_modules/@supabase/postgrest-js
3972 silly ADD node_modules/@supabase/functions-js
3973 silly ADD node_modules/@supabase/auth-js
3974 silly ADD node_modules/typescript
3975 silly ADD node_modules/tailwindcss
3976 silly ADD node_modules/tailwind-merge
3977 silly ADD node_modules/react-dom
3978 silly ADD node_modules/react
3979 silly ADD node_modules/next
3980 silly ADD node_modules/next/node_modules/postcss
3981 silly ADD node_modules/eslint-config-next
3982 silly ADD node_modules/eslint-config-next/node_modules/globals
3983 silly ADD node_modules/eslint
3984 silly ADD node_modules/clsx
3985 silly ADD node_modules/@types/react-dom
3986 silly ADD node_modules/@types/react
3987 silly ADD node_modules/@types/node
3988 silly ADD node_modules/@tailwindcss/postcss
3989 silly ADD node_modules/@supabase/supabase-js
3990 verbose cwd /Users/adamcraig/.gemini/antigravity/brain/***
3991 verbose os Darwin 24.6.0
3992 verbose node v22.21.1
3993 verbose npm  v11.6.2
3994 notice
3994 notice New [33mminor[39m version of npm available! [33m11.6.2[39m -> [34m11.11.0[39m
3994 notice Changelog: [34mhttps://github.com/npm/cli/releases/tag/v11.11.0[39m
3994 notice To update run: [4mnpm install -g npm@11.11.0[24m
3994 notice  { force: true, [Symbol(proc-log.meta)]: true }
3995 verbose exit 0
3996 info ok
